time,force_plate_1_fx,force_plate_1_fy,force_plate_1_fz,force_plate_2_fx,force_plate_2_fy,force_plate_2_fz,force_plate_3_fx,force_plate_3_fy,force_plate_3_fz,force_plate_4_fx,force_plate_4_fy,force_plate_4_fz
0.001,0.0,0.0,-0.09712871287128699,0.0,0.0,-0.09712871287128699,0.0,0.0,-0.09712871287128699,0.0,0.0,-0.09712871287128699
0.002,0.0,0.0,0.01827173806490201,0.0,0.0,0.01827173806490201,0.0,0.0,0.01827173806490201,0.0,0.0,0.01827173806490201
0.003,0.0,0.0,0.015796150833585543,0.0,0.0,0.015796150833585543,0.0,0.0,0.015796150833585543,0.0,0.0,0.015796150833585543
0.004,0.0,0.0,0.01264368940881333,0.0,0.0,0.01264368940881333,0.0,0.0,0.01264368940881333,0.0,0.0,0.01264368940881333
0.005,0.0,0.0,0.01010877604642424,0.0,0.0,0.01010877604642424,0.0,0.0,0.01010877604642424,0.0,0.0,0.01010877604642424
0.006,0.0,0.0,0.008081940063334514,0.0,0.0,0.008081940063334514,0.0,0.0,0.008081940063334514,0.0,0.0,0.008081940063334514
0.007,0.0,0.0,0.006461488209392741,0.0,0.0,0.006461488209392741,0.0,0.0,0.006461488209392741,0.0,0.0,0.006461488209392741
0.008,0.0,0.0,0.005165941515908656,0.0,0.0,0.005165941515908656,0.0,0.0,0.005165941515908656,0.0,0.0,0.005165941515908656
0.009,0.0,0.0,0.004130155604896046,0.0,0.0,0.004130155604896046,0.0,0.0,0.004130155604896046,0.0,0.0,0.004130155604896046
0.01,0.0,0.0,0.003302047703822808,0.0,0.0,0.003302047703822808,0.0,0.0,0.003302047703822808,0.0,0.0,0.003302047703822808
0.011,0.0,0.0,0.0026399777832466498,0.0,0.0,0.0026399777832466498,0.0,0.0,0.0026399777832466498,0.0,0.0,0.0026399777832466498
0.012,0.0,0.0,0.0021106547576454915,0.0,0.0,0.0021106547576454915,0.0,0.0,0.0021106547576454915,0.0,0.0,0.0021106547576454915
0.013,0.0,0.0,0.0016874624984559716,0.0,0.0,0.0016874624984559716,0.0,0.0,0.0016874624984559716,0.0,0.0,0.0016874624984559716
0.014,0.0,0.0,0.0013491214862835221,0.0,0.0,0.0013491214862835221,0.0,0.0,0.0013491214862835221,0.0,0.0,0.0013491214862835221
0.015,0.0,0.0,0.0010786188057299029,0.0,0.0,0.0010786188057299029,0.0,0.0,0.0010786188057299029,0.0,0.0,0.0010786188057299029
0.016,0.0,0.0,0.000862352679027012,0.0,0.0,0.000862352679027012,0.0,0.0,0.000862352679027012,0.0,0.0,0.000862352679027012
0.017,0.0,0.0,0.0006894485235253711,0.0,0.0,0.0006894485235253711,0.0,0.0,0.0006894485235253711,0.0,0.0,0.0006894485235253711
0.018,0.0,0.0,0.0005512121410848891,0.0,0.0,0.0005512121410848891,0.0,0.0,0.0005512121410848891,0.0,0.0,0.0005512121410848891
0.019,0.0,0.0,0.00044069254501089006,0.0,0.0,0.00044069254501089006,0.0,0.0,0.00044069254501089006,0.0,0.0,0.00044069254501089006
0.02,0.0,0.0,0.0003523324410785733,0.0,0.0,0.0003523324410785733,0.0,0.0,0.0003523324410785733,0.0,0.0,0.0003523324410785733
0.021,0.0,0.0,0.0002816887883447805,0.0,0.0,0.0002816887883447805,0.0,0.0,0.0002816887883447805,0.0,0.0,0.0002816887883447805
0.022,0.0,0.0,0.00022520938816050773,0.0,0.0,0.00022520938816050773,0.0,0.0,0.00022520938816050773,0.0,0.0,0.00022520938816050773
0.023,0.0,0.0,0.00018005426773726185,0.0,0.0,0.00018005426773726185,0.0,0.0,0.00018005426773726185,0.0,0.0,0.00018005426773726185
0.024,0.0,0.0,0.00014395287687385405,0.0,0.0,0.00014395287687385405,0.0,0.0,0.00014395287687385405,0.0,0.0,0.00014395287687385405
0.025,0.0,0.0,0.0001150899171911135,0.0,0.0,0.0001150899171911135,0.0,0.0,0.0001150899171911135,0.0,0.0,0.0001150899171911135
0.026,0.0,0.0,9.20140627016508e-05,0.0,0.0,9.20140627016508e-05,0.0,0.0,9.20140627016508e-05,0.0,0.0,9.20140627016508e-05
0.027,0.0,0.0,7.356498241684051e-05,0.0,0.0,7.356498241684051e-05,0.0,0.0,7.356498241684051e-05,0.0,0.0,7.356498241684051e-05
0.028,0.0,0.0,5.88149950182526e-05,0.0,0.0,5.88149950182526e-05,0.0,0.0,5.88149950182526e-05,0.0,0.0,5.88149950182526e-05
0.029,0.0,0.0,4.7022421862052965e-05,0.0,0.0,4.7022421862052965e-05,0.0,0.0,4.7022421862052965e-05,0.0,0.0,4.7022421862052965e-05
0.03,0.0,0.0,3.7594293042175764e-05,0.0,0.0,3.7594293042175764e-05,0.0,0.0,3.7594293042175764e-05,0.0,0.0,3.7594293042175764e-05
0.031,0.0,0.0,3.005653077359227e-05,0.0,0.0,3.005653077359227e-05,0.0,0.0,3.005653077359227e-05,0.0,0.0,3.005653077359227e-05
0.032,0.0,0.0,2.4030111200445958e-05,0.0,0.0,2.4030111200445958e-05,0.0,0.0,2.4030111200445958e-05,0.0,0.0,2.4030111200445958e-05
0.033,0.0,0.0,1.9212005812008215e-05,0.0,0.0,1.9212005812008215e-05,0.0,0.0,1.9212005812008215e-05,0.0,0.0,1.9212005812008215e-05
0.034,0.0,0.0,1.535994421786313e-05,0.0,0.0,1.535994421786313e-05,0.0,0.0,1.535994421786313e-05,0.0,0.0,1.535994421786313e-05
0.035,0.0,0.0,1.2280231880268389e-05,0.0,0.0,1.2280231880268389e-05,0.0,0.0,1.2280231880268389e-05,0.0,0.0,1.2280231880268389e-05
0.036,0.0,0.0,9.818010600071148e-06,0.0,0.0,9.818010600071148e-06,0.0,0.0,9.818010600071148e-06,0.0,0.0,9.818010600071148e-06
0.037,0.0,0.0,7.849471643339712e-06,0.0,0.0,7.849471643339712e-06,0.0,0.0,7.849471643339712e-06,0.0,0.0,7.849471643339712e-06
0.038,0.0,0.0,6.275630346053163e-06,0.0,0.0,6.275630346053163e-06,0.0,0.0,6.275630346053163e-06,0.0,0.0,6.275630346053163e-06
0.039,0.0,0.0,5.017348668090449e-06,0.0,0.0,5.017348668090449e-06,0.0,0.0,5.017348668090449e-06,0.0,0.0,5.017348668090449e-06
0.04,0.0,0.0,4.011356050881432e-06,0.0,0.0,4.011356050881432e-06,0.0,0.0,4.011356050881432e-06,0.0,0.0,4.011356050881432e-06
0.041,0.0,0.0,3.2070678059881175e-06,0.0,0.0,3.2070678059881175e-06,0.0,0.0,3.2070678059881175e-06,0.0,0.0,3.2070678059881175e-06
0.042,0.0,0.0,2.5640416083660966e-06,0.0,0.0,2.5640416083660966e-06,0.0,0.0,2.5640416083660966e-06,0.0,0.0,2.5640416083660966e-06
0.043,0.0,0.0,2.049944018978067e-06,0.0,0.0,2.049944018978067e-06,0.0,0.0,2.049944018978067e-06,0.0,0.0,2.049944018978067e-06
0.044,0.0,0.0,1.6389244201775455e-06,0.0,0.0,1.6389244201775455e-06,0.0,0.0,1.6389244201775455e-06,0.0,0.0,1.6389244201775455e-06
0.045,0.0,0.0,1.3103154437033027e-06,0.0,0.0,1.3103154437033027e-06,0.0,0.0,1.3103154437033027e-06,0.0,0.0,1.3103154437033027e-06
0.046,0.0,0.0,1.0475934821840838e-06,0.0,0.0,1.0475934821840838e-06,0.0,0.0,1.0475934821840838e-06,0.0,0.0,1.0475934821840838e-06
0.047,0.0,0.0,8.375480078370856e-07,0.0,0.0,8.375480078370856e-07,0.0,0.0,8.375480078370856e-07,0.0,0.0,8.375480078370856e-07
0.048,0.0,0.0,6.696172558662283e-07,0.0,0.0,6.696172558662283e-07,0.0,0.0,6.696172558662283e-07,0.0,0.0,6.696172558662283e-07
0.049,0.0,0.0,5.35357102648959e-07,0.0,0.0,5.35357102648959e-07,0.0,0.0,5.35357102648959e-07,0.0,0.0,5.35357102648959e-07
0.05,0.0,0.0,4.280165004644232e-07,0.0,0.0,4.280165004644232e-07,0.0,0.0,4.280165004644232e-07,0.0,0.0,4.280165004644232e-07
0.051,0.0,0.0,3.421979659634644e-07,0.0,0.0,3.421979659634644e-07,0.0,0.0,3.421979659634644e-07,0.0,0.0,3.421979659634644e-07
0.052,0.0,0.0,2.7358630916296534e-07,0.0,0.0,2.7358630916296534e-07,0.0,0.0,2.7358630916296534e-07,0.0,0.0,2.7358630916296534e-07
0.053,0.0,0.0,2.1873148448037227e-07,0.0,0.0,2.1873148448037227e-07,0.0,0.0,2.1873148448037227e-07,0.0,0.0,2.1873148448037227e-07
0.054,0.0,0.0,1.748752005426013e-07,0.0,0.0,1.748752005426013e-07,0.0,0.0,1.748752005426013e-07,0.0,0.0,1.748752005426013e-07
0.055,0.0,0.0,1.3981222579673158e-07,0.0,0.0,1.3981222579673158e-07,0.0,0.0,1.3981222579673158e-07,0.0,0.0,1.3981222579673158e-07
0.056,0.0,0.0,1.1177948522345105e-07,0.0,0.0,1.1177948522345105e-07,0.0,0.0,1.1177948522345105e-07,0.0,0.0,1.1177948522345105e-07
0.057,0.0,0.0,8.936737572184938e-08,0.0,0.0,8.936737572184938e-08,0.0,0.0,8.936737572184938e-08,0.0,0.0,8.936737572184938e-08
0.058,0.0,0.0,7.144895342037216e-08,0.0,0.0,7.144895342037216e-08,0.0,0.0,7.144895342037216e-08,0.0,0.0,7.144895342037216e-08
0.059,0.0,0.0,5.712324302464822e-08,0.0,0.0,5.712324302464822e-08,0.0,0.0,5.712324302464822e-08,0.0,0.0,5.712324302464822e-08
0.06,0.0,0.0,4.566986788745453e-08,0.0,0.0,4.566986788745453e-08,0.0,0.0,4.566986788745453e-08,0.0,0.0,4.566986788745453e-08
0.061,0.0,0.0,3.6512934897814375e-08,0.0,0.0,3.6512934897814375e-08,0.0,0.0,3.6512934897814375e-08,0.0,0.0,3.6512934897814375e-08
0.062,0.0,0.0,2.9191994599386817e-08,0.0,0.0,2.9191994599386817e-08,0.0,0.0,2.9191994599386817e-08,0.0,0.0,2.9191994599386817e-08
0.063,0.0,0.0,2.3338911248060867e-08,0.0,0.0,2.3338911248060867e-08,0.0,0.0,2.3338911248060867e-08,0.0,0.0,2.3338911248060867e-08
0.064,0.0,0.0,1.8659379819041533e-08,0.0,0.0,1.8659379819041533e-08,0.0,0.0,1.8659379819041533e-08,0.0,0.0,1.8659379819041533e-08
0.065,0.0,0.0,1.4918132507091286e-08,0.0,0.0,1.4918132507091286e-08,0.0,0.0,1.4918132507091286e-08,0.0,0.0,1.4918132507091286e-08
0.066,0.0,0.0,1.1927012266710335e-08,0.0,0.0,1.1927012266710335e-08,0.0,0.0,1.1927012266710335e-08,0.0,0.0,1.1927012266710335e-08
0.067,0.0,0.0,9.535598977095106e-09,0.0,0.0,9.535598977095106e-09,0.0,0.0,9.535598977095106e-09,0.0,0.0,9.535598977095106e-09
0.068,0.0,0.0,7.623690123637061e-09,0.0,0.0,7.623690123637061e-09,0.0,0.0,7.623690123637061e-09,0.0,0.0,7.623690123637061e-09
0.069,0.0,0.0,6.09512262883527e-09,0.0,0.0,6.09512262883527e-09,0.0,0.0,6.09512262883527e-09,0.0,0.0,6.09512262883527e-09
0.07,0.0,0.0,4.873026426821525e-09,0.0,0.0,4.873026426821525e-09,0.0,0.0,4.873026426821525e-09,0.0,0.0,4.873026426821525e-09
0.071,0.0,0.0,3.895960887234651e-09,0.0,0.0,3.895960887234651e-09,0.0,0.0,3.895960887234651e-09,0.0,0.0,3.895960887234651e-09
0.072,0.0,0.0,3.1148310597473028e-09,0.0,0.0,3.1148310597473028e-09,0.0,0.0,3.1148310597473028e-09,0.0,0.0,3.1148310597473028e-09
0.073,0.0,0.0,2.490283534939408e-09,0.0,0.0,2.490283534939408e-09,0.0,0.0,2.490283534939408e-09,0.0,0.0,2.490283534939408e-09
0.074,0.0,0.0,1.990990483591304e-09,0.0,0.0,1.990990483591304e-09,0.0,0.0,1.990990483591304e-09,0.0,0.0,1.990990483591304e-09
0.075,0.0016055252081353618,1.3893213744373332e-05,1197.419165755318,0.001605577316082254,-1.388694530834932e-05,1197.4320545090327,-0.0007298429977644202,-1.3892276368121588e-05,1197.4729452628385,-0.0007298628754790965,1.3880696916163834e-05,1197.4717762475332
0.076,2.558519298193445e-05,2.2134300121047223e-07,14.22676236666202,2.55859131999518e-05,-2.2124218159643906e-07,14.226915500369829,-1.163036145397521e-05,-2.2132409117967984e-07,14.227401331109055,-1.1630682755474441e-05,2.2113970008371158e-07,14.227387441819117
0.077,0.00117210747012302,1.4618796242570238e-07,1118.5471103750033,0.0011705061752170355,-1.6002939145226437e-05,1117.8662689645007,-0.0005320659265141988,-5.383283281651933e-07,1117.8814382179248,-0.000532732031502393,3.113117646756704e-05,1118.5731599611033
0.078,0.00028750666136480004,6.673234424633714e-06,709.0499567554416,0.0002857880826824125,-2.76499345917453e-06,707.575760086022,-0.000130785370481665,-5.876430314661019e-06,708.329005972743,-0.00013205709050555584,2.2519681142625632e-06,709.0239189611766
0.079,0.0003313462768942887,-5.086571965020992e-07,791.3626577822973,0.0003332763941849019,-2.0676445088137966e-06,793.7755523963452,-0.00014776281743857165,-5.098871521273915e-06,792.1246157297854,-0.0001511950909963562,-3.3757293683790146e-06,793.345945939823
0.08,8.691560705100855e-05,2.467936279539032e-06,600.8964914177162,8.178330380219064e-05,-1.3358736589101667e-06,594.8635279087736,-4.005376727224744e-05,-2.4839111246031545e-06,601.968278342905,-3.6758318758302756e-05,7.02629498018959e-07,596.1807653639721
0.081,-3.15969767453832e-05,7.381271557655604e-07,402.08524105220533,-3.0922684751562594e-05,-1.2800123944438676e-07,402.3012062354586,1.424351865771307e-05,-3.2487855094379075e-07,401.38995245899713,1.4530867631524147e-05,-2.6924118082490653e-07,400.07956321887514
0.082,-4.6945876778850646e-05,1.056360367502994e-08,273.7864952574624,-4.664280655346958e-05,3.3432457006588423e-07,273.44651965753485,2.123098442324286e-05,2.1400823179609057e-07,273.3038073555509,2.1231941230768158e-05,-5.076511499827428e-07,272.66211072712565
0.083,-3.429143935900576e-05,-1.7856431793910577e-07,173.88111176367397,-3.6366941791864625e-05,-3.851629949622523e-06,203.31430279713146,1.5456543534787066e-05,2.4116117184255064e-07,172.55802850348866,1.5896684540553878e-05,-4.222328684341215e-07,182.5592933861899
0.084,-1.5153789524005563e-05,-1.015514499794968e-07,98.06191981294127,-1.4437661966278028e-05,3.2098612144481504e-07,92.99483604738234,7.053919174685288e-06,1.331129185576684e-07,100.13792052087422,7.4341652016100655e-06,-1.9511442553890456e-07,103.40470948594698
0.085,5.806723619773848e-07,9.064551001158736e-09,44.1412440151086,1.0158552335041358e-06,1.0234769260395657e-08,42.48397386502779,1.283137682872137e-08,-4.046048232758246e-09,46.43439481038248,1.2077689694173612e-07,-1.7865690279158895e-09,47.20108402792714
0.086,1.0042753511415664e-05,8.926304519606179e-08,8.026227737008861,1.0316687567622308e-05,-1.886255835202808e-07,7.320841918036534,-4.34986354460171e-06,-1.0077559912701198e-07,9.70101460134652,-4.391668681727314e-06,1.1807979436162746e-07,9.567576583643843
0.087,1.0366057840032941e-05,9.283411342271838e-08,-0.46303144558193665,1.043952794007249e-05,-1.9379050326352006e-07,-0.4758773595037056,-4.714780948924425e-06,-1.0940939110266248e-07,-0.44426929756777334,-4.744897177410313e-06,1.274842163875722e-07,-0.44886500313366895
0.088,8.432021701764893e-06,7.554733392270353e-08,-0.4553941215310662,8.488678899842692e-06,-1.5771705235939937e-07,-0.45883945937871573,-3.839369907393354e-06,-8.912743923840709e-08,-0.45674353467214246,-3.863817175261829e-06,1.0379886153299567e-07,-0.45915353307511886
0.089,6.804333368300622e-06,6.097841530949906e-08,-0.3651414506921622,6.850413454749258e-06,-1.2733776452605835e-07,-0.3678114684108085,-3.098395496214933e-06,-7.194106839265163e-08,-0.366422777678574,-3.1182749695515756e-06,8.376573979010043e-08,-0.3683339080100225
0.09,5.480414805573879e-06,4.9122338155841274e-08,-0.2919426221305699,5.517811162457498e-06,-1.0260545035870701e-07,-0.2940762470323772,-2.495602115323348e-06,-5.7954749140471515e-08,-0.29296954688081556,-2.5117022861018736e-06,6.746748272454561e-08,-0.2944972962746508
0.091,4.407877912289638e-06,3.951596850544868e-08,-0.2334074610296213,4.438129417610748e-06,-8.255390565756881e-08,-0.2351132751308871,-2.0072500006145907e-06,-4.662132194467791e-08,-0.23422851551034363,-2.0202519569055906e-06,5.426277160487133e-08,-0.23544994442085532
0.092,3.5413087194970667e-06,3.174963420899122e-08,-0.1866086057651728,3.5657140879087918e-06,-6.634214264544413e-08,-0.1879723991453961,-1.6126595658407132e-06,-3.746092207441167e-08,-0.18726503688081308,-1.6231431891630412e-06,4.3596153058428526e-08,-0.18824156580426532
0.093,2.8425909849911565e-06,2.54914843016683e-08,-0.14919305160103136,2.862243936469902e-06,-5.326477847536891e-08,-0.15028340054239564,-1.2944824844143033e-06,-3.0075995263239125e-08,-0.1497178664229324,-1.302924077592363e-06,3.4997212143802564e-08,-0.15049859852998004
0.094,2.280137894447124e-06,2.0449392842184606e-08,-0.11927942203478636,2.2959458982730866e-06,-4.2735363809950287e-08,-0.12015115292398804,-1.0383633964948062e-06,-2.412868186319111e-08,-0.11969900999800487,-1.0451458491110275e-06,2.8068082864256644e-08,-0.12032320310546218
0.095,1.8279509097455663e-06,1.6391719391829274e-08,-0.09536355995293277,1.8406666776859982e-06,-3.4261770790087967e-08,-0.09606050632892504,-8.324470768370574e-07,-1.93441297292248e-08,-0.09569901934070124,-8.37903231300531e-07,2.2502458499459283e-08,-0.09619805996155684
0.096,1.4648038862918772e-06,1.3135629711593549e-08,-0.07624289598122047,1.4750015481197384e-06,-2.745983159943476e-08,-0.07680010263410608,-6.670681818796655e-07,-1.5503005410414106e-08,-0.07651109481128238,-6.714468913242249e-07,1.8033368737755994e-08,-0.07691007637367697
0.097,1.173377198398793e-06,1.0524540156469795e-08,-0.06095597931193808,1.1815581608730257e-06,-2.2002308530156264e-08,-0.06140146445213723,-5.343652678968071e-07,-1.2417918295110188e-08,-0.06117040351667846,-5.378615971859311e-07,1.4446765243549377e-08,-0.0614893881453451
0.098,9.396714100748086e-07,8.428091703009687e-09,-0.04873413274848204,9.462264332491539e-07,-1.7618067923137366e-08,-0.049090296855846205,-4.279262698363819e-07,-9.943428055830598e-09,-0.04890556429262993,-4.3074415719695586e-07,1.1569132659215443e-08,-0.049160591599445524
0.099,7.52336901652951e-07,6.748559124047524e-09,-0.038962801050136164,7.576034210886159e-07,-1.4109760608071963e-08,-0.03924755324480955,-3.4262360672177465e-07,-7.965242101509844e-09,-0.039099860083950944,-3.4487283952143726e-07,9.261282436196502e-09,-0.03930375369317041
0.1,6.022545091141966e-07,5.400539780027353e-09,-0.031150649043192757,6.064628313892097e-07,-1.1296223517254767e-08,-0.03137830761601812,-2.7426583120494957e-07,-6.373539061573252e-09,-0.03126022735239253,-2.760762004078746e-07,7.41312934432018e-09,-0.031423239715252294
0.101,4.820341709659688e-07,4.3239913715168124e-09,-0.024904855648422597,4.854045279503199e-07,-9.037936510123858e-09,-0.025086868032365928,-2.1952085272610157e-07,-5.102839287310125e-09,-0.024992463196154446,-2.2097068436517315e-07,5.9338251415540096e-09,-0.025122791118389998
0.102,2.6733880918189942e-05,2.7008556147894736e-07,153.04718421459248,2.6775129612088163e-05,-4.838915756565297e-07,153.202120403656,-1.2108076091405983e-05,2.2568605017525437e-07,152.70153231274125,-1.210929835851496e-05,6.083284466226614e-07,152.76515843375853
0.103,7.006190294888422e-06,2.6325038942190395e-07,83.67427012417015,6.842951230235035e-06,9.880903586915937e-08,82.61989555223545,-3.131209046205096e-06,-2.4037415948285633e-08,82.87817945419148,-3.1905013029899385e-06,1.9293871802300673e-07,83.7560927701347
0.104,5.6970395678993075e-06,-7.178472499228492e-08,78.67751030636317,5.69823259374951e-06,-4.1741322819185184e-08,78.64573574016376,-2.600512609931445e-06,-1.1044372986801336e-07,78.78948852799714,-2.5880677762993226e-06,-1.7336428787042826e-08,78.64923003340144
0.105,4.736570303541571e-06,-9.49108355344422e-08,73.1906349747485,4.706557388646105e-06,5.760394694397079e-08,72.88355942210208,-2.1440329387018337e-06,-9.482349118527438e-10,72.99526870085765,-2.1482479097379182e-06,9.135399541090428e-08,73.10017817866299
0.106,4.061862420761193e-06,5.349867707152496e-09,68.29645791928937,4.029783108934763e-06,4.145284299322901e-09,67.93050293881188,-1.8362330646360455e-06,-2.8937106321934754e-08,68.01430241578309,-1.8424002777525316e-06,7.654119329472496e-08,68.21484766544351
0.107,3.5960943146641184e-06,9.095666467289002e-08,64.0959929552257,3.585601250582491e-06,-1.8986693548850345e-08,63.91812687773567,-1.6338931793623256e-06,-6.642038076585321e-08,64.00818648169695,-1.6300956131257759e-06,-3.8780126844549355e-08,63.98326151812027
0.108,3.298634663332215e-06,1.573376109068268e-07,60.858244898267955,3.281086288228703e-06,-2.6998789666618058e-08,60.56491269121608,-1.494156109581377e-06,-5.8934824824601624e-08,60.6509307308701,-1.4943139962982562e-06,-3.244358157167785e-08,60.731318553025645
0.109,3.089962051407675e-06,3.80119323036102e-08,58.157750632064946,3.0945414165359847e-06,-7.360720034988501e-08,58.156404926031215,-1.4087317281909573e-06,-4.905931437175603e-08,58.240366396647005,-1.3993154418873694e-06,5.494684525544162e-09,58.01664752159037
0.11,2.9627013514548787e-06,3.307651886277378e-08,56.241614204996736,2.9657549587500967e-06,-3.945899727751126e-08,56.23537587541115,-1.3513100821414223e-06,-4.905365506960957e-08,56.323440499210975,-1.3433232154516909e-06,1.6301752459610966e-08,56.10184728546912
0.111,2.889218860536162e-06,2.744229571233589e-08,54.94474712269063,2.879145878751181e-06,-3.360923543173677e-08,54.77882660914949,-1.3114572387788758e-06,-2.0012821860496398e-08,54.87233133967955,-1.309159457794627e-06,4.566773849193131e-08,54.80329403954687
0.112,2.8428369343547845e-06,1.816803267617533e-08,54.04151033480071,2.829642940564103e-06,-2.8641342810903122e-08,53.79963671739023,-1.2889278362598886e-06,-1.922497084652662e-08,53.90460991806038,-1.2887111255846302e-06,5.8118360287827884e-08,53.89703062668363
0.113,2.8094046783126796e-06,2.6934731547594783e-08,53.311132738696394,2.813525094068868e-06,-6.461818877811435e-08,53.3205984056513,-1.2813237619577986e-06,-4.363970257489012e-08,53.43049066011107,-1.273427328987839e-06,1.5840897624871306e-08,53.170544584711
0.114,2.803620766735365e-06,4.022515164571698e-08,53.007935699620226,2.801198305980885e-06,-3.608932711721358e-08,52.93537540806582,-1.275612630574354e-06,-3.079529805918479e-08,53.039044700781524,-1.2710044385786925e-06,1.8940103793102954e-08,52.86855148395955
0.115,2.806476928405453e-06,3.0040992161050075e-08,52.86967670922637,2.801146797689851e-06,-3.891418862720002e-08,52.75731357689983,-1.2756623036959245e-06,-1.8779578610628452e-08,52.86951437203413,-1.2721732346965935e-06,2.400182482924854e-08,52.72705562370009
0.116,2.816301009782402e-06,3.3142378243508196e-08,52.86325702482725,2.8066339052275952e-06,-3.7162328051891856e-08,52.69488206293386,-1.2781818673764844e-06,-2.0892946028727774e-08,52.79925607425684,-1.2758620418914918e-06,3.9429444985047964e-08,52.72298933270819
0.117,2.8259483885128074e-06,2.7430903700337106e-08,52.904455258888184,2.8179678996341224e-06,-3.056924741509846e-08,52.75883196896622,-1.2841801583523595e-06,-3.38709655389906e-08,52.877517845270255,-1.2811833748150995e-06,3.4798960969478925e-08,52.76665391014942
0.118,2.8351223579773768e-06,1.878124951198797e-08,52.95218100826746,2.8348325944412947e-06,-4.3028214859505814e-08,52.91319486354393,-1.291269124046415e-06,-3.72911461161326e-08,53.027735256011525,-1.2853095757584112e-06,2.7997594034694886e-08,52.815773008615864
0.119,2.8507207514389783e-06,3.408013536880668e-08,53.10473504144371,2.8458332155018033e-06,-3.260899683607751e-08,53.019612033941996,-1.2964165491543393e-06,-5.042756430092414e-08,53.13781391243372,-1.2926418972023036e-06,4.1631707910062874e-08,52.967534597109875
0.12,2.8644836316634664e-06,3.743494356971899e-08,53.26428872995173,2.857021657852781e-06,-4.361397846506284e-08,53.135885964088885,-1.3013683190138192e-06,-2.6154543138218117e-08,53.24821452712724,-1.2989553913103548e-06,3.822727748153581e-08,53.135189164088395
0.121,2.875851860123716e-06,2.9242916542893147e-08,53.401951475562186,2.8683927110656153e-06,-3.210620511043966e-08,53.26671653917236,-1.3066926714262574e-06,-2.9730784739189004e-08,53.378155624492734,-1.3043105710121658e-06,3.643413820024967e-08,53.27693050968054
0.122,2.8861380745848356e-06,4.004683230526153e-08,53.53016347618691,2.8781957687032217e-06,-3.6677671131268246e-08,53.389544346724655,-1.3107080734007355e-06,-3.9254069271263996e-08,53.4976393315625,-1.3087926439754793e-06,4.14079568366921e-08,53.40643850224111
0.123,2.8954516559574786e-06,2.7941260449084602e-08,53.65487101922449,2.886188160166263e-06,-2.0090669322739228e-08,53.49555432924119,-1.3147683686255805e-06,-3.481015364498216e-08,53.611488326009635,-1.3130093911875863e-06,3.520243854255168e-08,53.52576769283966
0.124,2.8996069835592304e-06,4.363830193608821e-08,53.71437706848847,2.8961811133254045e-06,-4.821316887974508e-08,53.6374840013831,-1.318926195750054e-06,-3.390508430908923e-08,53.74205631333057,-1.3150876570190582e-06,2.17569012646738e-08,53.59397236233587
0.125,2.9057393837185916e-06,3.8296929755193e-08,53.808710210012805,2.9016858576983036e-06,-3.7137841534112166e-08,53.72185949510682,-1.3215668383208082e-06,-3.711292670924175e-08,53.82901247411396,-1.3177344726649342e-06,2.805902806832964e-08,53.68384802247553
0.126,2.909956818743186e-06,2.8069710873501555e-08,53.8723253047884,2.9062378952695125e-06,-4.051178221382557e-08,53.79792976325739,-1.323616637493908e-06,-3.4870979384384026e-08,53.90432296192833,-1.3199441875975607e-06,3.63649913640255e-08,53.754496115619524
0.127,2.9135937076924254e-06,3.509182887268896e-08,53.93494909960726,2.910329378205372e-06,-4.227431339456679e-08,53.864041841504026,-1.3253172302851772e-06,-3.281799064457488e-08,53.96356151334037,-1.3217271674084219e-06,3.1799764445605026e-08,53.822570407852886
0.128,2.916561366161347e-06,3.139905115780714e-08,53.98108345692508,2.9133359665771436e-06,-3.591168144635507e-08,53.91848266877088,-1.3268177501886435e-06,-3.801870508275661e-08,54.02620817915889,-1.3227203759563129e-06,3.017236173797388e-08,53.865277160730265
0.129,2.9181892397635095e-06,2.8609982298560112e-08,54.0152197663877,2.916645550526284e-06,-4.1670847539441274e-08,53.978687210072465,-1.3281901235344627e-06,-3.483539059342323e-08,54.079231736881496,-1.3235747543252293e-06,2.910593016822734e-08,53.905222982116236
0.13,2.9208580899292605e-06,2.973107627469689e-08,54.06646044884444,2.9180731049698907e-06,-3.803148943620122e-08,54.010134490143024,-1.3288500796710178e-06,-3.3992893284242804e-08,54.10727455383104,-1.3250418633021408e-06,3.394174284775199e-08,53.95490069602867
0.131,2.9220087348151784e-06,3.133511658302308e-08,54.09332246284172,2.9200515445768436e-06,-4.042586910298067e-08,54.05158621477191,-1.3298718730781944e-06,-3.7176346437117334e-08,54.146698936703274,-1.3256393146684654e-06,3.3281314641977884e-08,53.99210030938053
0.132,2.92584946863248e-06,4.167510090316471e-08,54.16027106379437,2.919550759119799e-06,-3.435467113780063e-08,54.05414686858111,-1.3294575532554272e-06,-3.6295813586576675e-08,54.152793328004904,-1.327548089247176e-06,3.7679478268543024e-08,54.05685680619476
0.133,2.9258772998951683e-06,3.7945039661227e-08,54.171913164578314,2.9216816776410666e-06,-3.813047467064684e-08,54.093812247523026,-1.33027512563215e-06,-4.2629363710234794e-08,54.18936288834804,-1.327430408159661e-06,3.558667633648686e-08,54.06710516322308
0.134,2.927400621431717e-06,3.8987199543169656e-08,54.20114360902424,2.92287256929521e-06,-4.225036183324575e-08,54.11734289782375,-1.3308090892581742e-06,-3.673207464596595e-08,54.212341268911516,-1.3283404942555145e-06,3.7699179621295053e-08,54.10226270214362
0.135,2.9281575177364944e-06,3.361249712904383e-08,54.21963838366078,2.924744055541573e-06,-3.599072201976855e-08,54.152737631613945,-1.331544921639596e-06,-3.670886598543313e-08,54.24378831381901,-1.3285634454144995e-06,3.243684861606426e-08,54.122288183080684
0.136,2.9281703301981506e-06,3.497915253063997e-08,54.23077297765758,2.9263296349110068e-06,-3.843141061911355e-08,54.18491877915294,-1.3320404883317756e-06,-4.131800927421951e-08,54.26710168291916,-1.3289718681081173e-06,3.524128113475622e-08,54.14209913786489
0.137,2.930586333554514e-06,3.202225894227842e-08,54.2693123823277,2.926247653243316e-06,-3.6396576721780626e-08,54.19267678752361,-1.33240751905714e-06,-3.415030085077191e-08,54.285445938277334,-1.3301003907796872e-06,3.799107728418747e-08,54.17885684325743
0.138,2.931708772811739e-06,3.61870527246823e-08,54.292312442164516,2.9276573461693736e-06,-3.695986982159963e-08,54.21971986544854,-1.3329334702173428e-06,-3.784205608058589e-08,54.30601964526848,-1.33054594094874e-06,3.621591158577313e-08,54.204916443149386
0.139,2.9315582203344515e-06,3.143746962902623e-08,54.29719085770928,2.9299850101434462e-06,-3.9266335562846405e-08,54.25837717355921,-1.3337935979455973e-06,-3.838332933748139e-08,54.34200897105747,-1.3304676441759077e-06,3.3352693644048244e-08,54.21083208149301
0.14,2.9339118526236926e-06,3.5823640061598044e-08,54.33571486839878,2.9304752646929646e-06,-3.7297884965903325e-08,54.27219611041373,-1.3339328521298173e-06,-3.689438073687291e-08,54.351010298080695,-1.3314889919065432e-06,3.662665199094369e-08,54.24699838579525
0.141,2.934738684800237e-06,3.359959615422543e-08,54.35348366621112,2.931269573174604e-06,-3.833737474906201e-08,54.29002899791702,-1.3343633779222113e-06,-3.7114409394347384e-08,54.37178709844156,-1.3319763758289654e-06,3.7882095080136565e-08,54.2664438283622
0.142,2.9358875927402e-06,3.482668307447353e-08,54.374907694885934,2.9323362880572342e-06,-3.901471240828486e-08,54.311294304398416,-1.3348680604547587e-06,-3.6185087044594856e-08,54.39581518821524,-1.3325105949146842e-06,3.670881250116583e-08,54.294021002330595
0.143,2.9376014054487627e-06,3.676930985393628e-08,54.40620707017905,2.9331445054902736e-06,-3.777943499089437e-08,54.32806647763225,-1.3352999937559058e-06,-3.547036732277463e-08,54.41222672618393,-1.3331270992495852e-06,3.6844955247726226e-08,54.31978878223718
0.144,2.938215300541211e-06,3.461695608424317e-08,54.419912993837215,2.9345821654637982e-06,-3.877946345314634e-08,54.35408715763711,-1.3357256173630924e-06,-3.6415852820842416e-08,54.430845282439975,-1.3337002490147748e-06,3.7554216604031645e-08,54.34030775286959
0.145,2.939522898888936e-06,3.8210207307602085e-08,54.444809760126134,2.9352929395315136e-06,-3.6639692486768113e-08,54.370475675041604,-1.3361524194085252e-06,-3.6427826724406655e-08,54.448726866584394,-1.334183279536469e-06,3.5112908817745e-08,54.362440102774
0.146,2.940148308724621e-06,3.521496248617982e-08,54.459320135587376,2.9368001988894706e-06,-3.755237809054672e-08,54.3965063505856,-1.3366427527144292e-06,-3.677455211451528e-08,54.46996691773158,-1.3346354407347822e-06,3.624048014764023e-08,54.38321925277975
0.147,2.9409186770093927e-06,3.351184340456737e-08,54.47464049566794,2.9379139137763076e-06,-3.748501494278541e-08,54.41681110597031,-1.337151819286621e-06,-3.773378101688461e-08,54.4907707621925,-1.3349543623520559e-06,3.744145030460177e-08,54.39674397896091
0.148,2.941793016898731e-06,3.520866291363234e-08,54.49234999544878,2.939118822716271e-06,-3.895388480871717e-08,54.43882776989791,-1.337704359733916e-06,-3.5689751467871295e-08,54.511923645319214,-1.335486005639444e-06,3.55204505662117e-08,54.42051327177181
0.149,2.942936510666139e-06,3.623621847497667e-08,54.513417447291374,2.939886524707526e-06,-3.6977884284260477e-08,54.45561883499629,-1.337867233270735e-06,-3.761167037829002e-08,54.52206824745214,-1.3360630244647953e-06,3.733041255672915e-08,54.44364852561448
0.15,2.9434851070262167e-06,3.6076872427517194e-08,54.52620133441684,2.9408499871056793e-06,-3.752814433776599e-08,54.47430491354902,-1.3382742410659538e-06,-3.75402362811627e-08,54.53878013333261,-1.3365126848086222e-06,3.648322128773551e-08,54.46221129886307
0.151,2.945087497342535e-06,3.738643782647735e-08,54.55244239388554,2.9415829492885026e-06,-3.684131363835132e-08,54.48981964354037,-1.3386822039886648e-06,-3.6953337821737584e-08,54.556718376592016,-1.3371310507740052e-06,3.6947789161991e-08,54.48527525186627
0.152,2.9458244577347756e-06,3.689228289867954e-08,54.5679069729033,2.942812723434497e-06,-3.7996310016237255e-08,54.5114244257682,-1.3390769203701116e-06,-3.785640923039544e-08,54.574568493519635,-1.3373680531886962e-06,3.6417328756665596e-08,54.49978794673049
0.153,2.9463986815689275e-06,3.6371384220047134e-08,54.58091556507304,2.943635869449521e-06,-3.853811138929232e-08,54.5277126493927,-1.3395709142505075e-06,-3.6823155186413626e-08,54.593175680536845,-1.3377531572122922e-06,3.657671544024667e-08,54.51545872064469
0.154,2.9474158668192466e-06,3.720541840911072e-08,54.59901359950811,2.9445357679488533e-06,-3.852357395923863e-08,54.545106162799314,-1.3399001778484778e-06,-3.732311705379051e-08,54.6074498900262,-1.3381884118716593e-06,3.7302733611227694e-08,54.5346521704752
0.155,2.94791382057621e-06,3.594282118724376e-08,54.61048124690883,2.9452409494090047e-06,-3.8782396854651363e-08,54.559647620505515,-1.3402691691871256e-06,-3.7445138552151185e-08,54.62208287037572,-1.338480892038283e-06,3.7148808253853077e-08,54.54784182458455
0.156,2.9487591262701415e-06,3.5339612694548904e-08,54.62626075004886,2.94635934141064e-06,-3.872500050924552e-08,54.5799012754601,-1.3407061200821443e-06,-3.7337451260090076e-08,54.64027410499655,-1.3389121778304282e-06,3.771067140012241e-08,54.56498548929186
0.157,2.9498029182353116e-06,3.6584169903637416e-08,54.64524544967577,2.9469467695646926e-06,-3.67436727549277e-08,54.59218797244034,-1.340832085776947e-06,-3.727676231047419e-08,54.649113776042256,-1.3394562116920887e-06,3.79903964229701e-08,54.58657018926215
0.158,2.950429468381387e-06,3.662723925596901e-08,54.6579888932888,2.9475024005567653e-06,-3.809809215199468e-08,54.60431294340722,-1.3412553139022097e-06,-3.7110739160816617e-08,54.66562346301204,-1.339645384975915e-06,3.711314025619118e-08,54.596773425792406
0.159,2.9510958621034346e-06,3.641692610105206e-08,54.671311980363,2.9484476449711902e-06,-3.828990192342822e-08,54.621230986011895,-1.3415826466269771e-06,-3.7433398877948594e-08,54.67869514528216,-1.3400074060893618e-06,3.734388143188615e-08,54.61249576073135
0.16,2.951776717979721e-06,3.6390325363126715e-08,54.68472496243467,2.9493777991398203e-06,-3.851716632812822e-08,54.63820565718983,-1.3419760202474555e-06,-3.819218075377829e-08,54.695460939115634,-1.3403652119709319e-06,3.768007756040604e-08,54.62693978975345
0.161,2.9522307980972627e-06,3.649282238752805e-08,54.694727860559865,2.9502416577045865e-06,-3.9047772941178e-08,54.654165885768876,-1.3422525426183271e-06,-3.7626093978725966e-08,54.70800125237395,-1.3406035519153896e-06,3.6580523646005816e-08,54.638650228875846
0.162,2.95291687206165e-06,3.5845998642270946e-08,54.707560793545994,2.9510529061275306e-06,-3.820665433297578e-08,54.66949299151466,-1.342460183486631e-06,-3.723249302926487e-08,54.71816259425334,-1.3409098870115782e-06,3.708904095607463e-08,54.65192251634875
0.163,2.95346300568886e-06,3.5913336688684386e-08,54.71853766584732,2.9516451449644615e-06,-3.854578864168374e-08,54.68188832454615,-1.3428890453579166e-06,-3.780018237692191e-08,54.734142684587354,-1.34133176418488e-06,3.766925853423538e-08,54.66886311516072
0.164,2.9542711575079014e-06,3.718026668139823e-08,54.733365264231324,2.9520624309544676e-06,-3.8348965385790394e-08,54.6914774149343,-1.3430851061144569e-06,-3.8030426343883585e-08,54.743894285801474,-1.3416227171390541e-06,3.7415318927505746e-08,54.6807855305337
0.165,2.9547946111829364e-06,3.594307952942083e-08,54.743695616008765,2.9526129007354246e-06,-3.857157987749174e-08,54.70286028631497,-1.3433524406905919e-06,-3.7299356715021635e-08,54.755303720335704,-1.3418742636856488e-06,3.779725961374961e-08,54.69249716377581
0.166,2.955420957042463e-06,3.648791236260885e-08,54.75569597850624,2.953381633602948e-06,-3.831148865884944e-08,54.71669954969053,-1.3435422474592235e-06,-3.74983189172285e-08,54.76412275995972,-1.342236441958904e-06,3.806114309752155e-08,54.707031767246534
0.167,2.9558752742798714e-06,3.631070867088947e-08,54.764874978957835,2.9540554824214958e-06,-3.806040275352664e-08,54.729520365358894,-1.3438092585906116e-06,-3.803445004487263e-08,54.77488227174243,-1.3424540059843507e-06,3.7211485871104685e-08,54.71687491806361
0.168,2.9564520801238415e-06,3.658818903712411e-08,54.776294879133175,2.9545136400186497e-06,-3.849751140505886e-08,54.73907680750476,-1.344159236683291e-06,-3.75013108149809e-08,54.788842126060004,-1.342749400013546e-06,3.724802996821773e-08,54.729159939858604
0.169,2.9570020590296595e-06,3.6646544105546404e-08,54.78692360205213,2.9550415760084014e-06,-3.8462908033240037e-08,54.74964476572467,-1.344395561279524e-06,-3.779642136573736e-08,54.799049067227514,-1.3429966658837253e-06,3.739925541727654e-08,54.74006331084617
0.17,2.9574999130259455e-06,3.680091710429962e-08,54.79685964474264,2.955687496032181e-06,-3.833197002923963e-08,54.76156175883527,-1.344467476564288e-06,-3.712655589726445e-08,54.804267048308134,-1.343294097688578e-06,3.7751086647612195e-08,54.75263321391216
0.171,2.958062124760019e-06,3.643969417109499e-08,54.80732356184829,2.9562791878114973e-06,-3.843454953885493e-08,54.77284574063273,-1.3447729414126205e-06,-3.779970743494433e-08,54.81627989348121,-1.3434808221594065e-06,3.733169975512315e-08,54.761052213267405
0.172,2.9585406997769114e-06,3.641892115597599e-08,54.81647745001442,2.9566229657626142e-06,-3.8546604890960526e-08,54.780675126708104,-1.3450592730728787e-06,-3.7382329694403816e-08,54.82762960969927,-1.3436010194174353e-06,3.7296745337236475e-08,54.76784678490591
0.173,2.9588391763084574e-06,3.6530073538784446e-08,54.82325798233521,2.957358637609616e-06,-3.907601189059687e-08,54.793603948219484,-1.345269059406105e-06,-3.790453183109834e-08,54.83694930219538,-1.3439490970278374e-06,3.7163679162380214e-08,54.78097541541369
0.174,2.9593703245507352e-06,3.707976097344347e-08,54.833265888930356,2.957767194261413e-06,-3.851083316670214e-08,54.80215069891254,-1.3454126616873706e-06,-3.742887688586865e-08,54.84361638233641,-1.344205031508987e-06,3.741428288788761e-08,54.79194669715018
0.175,2.9599458801364195e-06,3.668837448767085e-08,54.843719422288245,2.9581296710723123e-06,-3.867798110422794e-08,54.809925397540525,-1.3456804942979382e-06,-3.7687059435366796e-08,54.85455487761591,-1.344372830221949e-06,3.74716224928982e-08,54.79951971398768
0.176,2.9603537523387408e-06,3.6864445639785854e-08,54.851849441229064,2.9586795589229084e-06,-3.8368925401567637e-08,54.82007708465571,-1.345831114749746e-06,-3.7735438017787176e-08,54.86164867901003,-1.344662941274416e-06,3.7634192339269504e-08,54.811177801364934
0.177,2.960780760519366e-06,3.7092843242949656e-08,54.86030021873037,2.9590780644314958e-06,-3.848563227854658e-08,54.82816328895983,-1.346007933097005e-06,-3.7717921380770584e-08,54.869643271417544,-1.344780398084763e-06,3.722703680826617e-08,54.817707861991906
0.178,2.961215509606035e-06,3.6744037336280845e-08,54.868457178007304,2.9596454629605493e-06,-3.8657401574290905e-08,54.83856529372245,-1.3462280835554785e-06,-3.767194300357117e-08,54.87803827686092,-1.3450469422029187e-06,3.760467943622001e-08,54.82801940121652
0.179,2.9616448366008718e-06,3.694311853826251e-08,54.876688543976655,2.9599355534955574e-06,-3.813987536074344e-08,54.84504294034883,-1.3463241191620197e-06,-3.746535539013815e-08,54.883385842442365,-1.3452633385526774e-06,3.768629855104862e-08,54.83734573368977
0.18,2.961923894264825e-06,3.674530368053826e-08,54.88289010060987,2.9603685012049147e-06,-3.836769351452973e-08,54.85341526309098,-1.3465480855011119e-06,-3.7725084834404734e-08,54.89220543111547,-1.3454340732188218e-06,3.7469432872103887e-08,54.844612530005435
0.181,2.962225676567162e-06,3.674112269080184e-08,54.88908957025356,2.960799868325368e-06,-3.835454970001861e-08,54.86152394757589,-1.346703106191317e-06,-3.771634162625337e-08,54.899016876969256,-1.3455597095724881e-06,3.729739436524015e-08,54.85126089843949
0.182,2.962610642096109e-06,3.6653050475022986e-08,54.89661527766688,2.9611829108247456e-06,-3.833863783849831e-08,54.86904332448614,-1.3468861152143183e-06,-3.778326434738176e-08,54.906701265352666,-1.3457931008013252e-06,3.7428542556592725e-08,54.86013089265185
0.183,2.9629619923308668e-06,3.6988924499519314e-08,54.90337467925241,2.961548984601015e-06,-3.85434480886846e-08,54.87624425634695,-1.347012828303605e-06,-3.762718246404371e-08,54.91237995142811,-1.3459122236731262e-06,3.746537821671742e-08,54.86597132804607
0.184,2.9633515334387636e-06,3.714455600036889e-08,54.91071345046811,2.9618484193448777e-06,-3.8223534717044296e-08,54.88252160623266,-1.3471390450982061e-06,-3.782285305380523e-08,54.918455102590315,-1.3461522036891158e-06,3.768771788620538e-08,54.87543937087099
0.185,2.9636108159744384e-06,3.681721016738631e-08,54.91598291031964,2.962245753331381e-06,-3.856302614407436e-08,54.89010948278195,-1.3472692533024797e-06,-3.76436916820366e-08,54.924079381247864,-1.3462925067168803e-06,3.7665645790302516e-08,54.88165096447622
0.186,2.9638087382417826e-06,3.701229849113888e-08,54.92060020881175,2.9627056376974093e-06,-3.8840865766173075e-08,54.898366814988336,-1.3474534795966463e-06,-3.7774663500655474e-08,54.93124301210345,-1.346406298785719e-06,3.733548521219374e-08,54.887274685384554
0.187,2.9641793102341725e-06,3.664067420667069e-08,54.927435730458015,2.963072472566558e-06,-3.877163619706534e-08,54.90544274526934,-1.3476353843618136e-06,-3.784645614381306e-08,54.93874073040948,-1.3465586659164747e-06,3.7424360043664165e-08,54.893689649850685
0.188,2.9645289797623783e-06,3.692125227176407e-08,54.93396786003203,2.963315795797673e-06,-3.8579352546512855e-08,54.910564794283886,-1.3477442081235915e-06,-3.771818386764949e-08,54.943731566700706,-1.3467264649713033e-06,3.758785732838024e-08,54.90080948597574
0.189,2.9647937055820128e-06,3.692022986510961e-08,54.939288633695384,2.9636658634799734e-06,-3.8771440696012616e-08,54.917343879437595,-1.3478689545373087e-06,-3.763281259447751e-08,54.94910803525421,-1.3468591187932166e-06,3.749102521930089e-08,54.906638017106786
0.19,2.965098035056645e-06,3.6910189129187826e-08,54.945080236931304,2.9639599877221944e-06,-3.857464847858487e-08,54.92319267499059,-1.3480108184852615e-06,-3.784524920583836e-08,54.955240408613875,-1.3470062114477287e-06,3.75811098164361e-08,54.912846187778484
0.191,2.9654049923978157e-06,3.6909390410102345e-08,54.95096402638062,2.964222664773664e-06,-3.824499113919221e-08,54.92854432423519,-1.3480874157771583e-06,-3.7692319563614674e-08,54.95912035450384,-1.3471928790336574e-06,3.7753618718771565e-08,54.92035937555529
0.192,2.9656105411301577e-06,3.690771114785274e-08,54.955357117808205,2.9644906532420084e-06,-3.865522533270347e-08,54.93394000521718,-1.348243712847367e-06,-3.779013002687796e-08,54.96542123879195,-1.347284016194916e-06,3.748609917813665e-08,54.92480446295092
0.193,2.9658503541133126e-06,3.69018899407115e-08,54.96000153038227,2.9647855248387256e-06,-3.869195889743336e-08,54.93958631593992,-1.3483413596471527e-06,-3.773790235124964e-08,54.96950901340408,-1.3473945845171304e-06,3.758872653156931e-08,54.92990437616376
0.194,2.966176020413067e-06,3.675558343733051e-08,54.96591487850185,2.965081481177267e-06,-3.8452395724087157e-08,54.94527690566622,-1.348484016050027e-06,-3.772559378330392e-08,54.975672303011535,-1.3475380211966692e-06,3.752794725825588e-08,54.935852735568076
0.195,2.9664037415704377e-06,3.694154522435238e-08,54.9704985742346,2.9653286247985156e-06,-3.852283842232073e-08,54.95023684151231,-1.3485535950862377e-06,-3.7580456835950933e-08,54.97889240163627,-1.347655130063925e-06,3.7553827421260535e-08,54.94101034199973
0.196,2.9666608271647396e-06,3.6864112157274604e-08,54.97546668589402,2.9656124231392936e-06,-3.8408626267447056e-08,54.95548992381785,-1.3486702033498432e-06,-3.769822971687581e-08,54.98364123564514,-1.3477704433123905e-06,3.752259363515016e-08,54.945684242511206
0.197,2.9668503433704366e-06,3.677687859116459e-08,54.97939954594149,2.965815313580883e-06,-3.865482882713753e-08,54.95973404011286,-1.3488077111083806e-06,-3.771019046105259e-08,54.98908945306934,-1.3478814980045222e-06,3.7694398736153483e-08,54.95073391742906
0.198,2.967093205457157e-06,3.6860835536559173e-08,54.98405137859092,2.966065314357084e-06,-3.865931294192824e-08,54.96459095763791,-1.3488836632870227e-06,-3.7704129246313524e-08,54.99308855967753,-1.3479804406598453e-06,3.775500559031018e-08,54.95485779454654
0.199,2.967289353650331e-06,3.7038641683455625e-08,54.98804605798486,2.9662581964424657e-06,-3.855463942863838e-08,54.96861845834414,-1.3489725500353754e-06,-3.773341551115477e-08,54.99667010518624,-1.3481290025231028e-06,3.774183837999411e-08,54.9607706834081
0.2,2.9674699430110333e-06,3.6915310979490526e-08,54.99173831605779,2.9665120308650766e-06,-3.86353425173597e-08,54.973434307562655,-1.3490595812274768e-06,-3.768861537156108e-08,55.00057528283382,-1.3481943186669715e-06,3.757513897885506e-08,54.96450760933138
0.201,2.967704740511757e-06,3.699173175236605e-08,54.996145696516365,2.9667352592753272e-06,-3.8755518623684314e-08,54.97771699825577,-1.349174378018128e-06,-3.77921226826901e-08,55.0051535423281,-1.3483091129570798e-06,3.78202910646387e-08,54.9688645124922
0.202,2.9678672637876377e-06,3.6889507940872306e-08,54.99954512738019,2.9669876482496916e-06,-3.8615825434337856e-08,54.98247646116239,-1.3492491428706646e-06,-3.7825479761694775e-08,55.008566225848355,-1.3484033601066973e-06,3.767695448593557e-08,54.97305002743062
0.203,2.9680879907532904e-06,3.6940983604776685e-08,55.00369562790365,2.9671784266631205e-06,-3.864456738145078e-08,54.9863400243034,-1.3493517589109558e-06,-3.776505471309253e-08,55.01276127071361,-1.3484761077885264e-06,3.756012767212161e-08,54.976425761880265
0.204,2.9682905363915753e-06,3.688834793768111e-08,55.00738555150602,2.9673621457822417e-06,-3.861564602026703e-08,54.990088332953434,-1.3494388943915503e-06,-3.776335643775993e-08,55.01649754580143,-1.3485872091281796e-06,3.7780182912801095e-08,54.98100662967674
0.205,2.9684097951724655e-06,3.6980154020129136e-08,55.01008731177562,2.9674879894263307e-06,-3.8488136932861906e-08,54.99298524356627,-1.3494962844653625e-06,-3.7788440838788936e-08,55.01935425461687,-1.3486880765148714e-06,3.771378146430933e-08,54.98515967230193
0.206,2.9685511011268773e-06,3.694642034231739e-08,55.01308544767848,2.9677798085614137e-06,-3.874613026709865e-08,54.99789052164127,-1.3495658378884412e-06,-3.7805608212954084e-08,55.022431758035594,-1.3487624594848857e-06,3.768749503732242e-08,54.98854315492031
0.207,2.96886267347071e-06,3.697862921170655e-08,55.01832420452257,2.967908648654254e-06,-3.8565097605382504e-08,55.00088806042643,-1.3496585001461138e-06,-3.771081588151198e-08,55.02619344016571,-1.348851276916298e-06,3.774766596879534e-08,54.99234891955271
0.208,2.9689425440242673e-06,3.692751327487273e-08,55.02036878181748,2.9680704780292416e-06,-3.853086543420881e-08,55.004002681949885,-1.3497155450150153e-06,-3.77265782942506e-08,55.0289502535131,-1.3489178997541826e-06,3.772474852090749e-08,54.99543047422998
0.209,2.9691302497841823e-06,3.69419765897292e-08,55.023959982216056,2.9682379929799506e-06,-3.868318444831586e-08,55.00733099357868,-1.3497876829856314e-06,-3.772583898052687e-08,55.031990801093855,-1.348984671781089e-06,3.772137642670829e-08,54.998487141307194
0.21,2.969285409159202e-06,3.694236663730798e-08,55.0270112033306,2.968415770433323e-06,-3.858919398957953e-08,55.010758382907966,-1.349882966519292e-06,-3.781554311529313e-08,55.03575229241059,-1.3490759766770601e-06,3.777939281974949e-08,55.00221721370956
0.211,2.9694387998461814e-06,3.6871515777574606e-08,55.030019171908606,2.968589017221485e-06,-3.8605414081018635e-08,55.01406969635049,-1.3499285603936076e-06,-3.7707239525268214e-08,55.03807233268306,-1.3491249914337716e-06,3.772425253082577e-08,55.004715657006216
0.212,2.9695844270694947e-06,3.7033562505738794e-08,55.032894220719754,2.968738880990347e-06,-3.865028473802194e-08,55.017052671388,-1.3500235881894917e-06,-3.778399987469843e-08,55.041755692325864,-1.3492163792740854e-06,3.769147920206469e-08,55.00827513817313
0.213,2.969738844925262e-06,3.703021574735373e-08,55.035849857173176,2.9688688209736674e-06,-3.859972419057738e-08,55.01973462385901,-1.3500770373359286e-06,-3.779446819942123e-08,55.04421858624873,-1.3492976651062995e-06,3.775778241932262e-08,55.01168448540706
0.214,2.9698302739105417e-06,3.697738247996538e-08,55.03791615967441,2.9690207766542803e-06,-3.862439997452457e-08,55.022663864673035,-1.350134364644973e-06,-3.7763179468853707e-08,55.04677707631107,-1.3493406895778074e-06,3.77457943942379e-08,55.013922321488565
0.215,2.9699931288458827e-06,3.696693400314804e-08,55.04095862154024,2.96917290340287e-06,-3.8613114546236876e-08,55.025594176426026,-1.3501866398689242e-06,-3.776016372273687e-08,55.04911871571362,-1.3494271984442408e-06,3.772961579732269e-08,55.01732897484449
0.216,2.9701017995086357e-06,3.697657068974772e-08,55.04322388521473,2.9693070097724373e-06,-3.8653061421448474e-08,55.028247299637414,-1.3502428484360574e-06,-3.77065914892294e-08,55.051574245020774,-1.3494886658846694e-06,3.776789602532379e-08,55.02007626257043
0.217,2.970202854075189e-06,3.6913908538990403e-08,55.0453442767261,2.969457408849768e-06,-3.8704404480719186e-08,55.03112752492508,-1.3503187954226069e-06,-3.778822555332789e-08,55.05460965280571,-1.3495383153639816e-06,3.773768920984005e-08,55.02237242929726
0.218,2.9703307568787106e-06,3.6986559711267437e-08,55.04780501982367,2.9695983810033317e-06,-3.8718769610627534e-08,55.033843231736256,-1.3503599952066952e-06,-3.775299312457587e-08,55.056597502965545,-1.3495930535064358e-06,3.7703832919989567e-08,55.02475892012555
0.219,2.9704513480319576e-06,3.7004238933968566e-08,55.05015230453931,2.969678067564826e-06,-3.859763196918444e-08,55.035697504537,-1.3504091992292747e-06,-3.777181883046925e-08,55.05882182212618,-1.3496507682919842e-06,3.7760945094786245e-08,55.027283132547524
0.22,2.9705720577528155e-06,3.70528579636104e-08,55.05246559624737,2.969837052252254e-06,-3.8600046895976995e-08,55.038587978818015,-1.3504525176496383e-06,-3.778108681511056e-08,55.06081925511158,-1.3497327140567544e-06,3.770544324910013e-08,55.03047474915732
0.221,2.97069936219556e-06,3.7058604001731025e-08,55.05472051725248,2.9699546068132933e-06,-3.864590140819288e-08,55.040931868476946,-1.3505103307636765e-06,-3.780353288225883e-08,55.06318998665729,-1.3497731197400482e-06,3.7734408048801284e-08,55.03246084157496
0.222,2.970790425247485e-06,3.6949898829189534e-08,55.05660189133066,2.9700729829507278e-06,-3.8654870366839384e-08,55.043089005617915,-1.350559931483355e-06,-3.782305579524453e-08,55.06531832664676,-1.3498062496908006e-06,3.776026409645923e-08,55.03416677932489
0.223,2.970894956538887e-06,3.6966559692003185e-08,55.058645479392666,2.970195681193519e-06,-3.86530891555954e-08,55.04559237187296,-1.3506139688017286e-06,-3.780358876298311e-08,55.067203136404004,-1.3498749769766979e-06,3.77824055700735e-08,55.03686283400158
0.224,2.970973029628432e-06,3.6970042998006816e-08,55.06046136109859,2.970319846833938e-06,-3.865427319398469e-08,55.047809021592585,-1.3506463007743915e-06,-3.7853524064668805e-08,55.0691203322755,-1.3499216518099315e-06,3.779563709967231e-08,55.03895404606112
0.225,2.971079431812235e-06,3.7002748728933807e-08,55.06234549237212,2.9704048401986946e-06,-3.854380703319016e-08,55.049628941845256,-1.3506922686452705e-06,-3.779349421812434e-08,55.07070629199126,-1.349977567721901e-06,3.77438228457365e-08,55.04124978214611
0.226,2.9711819478199146e-06,3.7004939861474776e-08,55.064312392013775,2.9704833011317306e-06,-3.86460992053088e-08,55.05145543634619,-1.3507302208196784e-06,-3.7781526721774524e-08,55.07274006170064,-1.3500342129984983e-06,3.7799786304852186e-08,55.04331446264692
0.227,2.9712602389537614e-06,3.701899341750264e-08,55.06593234592657,2.97061775894879e-06,-3.867033413165709e-08,55.0537377648063,-1.3507709411722867e-06,-3.780569017518812e-08,55.074184992693716,-1.3500732694069573e-06,3.779085259682081e-08,55.04537183808955
0.228,2.9713545967127063e-06,3.700031486574862e-08,55.06773971416993,2.970701150279418e-06,-3.865819202537497e-08,55.05547337977141,-1.35081313242711e-06,-3.7808873494145847e-08,55.07629630359041,-1.3501028799186021e-06,3.774029611836889e-08,55.04693567227767
0.229,2.971437993138722e-06,3.699509312021887e-08,55.069388169393974,2.970806943425031e-06,-3.863505996751759e-08,55.057487514889516,-1.350874848708031e-06,-3.7825185813134363e-08,55.07831365700622,-1.3501530685368188e-06,3.7727521224596465e-08,55.048655481881255
0.23,2.971514194727696e-06,3.696608380702276e-08,55.07092886777757,2.9709096206368023e-06,-3.8609684012079846e-08,55.059441947580325,-1.3508867996945832e-06,-3.782557080001869e-08,55.07947995194263,-1.3502067861370305e-06,3.77186364909075e-08,55.05077087812627
0.231,2.9715923536640977e-06,3.704733794346331e-08,55.07247712106994,2.9709903600180204e-06,-3.867777152447548e-08,55.06108147292305,-1.3509360445920802e-06,-3.779123792281612e-08,55.08118260649805,-1.3502366639302056e-06,3.777262771070064e-08,55.052554052310214
0.232,2.971704588452574e-06,3.702135184130544e-08,55.07447149211066,2.9710684387198292e-06,-3.861738167014657e-08,55.06267728344979,-1.3509609542376528e-06,-3.779129438599861e-08,55.082710819180576,-1.3502857019223047e-06,3.776666957188908e-08,55.05424067283431
0.233,2.971769270530007e-06,3.7012832577733236e-08,55.075831590965024,2.9711321886739702e-06,-3.867455494658522e-08,55.06404260111829,-1.3510071134668195e-06,-3.782107725454435e-08,55.08418849413546,-1.350296372049485e-06,3.7749916211593665e-08,55.05536727477232
0.234,2.971839505678867e-06,3.7047937797946526e-08,55.077244207535074,2.9712179955992425e-06,-3.863009066964231e-08,55.065692539360086,-1.3510443421118994e-06,-3.7801038910105285e-08,55.08577235381394,-1.3503568337207973e-06,3.7753127325394395e-08,55.05735869876044
0.235,2.9719216426598232e-06,3.704848491687842e-08,55.07880699948494,2.9712760367448627e-06,-3.865231822552367e-08,55.06693144153944,-1.3510564595081632e-06,-3.7778441311111013e-08,55.086867619512475,-1.3503796814587091e-06,3.783604517529752e-08,55.05887142972769
0.236,2.971998863883044e-06,3.7023070815361686e-08,55.08028558691055,2.9713734100035397e-06,-3.8666423736798315e-08,55.068714265543534,-1.3511047001137084e-06,-3.7791405619799906e-08,55.08843328494723,-1.3504216506557528e-06,3.777615473930813e-08,55.06025834565101
0.237,2.972042526887649e-06,3.7012314823737015e-08,55.08129856421442,2.971439774685207e-06,-3.8651893117553936e-08,55.070062201453226,-1.3511197177085938e-06,-3.7814865164095016e-08,55.08963294848549,-1.350444725663399e-06,3.779747422247911e-08,55.06169419714584
0.238,2.9721056915390046e-06,3.7026907128992435e-08,55.082556621351344,2.9715128759002906e-06,-3.868107011002184e-08,55.07147669918362,-1.3511626184334348e-06,-3.778763943376624e-08,55.090966818222995,-1.3504856445476382e-06,3.7785451017473746e-08,55.06303650186868
0.239,2.9721817268463342e-06,3.703111602435705e-08,55.08397098611631,2.971591382813348e-06,-3.864028637662432e-08,55.072969686818595,-1.3511980304661533e-06,-3.788904393982416e-08,55.092395280067365,-1.3505222480327957e-06,3.778955537695695e-08,55.0645550325151
0.24,2.9722291037521317e-06,3.701111598706807e-08,55.084983954179464,2.971651547312016e-06,-3.867683469199347e-08,55.07419413343712,-1.351215877480087e-06,-3.7801332339268163e-08,55.0936573663146,-1.3505367224744605e-06,3.779273507687284e-08,55.065717007732076
0.241,2.972300524090454e-06,3.702821590218778e-08,55.086326108786594,2.9717066866908915e-06,-3.865908013184425e-08,55.075349327694454,-1.351245667290022e-06,-3.7785624229638895e-08,55.09457529119544,-1.3505785859077152e-06,3.777357370828857e-08,55.067046419543814
0.242,2.9723415192738066e-06,3.7034386143143734e-08,55.08722784548519,2.9717781728944923e-06,-3.866414810836994e-08,55.076698894551356,-1.3512673914725631e-06,-3.7821762991802435e-08,55.095582125236376,-1.3506011521978806e-06,3.775549221643523e-08,55.068074649687716
0.243,2.9724150580863752e-06,3.705831349875855e-08,55.08856780389324,2.971833757604111e-06,-3.865926826248537e-08,55.07781585909703,-1.3512903109724225e-06,-3.782253710421792e-08,55.09693306251951,-1.3506255404496052e-06,3.781767114052057e-08,55.06955146462485
0.244,2.9724687866543465e-06,3.7038178249911116e-08,55.08963947077655,2.971910922232043e-06,-3.8656721157606064e-08,55.079234559307466,-1.3513292483369322e-06,-3.781678835502081e-08,55.09811911430528,-1.3506719199367472e-06,3.774951953257946e-08,55.07096180039798
0.245,2.9725174735510814e-06,3.7025624754212314e-08,55.09062399339166,2.9719573430111762e-06,-3.8626330793168055e-08,55.080215949041815,-1.3513461729351552e-06,-3.781773178494332e-08,55.09894460007472,-1.350691161896337e-06,3.779293611972433e-08,55.07192408534948
0.246,2.972572707752639e-06,3.701234119625974e-08,55.09168546205426,2.9720213512743537e-06,-3.867462023302802e-08,55.08142792585309,-1.3513717373386876e-06,-3.780495292369583e-08,55.10000736519643,-1.3507068406934158e-06,3.7805350479822286e-08,55.073064362725404
0.247,2.9726059742053115e-06,3.700520058327209e-08,55.092448566755934,2.972058047295013e-06,-3.8668810969228474e-08,55.082253945931754,-1.3513865023148962e-06,-3.782958473790791e-08,55.10108618893223,-1.3507279810663026e-06,3.776940456799177e-08,55.07368457707774
0.248,2.972659928907129e-06,3.700829157830013e-08,55.093470752101595,2.9721211090243337e-06,-3.869513831198636e-08,55.0834316316228,-1.3514199074902938e-06,-3.7804173620728645e-08,55.10205152222521,-1.3507627639331368e-06,3.781013773025446e-08,55.07501651763151
0.249,2.9727223381530994e-06,3.7062785670467295e-08,55.09444767119308,2.9721594873806907e-06,-3.8678251133897494e-08,55.08426332826835,-1.351433582284351e-06,-3.780989882223703e-08,55.102750231078105,-1.3507702575586003e-06,3.7776444550129294e-08,55.075897675603116
0.25,2.9727569995352284e-06,3.7021860355314804e-08,55.095346780935614,2.9722257830813297e-06,-3.8675499640818016e-08,55.08546383505376,-1.3514444530420405e-06,-3.780950962652368e-08,55.103684885278895,-1.3508106664294196e-06,3.7804358876809584e-08,55.07709168890604
0.251,2.9728162237342563e-06,3.7038079943868546e-08,55.09627353208194,2.9722689336269494e-06,-3.866314243026666e-08,55.08634867042393,-1.3514734881963398e-06,-3.779814529894625e-08,55.1044678213361,-1.3508337988268488e-06,3.780757965595139e-08,55.078066994599666
0.252,2.9728402103400927e-06,3.7039020121313844e-08,55.09700940882729,2.972326466383757e-06,-3.867332618192728e-08,55.087267156253404,-1.3514947489923428e-06,-3.782847816977108e-08,55.105370645031584,-1.3508426011966613e-06,3.7761332359592594e-08,55.07864624608348
0.253,2.972888100594145e-06,3.7024391207904095e-08,55.09775751643947,2.9723537874511762e-06,-3.865237374548357e-08,55.08806383813433,-1.3515073591239275e-06,-3.77947071088661e-08,55.10600916267303,-1.3508615669412135e-06,3.7799374789280587e-08,55.07979449910688
0.254,2.9729200183288965e-06,3.7014244913887195e-08,55.09858175207242,2.9724053281143253e-06,-3.868102608270426e-08,55.08888132140481,-1.3515364008320587e-06,-3.7813777555937484e-08,55.10709714634723,-1.3508875674726109e-06,3.7790849622467287e-08,55.08049900222923
0.255,2.972966633645179e-06,3.704087485247872e-08,55.09930349283377,2.972444363399153e-06,-3.868146140137467e-08,55.08981703823653,-1.3515410087381488e-06,-3.781578671287586e-08,55.10781619364106,-1.350912437516825e-06,3.780641940305856e-08,55.08151384507576
0.256,2.9730032679480936e-06,3.703289060915974e-08,55.10017950235324,2.972499912398649e-06,-3.8653717237455736e-08,55.09067220701476,-1.3515655526952034e-06,-3.780670071655672e-08,55.108444592878115,-1.3509330111865095e-06,3.780084992020687e-08,55.08238375901122
0.257,2.9730589699223936e-06,3.705324610966038e-08,55.101023359558326,2.9725116091720917e-06,-3.8664456702243936e-08,55.09121892901953,-1.3515840169843272e-06,-3.78261294384521e-08,55.109222527278405,-1.3509315726053014e-06,3.779860332202482e-08,55.08292527976006
0.258,2.973076000710137e-06,3.706132466622138e-08,55.101622065113716,2.9725632336053084e-06,-3.867977526767708e-08,55.0920048669185,-1.3515985362028429e-06,-3.779802181568336e-08,55.10986820754762,-1.350965392872694e-06,3.7799803983324235e-08,55.08384747197009
0.259,2.973113565194165e-06,3.705454574905829e-08,55.1021970037455,2.9725950264218737e-06,-3.8662348649867524e-08,55.092809519342765,-1.3516094178930587e-06,-3.780418780316207e-08,55.11039582515839,-1.3509850327737055e-06,3.7794419150166274e-08,55.084666746339025
0.26,2.973162962519337e-06,3.704896093347257e-08,55.10306955497899,2.972648118422742e-06,-3.86550519454762e-08,55.093603584179405,-1.3516194892005856e-06,-3.782266741278882e-08,55.111228887890036,-1.350998602935598e-06,3.780175752246631e-08,55.08529509555777
0.261,2.973178685130335e-06,3.706411335426156e-08,55.10363879083768,2.9726636872461974e-06,-3.8684595551496924e-08,55.09418090453744,-1.3516452762125233e-06,-3.781108533349758e-08,55.111877009004274,-1.3510125234479712e-06,3.780058656278591e-08,55.08593866670769
0.262,2.9732056886293405e-06,3.702631236713814e-08,55.10405578356324,2.972715249021226e-06,-3.8681128520396676e-08,55.094938437258804,-1.3516548135050235e-06,-3.7815451430917893e-08,55.11235270071816,-1.3510288496304434e-06,3.7806818469400954e-08,55.08662224835055
0.263,2.973240090333726e-06,3.704246206889184e-08,55.104852920122994,2.972744135459962e-06,-3.8670440583175854e-08,55.09553515519427,-1.351673195426838e-06,-3.7810143288783795e-08,55.113087310844094,-1.3510327652597389e-06,3.781586457182449e-08,55.08727555842249
0.264,2.9732772518879588e-06,3.706796698166365e-08,55.10538464222688,2.9727676909041e-06,-3.8671181343088906e-08,55.096196417233344,-1.3516808580086185e-06,-3.780431750864868e-08,55.11349197622175,-1.3510617623987946e-06,3.7793013292484335e-08,55.08802591433047
0.265,2.9733047552476965e-06,3.7042449467385484e-08,55.10593701259826,2.9728128691906575e-06,-3.867289127158544e-08,55.09685721177502,-1.3516988683593197e-06,-3.781914357156554e-08,55.11421166085748,-1.3510732455888403e-06,3.7799441939304393e-08,55.088553015355345
0.266,2.9733286388057374e-06,3.705323559167344e-08,55.106581643300785,2.972815927374616e-06,-3.8683141126357925e-08,55.09722834597619,-1.351703480463061e-06,-3.781483380497763e-08,55.114838764171495,-1.3510809413745646e-06,3.779633316194674e-08,55.088974730587395
0.267,2.9733584545837137e-06,3.704805949832807e-08,55.10700661196326,2.9728738494025044e-06,-3.868839919547485e-08,55.09804410152658,-1.3517262348550266e-06,-3.783446803315562e-08,55.11537059618051,-1.3511014541684554e-06,3.781618360346201e-08,55.089751368809814
0.268,2.973381325743104e-06,3.703908356061392e-08,55.10747297690597,2.9729078701753705e-06,-3.86978284677001e-08,55.098682110505436,-1.3517371584063111e-06,-3.783164182490634e-08,55.11585215844835,-1.3511032611911088e-06,3.781279621075995e-08,55.09031422781882
0.269,2.9733928175444566e-06,3.7058013883887464e-08,55.10792689100654,2.9729129431253956e-06,-3.868020991518259e-08,55.09907545668253,-1.3517466762275957e-06,-3.782004559467622e-08,55.11629320062664,-1.3511236207908503e-06,3.780057478654349e-08,55.09077747602787
0.27,2.973439922877959e-06,3.70528992770062e-08,55.108571441277974,2.9729526538778533e-06,-3.868140067811467e-08,55.099626628915686,-1.3517576239704215e-06,-3.78272866922185e-08,55.11677324542002,-1.351132436472785e-06,3.7797938075410144e-08,55.09119248450729
0.271,2.9734664653850495e-06,3.705628964146565e-08,55.10907959760662,2.9729740577491096e-06,-3.866765825560391e-08,55.100078967982924,-1.3517695951500928e-06,-3.7815627202886066e-08,55.11727669872245,-1.3511523256314466e-06,3.782327434771438e-08,55.09195440799219
0.272,2.973480214029349e-06,3.704512553214824e-08,55.109410846028894,2.9729879275443077e-06,-3.8687976536015976e-08,55.10056620456551,-1.3517819156665176e-06,-3.783062463205996e-08,55.117782103443304,-1.3511564134056551e-06,3.7801463155083865e-08,55.09222654908321
0.273,2.9735003595521483e-06,3.705052056973753e-08,55.10997237707031,2.9730236806155775e-06,-3.8674158581239974e-08,55.10104742030195,-1.3517781999250156e-06,-3.7813823534461236e-08,55.11814004305538,-1.3511717813583626e-06,3.781963107565496e-08,55.092831243148254
0.274,2.973527265451342e-06,3.7064183555481106e-08,55.110321979980284,2.9730482916158744e-06,-3.8675674507907614e-08,55.10152542596337,-1.3517988745882841e-06,-3.7828132644324055e-08,55.11856813238322,-1.3511832298303895e-06,3.781494427448887e-08,55.09332903978486
0.275,2.9735504866031162e-06,3.7049682444917676e-08,55.11077233283524,2.973067965117831e-06,-3.8684305666024864e-08,55.10193391301249,-1.3518100737144985e-06,-3.783434941799161e-08,55.11902859847312,-1.3511907619701167e-06,3.782158187859569e-08,55.093684958260965
0.276,2.9735602265384217e-06,3.7055518388788e-08,55.111176487812415,2.973085224679883e-06,-3.869321231121948e-08,55.102453491101,-1.3518198516479154e-06,-3.78085568868765e-08,55.11945264724797,-1.3511912121767103e-06,3.7795629942881826e-08,55.094166252582625
0.277,2.9735893692615787e-06,3.7048792246180216e-08,55.11154774316202,2.9731169809082333e-06,-3.8667283450402205e-08,55.10286863897612,-1.3518249018787255e-06,-3.7830275175048445e-08,55.119713848261966,-1.3512107150906485e-06,3.7812676826595245e-08,55.09455106794472
0.278,2.9736072997387806e-06,3.7048548125653e-08,55.11190686205168,2.9731418975140298e-06,-3.869117682045378e-08,55.1033379127157,-1.3518366255361368e-06,-3.7824359683932585e-08,55.12018663477845,-1.3512211664094225e-06,3.7809128909163217e-08,55.09500623635951
0.279,2.973624760191569e-06,3.704519663636865e-08,55.112257153958694,2.973158695629927e-06,-3.868139148722057e-08,55.10369319437294,-1.3518461977909086e-06,-3.782921163687135e-08,55.12058605687753,-1.351230656461334e-06,3.7818191405096875e-08,55.09541090984803
0.28,2.9736480668932575e-06,3.705177763662289e-08,55.11268308506463,2.9731668317396464e-06,-3.868565453187946e-08,55.10407339671096,-1.3518559879536365e-06,-3.7831046224902015e-08,55.120993434681196,-1.3512401722644254e-06,3.7814016449468956e-08,55.09581649567515
0.281,2.973652750889609e-06,3.7061666891702974e-08,55.11300743283387,2.973188287469397e-06,-3.868535226609287e-08,55.10433267025719,-1.3518603352686987e-06,-3.781659946693115e-08,55.12123835383669,-1.351247765142483e-06,3.7822459708706727e-08,55.09616451962772
0.282,2.9736783420058306e-06,3.705890684528114e-08,55.11330850844783,2.9732083933006323e-06,-3.86905550348668e-08,55.104707521634296,-1.3518697965672053e-06,-3.781679811461696e-08,55.121623537758765,-1.3512575884687116e-06,3.780928823404577e-08,55.096572037624824
0.283,2.973701087049926e-06,3.705872080148672e-08,55.113721434695364,2.973236537318114e-06,-3.868433761947303e-08,55.1052039829997,-1.3518651585112299e-06,-3.7824760008945104e-08,55.121918046226426,-1.3512639837549609e-06,3.7812231126256043e-08,55.09686986751575
0.284,2.9737123201779674e-06,3.706341691852231e-08,55.11397260852098,2.9732391976080675e-06,-3.868545614852963e-08,55.105496421508974,-1.3518835464468776e-06,-3.783041922851361e-08,55.122236929582044,-1.351273113585361e-06,3.781408844012814e-08,55.09725213642618
0.285,2.973728559896176e-06,3.704824767990085e-08,55.11428966656297,2.973271017690464e-06,-3.868284811630695e-08,55.10588520865228,-1.3518905386300798e-06,-3.782702905465582e-08,55.12253734064605,-1.3512698307959248e-06,3.781355933132232e-08,55.09758770845508
0.286,2.973730549698613e-06,3.705676687785461e-08,55.11455537461177,2.9732825091918317e-06,-3.869678358817256e-08,55.106142712441994,-1.351896697118875e-06,-3.782075458765154e-08,55.122816460766145,-1.3512866072014375e-06,3.782400366825586e-08,55.09786259231538
0.287,2.9737631171188567e-06,3.706196085244711e-08,55.11494050601853,2.9732986894996272e-06,-3.868198359370079e-08,55.10645991363164,-1.351903898762948e-06,-3.782783686428566e-08,55.12311634290036,-1.351296956134135e-06,3.7821980759938386e-08,55.0982691001508
0.288,2.9737745156761595e-06,3.7066210814869535e-08,55.115182319526156,2.9733139264136425e-06,-3.867968925203985e-08,55.10676029326096,-1.351908178838951e-06,-3.7819928731660344e-08,55.12332873899193,-1.3513035589859485e-06,3.782248917686128e-08,55.09857063222465
0.289,2.973780008554e-06,3.705675681387465e-08,55.11534094449294,2.97332690344925e-06,-3.868642069371635e-08,55.10702358112178,-1.3519159158152565e-06,-3.78323987352313e-08,55.1236415921705,-1.3513100157941058e-06,3.781063461240513e-08,55.09885946165046
0.29,2.97380295582299e-06,3.706293334194936e-08,55.115734004541665,2.973332668785663e-06,-3.868416720808545e-08,55.10734139285532,-1.3519235674129889e-06,-3.7832845093113444e-08,55.12395801323801,-1.3513156034142381e-06,3.7821866242174445e-08,55.09911050614723
0.291,2.9738117027473987e-06,3.705970211906919e-08,55.11593275375637,2.973359920016456e-06,-3.869206788119341e-08,55.1076509117985,-1.3519285950577365e-06,-3.7831322806025984e-08,55.12418938262127,-1.3513221487430575e-06,3.78195221112381e-08,55.09939284020251
0.292,2.9738123439840386e-06,3.706368192949883e-08,55.11616905284393,2.9733743256351147e-06,-3.8689813274228605e-08,55.10793010087194,-1.351932916835178e-06,-3.7825400315317945e-08,55.12438767163772,-1.3513288448687713e-06,3.7821436609099697e-08,55.09968554147636
0.293,2.9738375258646198e-06,3.705353119389053e-08,55.11643411836603,2.9733891253100247e-06,-3.8683956125439045e-08,55.10821411985523,-1.3519401304844158e-06,-3.783283967424576e-08,55.124683561699456,-1.3513355140670867e-06,3.781718430411011e-08,55.09996031239416
0.294,2.973850820290947e-06,3.706166147689599e-08,55.116687437919424,2.973395130714413e-06,-3.867282819279264e-08,55.10837724310851,-1.3519432060009317e-06,-3.7826020165958084e-08,55.124849019852164,-1.3513406226397634e-06,3.782282669007503e-08,55.10018841114635
0.295,2.973862492174862e-06,3.7063051136705366e-08,55.11691580304944,2.9734087489280493e-06,-3.868741451546648e-08,55.10863554506281,-1.3519491176612463e-06,-3.782538887423196e-08,55.12509265915605,-1.3513447895753986e-06,3.781878079610054e-08,55.10039987573609
0.296,2.9738698670943744e-06,3.70675452010796e-08,55.1170840700122,2.9734108553531978e-06,-3.868908495292043e-08,55.10888591080587,-1.3519437371974344e-06,-3.7829682312602326e-08,55.12532663542858,-1.3513533571031572e-06,3.782083332589011e-08,55.100730188737316
0.297,2.9738842311546594e-06,3.7056463080811837e-08,55.117346263817396,2.9734340188005373e-06,-3.868574888842728e-08,55.10912497620805,-1.3519593337991448e-06,-3.782494876751398e-08,55.12553241442737,-1.3513562933131227e-06,3.78176309990043e-08,55.10089045184381
0.298,2.973891879480236e-06,3.7056777151607936e-08,55.11751366111679,2.973445790342405e-06,-3.868518664912978e-08,55.10935568106163,-1.351964851343701e-06,-3.7830205283068635e-08,55.12576339027042,-1.3513505239892283e-06,3.7816323992253285e-08,55.10112306411418
0.299,2.973889452761135e-06,3.706232482866009e-08,55.11769324867633,2.9734579947368215e-06,-3.8685629108504375e-08,55.10958718086901,-1.351968992766493e-06,-3.7823396248848236e-08,55.12594536179674,-1.351367777787139e-06,3.781388108631651e-08,55.10137324483442
0.3,2.9739156059268685e-06,3.706104184137014e-08,55.11795774070701,2.97346802871439e-06,-3.8686171184096144e-08,55.109788339322506,-1.3519741962966834e-06,-3.783188575707365e-08,55.126164738214285,-1.3513716688473671e-06,3.782614701151556e-08,55.10155621534443
0.301,2.9739250523084964e-06,3.7062617006516654e-08,55.11814602404213,2.973477321497845e-06,-3.868670768028488e-08,55.10997940336259,-1.3519785085465661e-06,-3.7828059163090095e-08,55.12635346790181,-1.35137733558542e-06,3.782161386628262e-08,55.10179216261169
0.302,2.9739342395655646e-06,3.706139404574959e-08,55.11832907246958,2.9734871519683383e-06,-3.868876485828271e-08,55.11017537810564,-1.3519831345636013e-06,-3.7822772460719644e-08,55.126546197327826,-1.3513816206005694e-06,3.7820084187573717e-08,55.10198583209291
0.303,2.9739397434924043e-06,3.706280197767342e-08,55.11845873876945,2.97348775387506e-06,-3.868358237356003e-08,55.11039052945539,-1.3519853115930117e-06,-3.78298802132307e-08,55.126667103768284,-1.35138607264731e-06,3.782150537272865e-08,55.10217438205386
0.304,2.9739495395888775e-06,3.7062015079428575e-08,55.118642637770165,2.9735066359097117e-06,-3.869196584328932e-08,55.110558710015596,-1.3519899295907387e-06,-3.782783166374347e-08,55.12686225655891,-1.3513897760453032e-06,3.782374362082973e-08,55.10234555349123
0.305,2.973958217545075e-06,3.705622547032519e-08,55.11881318188611,2.9735143103978387e-06,-3.868136960371346e-08,55.11071830745291,-1.3519934467778482e-06,-3.782921814092742e-08,55.12701596243781,-1.3513928581120468e-06,3.782060500128704e-08,55.10250023687249
0.306,2.9739662054394787e-06,3.705935827386054e-08,55.118971189974246,2.973527092268063e-06,-3.86883495651051e-08,55.110943469951195,-1.3519974420606973e-06,-3.7824366566203157e-08,55.127188347597226,-1.35139890919927e-06,3.781846921302001e-08,55.10272840530516
0.307,2.9739731139606108e-06,3.706296452907496e-08,55.119114337420626,2.9735348709046744e-06,-3.868344875204997e-08,55.11110351788891,-1.3520012486692257e-06,-3.783105815424302e-08,55.12734816558665,-1.3514033272276818e-06,3.78230488744978e-08,55.10291741673491
0.308,2.973980901105241e-06,3.7063355556639834e-08,55.119265326910465,2.973543350761262e-06,-3.869283303522907e-08,55.11127090031266,-1.3520040153376339e-06,-3.7829551462994775e-08,55.12747855874005,-1.351406314008767e-06,3.782327580946341e-08,55.10306298703162
0.309,2.9739808232743144e-06,3.706308490393123e-08,55.119459835255554,2.973553630078966e-06,-3.868881339808618e-08,55.11146002607923,-1.352008390358146e-06,-3.783101642979756e-08,55.12765758437972,-1.3514103883752969e-06,3.782539601083481e-08,55.10323588181846
0.31,2.9739983671168053e-06,3.706673384870558e-08,55.119595630084376,2.9735585213507644e-06,-3.8685450977912425e-08,55.1115765463213,-1.3520115933768618e-06,-3.783075051251106e-08,55.12779863568535,-1.35141287726368e-06,3.782113988774948e-08,55.103358486138745
0.311,2.974002822665125e-06,3.7059764945040516e-08,55.11969898149859,2.9735655282138243e-06,-3.868777366039054e-08,55.11171786698691,-1.3520140782335452e-06,-3.7829700512417835e-08,55.127914578827614,-1.3514161972141008e-06,3.782119626911674e-08,55.10350768621812
0.312,2.9740108677254773e-06,3.706537794867122e-08,55.11985020477498,2.9735732864158234e-06,-3.8687899548198333e-08,55.11186742339973,-1.3520174986349347e-06,-3.78295857209605e-08,55.128059079888914,-1.3514207624423545e-06,3.7824076697574e-08,55.103688891657455
0.313,2.9740170747472615e-06,3.705870521924061e-08,55.1199734729947,2.9735718560788446e-06,-3.868806664692055e-08,55.11204239064158,-1.3520192777428982e-06,-3.782881508791612e-08,55.12815154024082,-1.3514234811727984e-06,3.7825930233570654e-08,55.10381392720406
0.314,2.974023622608544e-06,3.7062443108250186e-08,55.12010209530068,2.9735876006604304e-06,-3.868621545643074e-08,55.112151291762075,-1.3520227475698926e-06,-3.7833452717827406e-08,55.12829692243781,-1.351427190455254e-06,3.78258563628733e-08,55.10396823671611
0.315,2.9740308302541946e-06,3.7065065689646145e-08,55.120237903625735,2.973596444957924e-06,-3.868727543259815e-08,55.11231232079034,-1.3520259072947116e-06,-3.782837808695821e-08,55.12842593750587,-1.35143059632193e-06,3.782429773231528e-08,55.10411346645684
0.316,2.9740361891455377e-06,3.706208542829637e-08,55.12034860612658,2.973602145944675e-06,-3.868761556628381e-08,55.11242930180978,-1.35202895398363e-06,-3.782937028744641e-08,55.128556465218935,-1.3514324246560484e-06,3.782325517771236e-08,55.104211974523565
0.317,2.9740432570047717e-06,3.706426445941884e-08,55.12047942669628,2.9736064335945745e-06,-3.8689681648166306e-08,55.11252793947261,-1.3520318523423214e-06,-3.782578400799064e-08,55.128679002360386,-1.3514363654561594e-06,3.782576651924841e-08,55.10436853768364
0.318,2.9740444697831303e-06,3.7061937751184685e-08,55.12053158109765,2.97361482152622e-06,-3.868785517614533e-08,55.11267792561728,-1.352033193928069e-06,-3.782928068036791e-08,55.12875660689457,-1.3514382822485737e-06,3.782107480286972e-08,55.10446707633412
0.319,2.9740537506738767e-06,3.7062140903392425e-08,55.12068932717209,2.973620957557624e-06,-3.868597659231489e-08,55.112798540263,-1.3520246873023901e-06,-3.783234609206158e-08,55.12886462219272,-1.3514420744483365e-06,3.782837493131518e-08,55.104616027998134
0.32,2.974059092707909e-06,3.706483661079846e-08,55.12079509876837,2.9736259190739632e-06,-3.868956786579584e-08,55.11290048503777,-1.3520387343776709e-06,-3.783149913955209e-08,55.12899068914824,-1.3514328833688713e-06,3.7826153819602086e-08,55.10470595183766
0.321,2.9740651445017982e-06,3.706208586114585e-08,55.12090887520766,2.973632526806367e-06,-3.868836515384038e-08,55.11302550789861,-1.3520417980696296e-06,-3.7828644243452006e-08,55.12911127783859,-1.3514467584819938e-06,3.782316548725271e-08,55.10483057915019
0.322,2.974057162782275e-06,3.706062428863977e-08,55.1209814068159,2.973636857939706e-06,-3.8690057854562706e-08,55.11311868039665,-1.3520439707195545e-06,-3.7830602090317563e-08,55.12920716576038,-1.3514486788564105e-06,3.782519498530059e-08,55.10491994837288
0.323,2.974073948569008e-06,3.7061860442525785e-08,55.121090440551484,2.9736433470609783e-06,-3.8688414668998455e-08,55.113237851556335,-1.3520455728567337e-06,-3.783066702375763e-08,55.12928697654229,-1.3514511722888967e-06,3.782593110229463e-08,55.10502758592196
0.324,2.9740779931791883e-06,3.706326984411094e-08,55.12117287496861,2.9736454034959804e-06,-3.868938651616002e-08,55.11329827285523,-1.3520479951185267e-06,-3.7832127605779675e-08,55.129387840789704,-1.351452892399163e-06,3.782485421306048e-08,55.10511064906402
0.325,2.9740836612362967e-06,3.706461828805019e-08,55.1212777918482,2.973652146326443e-06,-3.868798060090615e-08,55.113417726379794,-1.3520496928347402e-06,-3.783018205500893e-08,55.12946850398119,-1.3514556469368548e-06,3.782693932727813e-08,55.10522429242968
0.326,2.974086524516517e-06,3.70630193239656e-08,55.121344613188484,2.9736592193698167e-06,-3.869058561010186e-08,55.11354417284629,-1.3520514351071177e-06,-3.783215802574401e-08,55.12954702506816,-1.3514576753503705e-06,3.782432339539534e-08,55.10531622835744
0.327,2.9740929451916897e-06,3.706410484742528e-08,55.121457515061266,2.973662056835644e-06,-3.868947212754101e-08,55.11361196217814,-1.3520543857686902e-06,-3.783028059528811e-08,55.12966244149325,-1.3514604715503478e-06,3.7827148559303974e-08,55.105427081435494
0.328,2.9740953801339284e-06,3.706357388617429e-08,55.12151627104737,2.973657165500423e-06,-3.8690578455734394e-08,55.11372317080195,-1.3520554279869945e-06,-3.783088687351649e-08,55.12972058551456,-1.3514620977962497e-06,3.7824084265942003e-08,55.10550722872368
0.329,2.9741000634254265e-06,3.7066479141569023e-08,55.121603943365855,2.9736711489301463e-06,-3.869108104539542e-08,55.113792994323916,-1.3520575540694848e-06,-3.783237677543834e-08,55.129806474295094,-1.3514643678752981e-06,3.782524961424234e-08,55.10560199824228
0.33,2.974104522280102e-06,3.706462181707061e-08,55.121688540172684,2.9736758932185435e-06,-3.8692519137796025e-08,55.113881646365456,-1.3520594527742847e-06,-3.7829603970219124e-08,55.129890449107535,-1.3514657047004884e-06,3.782436143116179e-08,55.105668106481374
0.331,2.9741081579520556e-06,3.7063827344926164e-08,55.1217616121226,2.973679721186258e-06,-3.869122191254567e-08,55.11395883724896,-1.3520610323069286e-06,-3.783072013655609e-08,55.12996142150682,-1.3514676443483072e-06,3.782615932572229e-08,55.105751821876936
0.332,2.9741132675708417e-06,3.706723270040566e-08,55.12185398100107,2.973683967341501e-06,-3.869017053023526e-08,55.11404089733139,-1.3520634322095996e-06,-3.783021834217332e-08,55.130057015377616,-1.351469903266382e-06,3.782383144934664e-08,55.10584448710672
0.333,2.974115360187639e-06,3.706341697370412e-08,55.121905525255784,2.9736877245785014e-06,-3.8689275923736256e-08,55.114116062054705,-1.3520641976126231e-06,-3.7831317371470086e-08,55.13010354055132,-1.3514715018019991e-06,3.782589665215235e-08,55.10591694459225
0.334,2.974118426181746e-06,3.7061445014752154e-08,55.1219682950003,2.9736921341400947e-06,-3.8687180450309024e-08,55.11419917835293,-1.3520661221729445e-06,-3.783188440445947e-08,55.1301823017278,-1.351473871641754e-06,3.7826997414475854e-08,55.106012012956995
0.335,2.9741221631795753e-06,3.7064959736852706e-08,55.122038714510595,2.973695459692483e-06,-3.8692225009522936e-08,55.11426705547652,-1.3520675125671674e-06,-3.7830464225208515e-08,55.13024563289474,-1.351475199511951e-06,3.7825920732190564e-08,55.1060765803566
0.336,2.974125947066079e-06,3.706543760707573e-08,55.12210989624194,2.9736996159186072e-06,-3.8690771705196515e-08,55.114345792872086,-1.352068823084308e-06,-3.783046768440862e-08,55.130305848543856,-1.3514765087823573e-06,3.782504771184881e-08,55.10613745387482
0.337,2.974129618374257e-06,3.7063664775062244e-08,55.12217964464678,2.9737029449547168e-06,-3.868881494414755e-08,55.114411437365845,-1.3520705204404308e-06,-3.7831015288284346e-08,55.13037533432086,-1.3514786287029235e-06,3.782739776800085e-08,55.106222974669066
0.338,2.974133289265783e-06,3.7065983411954593e-08,55.122248873424965,2.973705209526185e-06,-3.8689518708451484e-08,55.114462536578145,-1.3520718654568439e-06,-3.783050659960369e-08,55.13043487771682,-1.35147975124208e-06,3.7826859386623374e-08,55.106278612016226
0.339,2.9741350344564956e-06,3.7064470871845194e-08,55.12229157927514,2.973709116467816e-06,-3.869051271642731e-08,55.11453546499881,-1.3520726745718386e-06,-3.7830935170120154e-08,55.130477873789445,-1.3514812436537328e-06,3.7827723624498904e-08,55.10634359753655
0.34,2.9741377448649855e-06,3.706608939949491e-08,55.12234598610284,2.973711100798779e-06,-3.8690333666461274e-08,55.11458105013257,-1.3520742940716135e-06,-3.7830470644938694e-08,55.13054494759206,-1.3514824386600205e-06,3.7825145144485986e-08,55.106398770514986
0.341,2.9741410163231326e-06,3.7064632594913336e-08,55.12240695044264,2.973715221910939e-06,-3.8690360196929674e-08,55.11465479982466,-1.3520756571144632e-06,-3.783085539400923e-08,55.13060273059162,-1.3514843232581872e-06,3.78275059430091e-08,55.10647503419219
0.342,2.9741434154180697e-06,3.706499501027136e-08,55.12245620735753,2.973717992379076e-06,-3.8690627834401154e-08,55.11471087966268,-1.3520765924944105e-06,-3.783186314264119e-08,55.13064655944028,-1.3514851735350487e-06,3.7826568631583665e-08,55.10652040446857
0.343,2.9741461310793837e-06,3.706407329147327e-08,55.12250870074105,2.973722152063568e-06,-3.869104698230148e-08,55.114784562208825,-1.352078058689085e-06,-3.783107834052811e-08,55.130707646385545,-1.3514866708780867e-06,3.78269164313749e-08,55.10658281500645
0.344,2.974138854321608e-06,3.706667552660005e-08,55.12257478726771,2.9737245887779793e-06,-3.869053689851751e-08,55.114835681720436,-1.3520793845539942e-06,-3.7830919270977765e-08,55.13076310307376,-1.351488232539317e-06,3.7827691658064586e-08,55.10664768712397
0.345,2.97415220197124e-06,3.7066525825486885e-08,55.12262371197305,2.9737265490803627e-06,-3.8688938825062603e-08,55.114878982822816,-1.352080263273265e-06,-3.783081580850979e-08,55.13080601676681,-1.3514890607997154e-06,3.782660614514623e-08,55.106690553941064
0.346,2.9741546125939704e-06,3.706570266193883e-08,55.122670528100414,2.9737282516287433e-06,-3.868962860001994e-08,55.11491742558688,-1.3520811571030402e-06,-3.7829132116706386e-08,55.130847662071275,-1.3514903473330808e-06,3.7826372451328863e-08,55.10674574725853
0.347,2.974156003698599e-06,3.706501781234507e-08,55.12270333927164,2.973732129390594e-06,-3.869207142924589e-08,55.11498495652093,-1.3520824246484782e-06,-3.7830672343609706e-08,55.13090099051509,-1.3514915972677653e-06,3.78272581955866e-08,55.10679809058932
0.348,2.9741587215855157e-06,3.706484463339267e-08,55.12275445822769,2.97373443891136e-06,-3.869070169733995e-08,55.115031341117685,-1.3520835983293486e-06,-3.783208097532902e-08,55.130950231715914,-1.3514923275932766e-06,3.7826642856872966e-08,55.10683706916271
0.349,2.974160407455072e-06,3.706510377617676e-08,55.12279042905122,2.9737374172145616e-06,-3.8689713790529764e-08,55.115086236104105,-1.3520844135977285e-06,-3.783317052414788e-08,55.13098923491026,-1.351493660337286e-06,3.78265034542898e-08,55.10689121122611
0.35,2.974163337792001e-06,3.7065883184324793e-08,55.12284262155033,2.9737388656555144e-06,-3.86908044571838e-08,55.11512030040818,-1.352085595821127e-06,-3.7830987901129655e-08,55.131037458977104,-1.351494814063251e-06,3.782761658641033e-08,55.10694087640486
0.351,2.9741653504743327e-06,3.706598351564281e-08,55.12288282738277,2.973741812032374e-06,-3.869031178804375e-08,55.11517436513684,-1.3520861864258058e-06,-3.7830489691688497e-08,55.13106855945162,-1.3514959316839582e-06,3.782624255792934e-08,55.1069901187612
0.352,2.9741666025950305e-06,3.70644091821795e-08,55.12291168549031,2.9737438867206414e-06,-3.869041284075087e-08,55.115216067906104,-1.352087129602832e-06,-3.783107732631593e-08,55.13111012696477,-1.3514967028611723e-06,3.7826961916364926e-08,55.107027710533075
0.353,2.9741692441514513e-06,3.7064303446165374e-08,55.1229591943617,2.973745934215929e-06,-3.8690684159905716e-08,55.11525674139226,-1.3520879961556595e-06,-3.7831083734375236e-08,55.13114847877635,-1.3514976174174998e-06,3.782776599245644e-08,55.10706730264363
0.354,2.9741709221222154e-06,3.706506741461098e-08,55.12299329850855,2.973737020070984e-06,-3.868981674434667e-08,55.115297606550385,-1.3520890627902797e-06,-3.7831516358083055e-08,55.131192670397354,-1.3514986977853939e-06,3.782629771038406e-08,55.10711309257427
0.355,2.9741726246398047e-06,3.7065154200917854e-08,55.1230274847553,2.9737501080689545e-06,-3.8690541520467244e-08,55.11533913349072,-1.3520898070776714e-06,-3.783119942572413e-08,55.131225547885236,-1.3514994719222037e-06,3.782717102445871e-08,55.107149249649666
0.356,2.9741749027311724e-06,3.706657585147131e-08,55.12306903430516,2.9737521921600973e-06,-3.8691100499814373e-08,55.11537793867072,-1.3520904271626094e-06,-3.783201860078798e-08,55.131256680219394,-1.3515004735999475e-06,3.78276363447122e-08,55.10719147463733
0.357,2.9741762276609217e-06,3.7066227460365344e-08,55.123097731852724,2.9737537798751675e-06,-3.869109976622235e-08,55.115410979731365,-1.3520912330156134e-06,-3.783276606045011e-08,55.13129119690993,-1.3515010896702052e-06,3.7827635479110964e-08,55.107221672889764
0.358,2.9741785529686706e-06,3.706634460189121e-08,55.12313949824714,2.9737563219043903e-06,-3.869040337878733e-08,55.11545649743795,-1.3520921372655286e-06,-3.7832285017429786e-08,55.1313296354875,-1.3515021925848983e-06,3.782704508267647e-08,55.10726690488738
0.359,2.974179174171294e-06,3.706558825321408e-08,55.123157706292034,2.9737577494343256e-06,-3.8690288944164224e-08,55.11548656243349,-1.35209258550999e-06,-3.7832127326541685e-08,55.13135259629924,-1.351502927605154e-06,3.782771852581137e-08,55.107300776201456
0.36,2.9741820285496387e-06,3.70663139955427e-08,55.1232058400263,2.9737595377237315e-06,-3.8690783766758436e-08,55.11552157993026,-1.3520935618323937e-06,-3.7831900559237594e-08,55.1313925850456,-1.35150360412796e-06,3.782697238673901e-08,55.107332267397894
0.361,2.974182925221112e-06,3.7066084340879896e-08,55.12322748583273,2.9737612165019417e-06,-3.869153810414096e-08,55.115554619543786,-1.3520941797113149e-06,-3.7832265307793985e-08,55.13142082181365,-1.351504263141034e-06,3.782727816457801e-08,55.10736307049709
0.362,2.9741844126256245e-06,3.7066095557611315e-08,55.12325653315705,2.9737624573029522e-06,-3.869102183323863e-08,55.115580988393205,-1.3520947940312992e-06,-3.783178956763407e-08,55.13144893105857,-1.35150490460986e-06,3.7827203023900815e-08,55.107392857897125
0.363,2.974185599902928e-06,3.706570968418017e-08,55.12328121028112,2.9737641519406685e-06,-3.8691191986545114e-08,55.11561319148409,-1.352095270359348e-06,-3.7832356385177445e-08,55.13147226251549,-1.3515057307106995e-06,3.782816144800506e-08,55.107427102831835
0.364,2.974187695698792e-06,3.706536363208358e-08,55.12331784491148,2.9737657677955048e-06,-3.869116792333874e-08,55.11564433411915,-1.352096307331552e-06,-3.7831260553627835e-08,55.13151211900556,-1.3515063324420438e-06,3.782730855699483e-08,55.107454820349304
0.365,2.9741889350390267e-06,3.706591954712025e-08,55.12334301473054,2.9737673439046617e-06,-3.869112253280771e-08,55.11567448113384,-1.3520968644482877e-06,-3.783237157313922e-08,55.13153840248383,-1.3515069040955218e-06,3.7827086934698216e-08,55.10748112418912
0.366,2.974189938372609e-06,3.706579904647051e-08,55.123364880286005,2.9737691870509367e-06,-3.8690740956338945e-08,55.115708336672725,-1.3520972818818154e-06,-3.783240667774331e-08,55.13155932801351,-1.3515077651335007e-06,3.782738078465057e-08,55.107517032305864
0.367,2.974191304713914e-06,3.706572643216098e-08,55.12339072567052,2.973770432221133e-06,-3.869143267857669e-08,55.115733748226134,-1.3520978826121608e-06,-3.783223176927541e-08,55.13158579022685,-1.3515082068227426e-06,3.782725621039302e-08,55.10753920449302
0.368,2.974192616991661e-06,3.706731364299599e-08,55.123415886346194,2.973771371534532e-06,-3.8690050644669795e-08,55.11575450512403,-1.3520982695524143e-06,-3.783215373127747e-08,55.131605081919204,-1.3515089713759235e-06,3.782764918672003e-08,55.10757079659959
0.369,2.974193891985318e-06,3.706577745227423e-08,55.123440248172614,2.9737727993664107e-06,-3.869096151548567e-08,55.11578167466671,-1.352098880368746e-06,-3.78320695130405e-08,55.13163126485851,-1.3515094972253427e-06,3.782728807984646e-08,55.10759527977959
0.37,2.9741951237919263e-06,3.706583644013162e-08,55.12346401783232,2.97377424814288e-06,-3.8691827953657714e-08,55.1158087731237,-1.352099409704379e-06,-3.783182907702611e-08,55.13165474821828,-1.3515101077569078e-06,3.782775505476391e-08,55.10762200668654
0.371,2.9741958937692665e-06,3.706637238933689e-08,55.123481177972934,2.9737752886826014e-06,-3.869094574494271e-08,55.11583039625296,-1.3520998726301126e-06,-3.7831333167754326e-08,55.13167598966382,-1.3515106882180292e-06,3.7827411418023935e-08,55.107647478656986
0.372,2.9741975680482376e-06,3.70656391713521e-08,55.12351035291485,2.973776731555844e-06,-3.8690790345563864e-08,55.11585695747914,-1.3521003183093015e-06,-3.7832363849243e-08,55.131696638183854,-1.3515110239268433e-06,3.7827458723320085e-08,55.10766555712466
0.373,2.9741985101612972e-06,3.706615819186589e-08,55.123529571671995,2.9737779171584312e-06,-3.869129185467759e-08,55.11587980215013,-1.3521009518944675e-06,-3.783230713076478e-08,55.13172234525706,-1.3515115914861807e-06,3.7827345314383286e-08,55.10768978302022
0.374,2.9741991907417536e-06,3.70657633149339e-08,55.1235448621801,2.9737791268576896e-06,-3.8691507727017456e-08,55.1159030266504,-1.3521012686996197e-06,-3.783193742516914e-08,55.13173903009843,-1.3515121529056067e-06,3.782773558092593e-08,55.10771399930867
0.375,2.974200205719525e-06,3.706589649034064e-08,55.123564536313864,2.9737796631251854e-06,-3.869013733038155e-08,55.11591683895921,-1.3521016857362125e-06,-3.7831587088045715e-08,55.13175815609378,-1.3515125932654965e-06,3.782756072152967e-08,55.10773472192798
0.376,2.9742015840789774e-06,3.706670648551798e-08,55.12358895252494,2.9737812491665693e-06,-3.86913056447986e-08,55.11594458591378,-1.3521021205121324e-06,-3.783195326846236e-08,55.13177745542747,-1.3515132188830539e-06,3.782780682946601e-08,55.10776064838443
0.377,2.974202642977701e-06,3.706596081663599e-08,55.12360893992849,2.9737819469133816e-06,-3.869064998182388e-08,55.11596010577142,-1.352102576631869e-06,-3.7832372364358386e-08,55.13179748004259,-1.3515135372530934e-06,3.7828056071680194e-08,55.1077771250294
0.378,2.9742033808757688e-06,3.706606082416348e-08,55.123624398422834,2.973783321998564e-06,-3.869168847906711e-08,55.11598450768922,-1.3521029143426845e-06,-3.7832452444995895e-08,55.13181339563006,-1.3515138548125242e-06,3.782796595335805e-08,55.10779311504436
0.379,2.9742043127948445e-06,3.706624397299689e-08,55.12364237559662,2.9737841077273153e-06,-3.869095851546184e-08,55.11600079987332,-1.3521034586380367e-06,-3.783213119192977e-08,55.13183549813692,-1.3515143855265026e-06,3.7827890917126046e-08,55.10781549712853
0.38,2.974204842221167e-06,3.7066308385508995e-08,55.123654574535735,2.9737854075265186e-06,-3.869183803956386e-08,55.11602405367843,-1.3521036633472162e-06,-3.783237413910057e-08,55.13184765723486,-1.3515147445126275e-06,3.7827552073786816e-08,55.10783286768445
0.381,2.974206208237679e-06,3.706590217546164e-08,55.123677924101386,2.9737860239641175e-06,-3.869093313990174e-08,55.116038079796894,-1.352104126547052e-06,-3.783188778787061e-08,55.131867417821894,-1.3515152494063203e-06,3.7828267861391217e-08,55.1078537634323
0.382,2.974206775252369e-06,3.706649396304881e-08,55.123690240753874,2.9737866683595025e-06,-3.86910305638541e-08,55.11605187355808,-1.3521043531006099e-06,-3.7832055564520254e-08,55.13187927224469,-1.3515156389071019e-06,3.782822888403507e-08,55.10787162887067
0.383,2.974207855695396e-06,3.7066253323570094e-08,55.12370983353445,2.9737876565553118e-06,-3.869145711319304e-08,55.11607013325309,-1.3521048449623755e-06,-3.783182216688503e-08,55.13189933332036,-1.3515158401710316e-06,3.7827926785951425e-08,55.10788311543216
0.384,2.9742085833946993e-06,3.7066561084940695e-08,55.123724157358325,2.973788811866537e-06,-3.8691091397105534e-08,55.11609054387293,-1.3521051223330998e-06,-3.783239377877235e-08,55.131912530202584,-1.3515163537705798e-06,3.782786463163125e-08,55.10790472468467
0.385,2.9742092962395148e-06,3.706610342999966e-08,55.12373835252403,2.9737893385310917e-06,-3.869106059210895e-08,55.11610251355911,-1.3521055179449336e-06,-3.7832251494060635e-08,55.13193004803891,-1.3515166146007785e-06,3.7828168366675494e-08,55.10791792022148
0.386,2.974210125768262e-06,3.7066369916910794e-08,55.12375381021545,2.973790251751837e-06,-3.869154572647589e-08,55.11611925825207,-1.3521057993798652e-06,-3.7832144501397934e-08,55.13194324876159,-1.3515169413624319e-06,3.782801410327069e-08,55.1079330810243
0.387,2.9742106399321348e-06,3.7066101409778306e-08,55.12376487680028,2.9737910756995282e-06,-3.8691318455155776e-08,55.11613503626154,-1.3521061191330697e-06,-3.7832156779714767e-08,55.13195784170982,-1.35151729519248e-06,3.782760919889935e-08,55.10794874048962
0.388,2.974211392555335e-06,3.706643778253985e-08,55.12377888781765,2.9737918011760817e-06,-3.869115841145552e-08,55.11614925766078,-1.3521063113999612e-06,-3.783191630457333e-08,55.13196829249539,-1.3515176208922684e-06,3.782762106595193e-08,55.107963154643755
0.389,2.9742122245809593e-06,3.706623917739071e-08,55.1237941135316,2.9737924737119985e-06,-3.8691137246582044e-08,55.11616247782463,-1.3521066507274238e-06,-3.783195194097856e-08,55.131982990387016,-1.3515179782103965e-06,3.7828239730259456e-08,55.10797909063517
0.39,2.974212797059632e-06,3.70659460424821e-08,55.123805622137056,2.973793181450154e-06,-3.869119600047101e-08,55.11617600838839,-1.3521068858716279e-06,-3.783222556004168e-08,55.131994246821705,-1.351518185606351e-06,3.782805625700505e-08,55.107990156251574
0.391,2.9742134346779606e-06,3.7066749985371175e-08,55.123817944768206,2.9737938211177737e-06,-3.869112590476519e-08,55.11618848351476,-1.3521071120783841e-06,-3.783202676171823e-08,55.13200549351458,-1.3515184698136908e-06,3.782822265839675e-08,55.108003178401006
0.392,2.974213833156574e-06,3.706637244517931e-08,55.12382665183122,2.973794348276782e-06,-3.8691279338224774e-08,55.11619928334274,-1.3521072560125854e-06,-3.7831907656254947e-08,55.132013817564925,-1.351518825279313e-06,3.7828294932064355e-08,55.10801854196269
0.393,2.974214594770094e-06,3.706640544241585e-08,55.12384020983538,2.9737951882472533e-06,-3.869145228170414e-08,55.11621422436346,-1.3521076399670918e-06,-3.783205012501588e-08,55.13202907836781,-1.3515191121997977e-06,3.782804922645228e-08,55.10803145558093
0.394,2.97421495693982e-06,3.706645634979902e-08,55.123848296235806,2.9737957797201045e-06,-3.869157257257706e-08,55.116225821901196,-1.3521079329614024e-06,-3.783209370115271e-08,55.132041856616866,-1.3515193247383814e-06,3.7827778680149856e-08,55.10804229729207
0.395,2.9742155638699283e-06,3.706603377572853e-08,55.12385954375273,2.973796488077248e-06,-3.869142080697419e-08,55.116238801778664,-1.3521081555641936e-06,-3.783231011121371e-08,55.13205256387249,-1.3515195384327e-06,3.7827937322047984e-08,55.10805273958077
0.396,2.974216096503375e-06,3.706621060556555e-08,55.12386974884902,2.973797249237863e-06,-3.869108106813847e-08,55.11625252683987,-1.3521082489665108e-06,-3.783226377599406e-08,55.13205918810682,-1.3515198184032785e-06,3.782805555610032e-08,55.10806535095739
0.397,2.974216781298247e-06,3.706627325852023e-08,55.123881845529056,2.9737977226291577e-06,-3.8691197091564856e-08,55.11626221359094,-1.352108517194059e-06,-3.7832245049099515e-08,55.13207086658686,-1.3515200486311983e-06,3.782786264975928e-08,55.10807622985496
0.398,2.974217297230447e-06,3.706653691910045e-08,55.12389171620222,2.973798180308137e-06,-3.8691383753846087e-08,55.11627170992706,-1.3521087044698902e-06,-3.7832232540674245e-08,55.132079823476744,-1.3515202786606677e-06,3.782831140751936e-08,55.10808699346623
0.399,2.974217959719357e-06,3.70666518921446e-08,55.1239035129061,2.973798787285235e-06,-3.869149563401989e-08,55.116282850519795,-1.3521089235918808e-06,-3.783228497369128e-08,55.13208993556499,-1.351520482852847e-06,3.782823862570549e-08,55.108096816077705
0.4,2.9742182836784715e-06,3.706649255923265e-08,55.12391059817752,2.9737992579019922e-06,-3.869163139824953e-08,55.11629214626264,-1.3521091737943893e-06,-3.7832268565482223e-08,55.13210085410401,-1.3515207244723207e-06,3.782822877684107e-08,55.10810774778419
0.401,2.9742187288283055e-06,3.706656572787919e-08,55.123919254541335,2.9737997858747044e-06,-3.869147616335654e-08,55.11630209176107,-1.3521093068465864e-06,-3.783215603798977e-08,55.132108190875144,-1.351520945444499e-06,3.78282411269531e-08,55.10811798871046
0.402,2.974219142292653e-06,3.706637669577815e-08,55.12392726053427,2.9738002051117643e-06,-3.86914362703284e-08,55.11631047653155,-1.3521094938624182e-06,-3.783215624658826e-08,55.13211699147938,-1.3515211157128978e-06,3.782794603264772e-08,55.10812648743615
0.403,2.9742197350458994e-06,3.7066398076387506e-08,55.12393765826846,2.9738006769767803e-06,-3.8691286635856825e-08,55.11631949640919,-1.3521097204512067e-06,-3.78320871631195e-08,55.132127118450555,-1.3515212772013928e-06,3.7828180575643066e-08,55.10813493680355
0.404,2.974220078476746e-06,3.70665425736982e-08,55.12394468191627,2.9738011090909365e-06,-3.869115650830465e-08,55.11632781467746,-1.3521098203133274e-06,-3.7832328550421745e-08,55.132133018509506,-1.3515215510485185e-06,3.782835478464254e-08,55.10814647385227
0.405,2.9742206382996895e-06,3.706665417029281e-08,55.12395450045106,2.9738016108568796e-06,-3.8691517241442356e-08,55.116336957333274,-1.3521100193340319e-06,-3.783203812915979e-08,55.1321419823941,-1.3515216749263078e-06,3.782817308704511e-08,55.10815328502444
0.406,2.974220894936361e-06,3.706658225994024e-08,55.123960200595036,2.9738020669137435e-06,-3.8691467895749715e-08,55.11634545287933,-1.3521101623859967e-06,-3.7832239084851536e-08,55.132149100357864,-1.351521878274229e-06,3.7828436554975226e-08,55.10816264554383
0.407,2.9742214868641435e-06,3.706654005174291e-08,55.123970338942144,2.9738025349050237e-06,-3.8691442728972914e-08,55.11635411697718,-1.3521102943860747e-06,-3.783213641313257e-08,55.13215589680365,-1.3515220231200555e-06,3.7828387990216946e-08,55.10817016065674
0.408,2.9742216917532006e-06,3.7066719556349514e-08,55.12397522745886,2.9738029833625586e-06,-3.8691482243067526e-08,55.11636242184046,-1.3521104365339157e-06,-3.7832041457731953e-08,55.13216306117229,-1.3515222316487937e-06,3.78280832289867e-08,55.10817953047152
0.409,2.974221996201687e-06,3.706640517285495e-08,55.12398120343569,2.973803361384137e-06,-3.869126843511191e-08,55.11636965529233,-1.3521105727512038e-06,-3.7832461344544676e-08,55.13216974337753,-1.3515223269625271e-06,3.7828194762527887e-08,55.10818520932652
0.41,2.9742223954668755e-06,3.7066693975894156e-08,55.12398844246263,2.97380372446172e-06,-3.869144930420071e-08,55.11637672062997,-1.352110743183119e-06,-3.783235777053228e-08,55.132177490232834,-1.3515225202306285e-06,3.782851966101659e-08,55.10819392699405
0.411,2.9742228082706355e-06,3.706660102865868e-08,55.12399580338408,2.973804093219882e-06,-3.8691512232188264e-08,55.116383755621314,-1.3521108754780636e-06,-3.7832295817461335e-08,55.13218381697395,-1.3515226586051546e-06,3.782828229364949e-08,55.10820083773942
0.412,2.974223169928696e-06,3.706661263012329e-08,55.124002489009825,2.973804529834785e-06,-3.8691446043139324e-08,55.116391589230346,-1.3521110180780347e-06,-3.783232616877609e-08,55.13219080081271,-1.351522748372385e-06,3.782812555501219e-08,55.108206163050994
0.413,2.974223496786181e-06,3.706657894381438e-08,55.12400856247588,2.973804778258801e-06,-3.869139447659165e-08,55.11639684180295,-1.3521111495548123e-06,-3.783231537033855e-08,55.132197120888776,-1.3515229413935931e-06,3.782835817178301e-08,55.10821466499711
0.414,2.974223755833173e-06,3.7066532645499715e-08,55.124013758545914,2.9738052651691823e-06,-3.8691740555553554e-08,55.11640515639195,-1.3521112662591423e-06,-3.7832278604355275e-08,55.1322029980206,-1.3515230754670324e-06,3.78283964042092e-08,55.10822133517894
0.415,2.974224034553125e-06,3.706649114139336e-08,55.12401901988909,2.9738056410609506e-06,-3.86914328774239e-08,55.11641204790061,-1.3521113154577686e-06,-3.78323643539078e-08,55.13220691627009,-1.3515232048099359e-06,3.782839239878595e-08,55.108227703946625
0.416,2.974224339697283e-06,3.706661301285184e-08,55.12402469258886,2.9738059774582323e-06,-3.8691436484839573e-08,55.116418319380145,-1.3521114630077824e-06,-3.783225592898451e-08,55.13221364965125,-1.351523327125012e-06,3.782818833082339e-08,55.10823386043833
0.417,2.974224783020538e-06,3.70667763194777e-08,55.124032108547624,2.973806198024182e-06,-3.8691335487795564e-08,55.11642299558467,-1.3521116021100708e-06,-3.7832205182052785e-08,55.13222002982974,-1.3515234916391714e-06,3.78282268730532e-08,55.108241399524815
0.418,2.9742250356864615e-06,3.706649358996971e-08,55.12403704808003,2.9738065558669217e-06,-3.8691371465711825e-08,55.116429400960456,-1.3521116636254557e-06,-3.783211356001372e-08,55.132224087672626,-1.3515235760904873e-06,3.782839857762962e-08,55.10824629849368
0.419,2.9742253127085733e-06,3.7066539358969697e-08,55.1240421449949,2.9738067838542555e-06,-3.869136660111262e-08,55.116434017592354,-1.352111795853305e-06,-3.783232988196278e-08,55.1322301903505,-1.3515236691575777e-06,3.7828308813227616e-08,55.10825147796356
0.42,2.974225530509699e-06,3.7066688798354735e-08,55.124046405225656,2.973807144809638e-06,-3.869143272160033e-08,55.11644034038339,-1.3521118645598362e-06,-3.783246574227346e-08,55.132234362851065,-1.351523754712929e-06,3.782835984786155e-08,55.10825632894607
0.421,2.9742257512235237e-06,3.706659949776021e-08,55.12405065412713,2.973807402333946e-06,-3.869149487352666e-08,55.116445235639446,-1.3521119567895642e-06,-3.783232091653127e-08,55.13223916200286,-1.3515238780291228e-06,3.7828331576216605e-08,55.10826231822574
0.422,2.974226187768604e-06,3.706668419119753e-08,55.124057791307195,2.97380768191426e-06,-3.869128273119728e-08,55.11645035172599,-1.352112060400358e-06,-3.7832225977907624e-08,55.132244203959075,-1.3515130046200568e-06,3.782832033074742e-08,55.1082678434302
0.423,2.974226406592634e-06,3.706663554902126e-08,55.1240620223397,2.97380794184675e-06,-3.869151786595676e-08,55.11645521469373,-1.3521121844516391e-06,-3.783223933718085e-08,55.132249944711674,-1.3515239566028043e-06,3.78283908308976e-08,55.10827223806791
0.424,2.974226610057473e-06,3.706656746567872e-08,55.12406594970844,2.9738082018415685e-06,-3.869148408906866e-08,55.11645996881931,-1.3521122401199997e-06,-3.783226170796386e-08,55.132253588100184,-1.3515241565711472e-06,3.782839348182139e-08,55.10827692494256
0.425,2.974226841858071e-06,3.7066639707775236e-08,55.12407016474273,2.9738084583471838e-06,-3.869145344032853e-08,55.11646463176601,-1.3521123097545444e-06,-3.783234892146849e-08,55.13225747602894,-1.3515242382936728e-06,3.782831885597619e-08,55.10828137977346
0.426,2.9742270891214422e-06,3.7066582505689644e-08,55.12407459449446,2.973808697341799e-06,-3.86914619076522e-08,55.11646902172323,-1.3521124303279226e-06,-3.78323922830483e-08,55.13226302798685,-1.3515243244922475e-06,3.7828389737322085e-08,55.108285893555404
0.427,2.9742272757368443e-06,3.70665650533647e-08,55.124078130169835,2.9738090152593357e-06,-3.8691565790998724e-08,55.116474433648136,-1.3521125031037152e-06,-3.7832329494082993e-08,55.13226705365497,-1.3515244226473623e-06,3.782842372503994e-08,55.108290803984374
0.428,2.9742274893254143e-06,3.706666044477521e-08,55.12408199841633,2.9738091435955946e-06,-3.8691450165190804e-08,55.11647730955109,-1.352112537718363e-06,-3.783228660751439e-08,55.13226997438679,-1.3515244735320153e-06,3.7828426244238665e-08,55.10829423900488
0.429,2.9742277695603424e-06,3.706671899238717e-08,55.124086721122424,2.9738094253015852e-06,-3.86914087135426e-08,55.1164820800341,-1.3521126066859098e-06,-3.7832366918386416e-08,55.13227377619137,-1.3515245959509834e-06,3.782832500291763e-08,55.10829972030953
0.43,2.9742278947635485e-06,3.706651341242514e-08,55.12408930571432,2.973809715639255e-06,-3.8691513741436255e-08,55.11648709987777,-1.3521126809950956e-06,-3.7832412576922826e-08,55.1322776674977,-1.3515246441480873e-06,3.782836915979462e-08,55.108303030537954
0.431,2.974228101142191e-06,3.706664869623349e-08,55.12409298376133,2.9738098815745577e-06,-3.869144661651718e-08,55.11649030129901,-1.3521127160192972e-06,-3.7832234946554944e-08,55.13228045953889,-1.3515247245837624e-06,3.782845533656909e-08,55.10830725005661
0.432,2.9742282817623413e-06,3.706676605811773e-08,55.124096245836924,2.97381004455049e-06,-3.869151913868022e-08,55.11649341020134,-1.3521128006204728e-06,-3.7832306677090466e-08,55.132284546813665,-1.3515248093354176e-06,3.782842742716425e-08,55.108311533039256
0.433,2.9742285533513297e-06,3.7066685427643317e-08,55.12410071977001,2.973810278083206e-06,-3.8691550683475883e-08,55.116497471001324,-1.3521128641108116e-06,-3.783236991432607e-08,55.13228807420744,-1.3515248680721533e-06,3.7828525046612235e-08,55.108315026660975
0.434,2.9742286892767634e-06,3.706661372988569e-08,55.12410333606125,2.9738104769110954e-06,-3.8691629253229834e-08,55.116501033462185,-1.3521129089502625e-06,-3.7832290266930665e-08,55.13229098891463,-1.3515249054821622e-06,3.782843891345059e-08,55.10831786053734
0.435,2.9742289094195998e-06,3.70666228082413e-08,55.12410705235601,2.973810716891247e-06,-3.869149445654097e-08,55.11650510474283,-1.3521129762044973e-06,-3.783232192395843e-08,55.132294555287686,-1.3515249827707999e-06,3.7828412757077226e-08,55.10832181457974
0.436,2.9742290354693746e-06,3.706674084709132e-08,55.12410945401419,2.973810911612002e-06,-3.869152122609249e-08,55.116508538682695,-1.3521130106013363e-06,-3.783238712322436e-08,55.13229701448657,-1.3515250471104154e-06,3.7828410971173134e-08,55.10832540701996
0.437,2.9742292023732426e-06,3.706663982151302e-08,55.124112402916765,2.9738110545482326e-06,-3.869164226561594e-08,55.11651129078251,-1.3521130888308828e-06,-3.783241544979375e-08,55.13230088440669,-1.3515250655304987e-06,3.7828377651491584e-08,55.10832751324051
0.438,2.974229360465752e-06,3.706664948600487e-08,55.12411516935782,2.9738112548639962e-06,-3.86913994308534e-08,55.116514723933136,-1.3521131185145756e-06,-3.783237287267612e-08,55.13230325759989,-1.351525161386811e-06,3.7828474657835286e-08,55.10833191419664
0.439,2.974229575232545e-06,3.706669062549877e-08,55.12411868379847,2.9738113917713545e-06,-3.8691499470577435e-08,55.116517271830205,-1.3521131546656851e-06,-3.7832284156323096e-08,55.13230578078941,-1.3515251994223358e-06,3.782848569227563e-08,55.108334634481096
0.44,2.974229739617713e-06,3.7066655422801276e-08,55.12412155035901,2.9738115832617904e-06,-3.8691572672726745e-08,55.1165205538566,-1.3521132098096323e-06,-3.783228821489274e-08,55.13230883622985,-1.3515252560680631e-06,3.7828479074841347e-08,55.10833783649284
0.441,2.9742298544642405e-06,3.7066565206911574e-08,55.12412365431197,2.9738117478634905e-06,-3.869153073561974e-08,55.11652342144065,-1.3521132550211424e-06,-3.783236474957658e-08,55.13231152107326,-1.3515252870980301e-06,3.782845444230379e-08,55.10834023810719
0.442,2.9742299973894155e-06,3.706670084444269e-08,55.12412613579542,2.973811925795104e-06,-3.8691440878958354e-08,55.11652645626161,-1.352113267835493e-06,-3.78323798248213e-08,55.132313292900406,-1.3515253561514713e-06,3.7828457430436604e-08,55.10834376034853
0.443,2.974230174861002e-06,3.7066632831523707e-08,55.12412904639662,2.973812097783792e-06,-3.869150560726504e-08,55.11652936082993,-1.3521133481062e-06,-3.783239358986121e-08,55.132317063466246,-1.35152538784853e-06,3.782842010698352e-08,55.1083461711773
0.444,2.9742303034255533e-06,3.706669932726951e-08,55.124131298962965,2.973812225524919e-06,-3.8691495634747175e-08,55.1165316918064,-1.352113370320426e-06,-3.7832441630572304e-08,55.13231904049782,-1.3515254322161836e-06,3.7828529755434936e-08,55.108348923602094
0.445,2.9742304310852736e-06,3.706669069483781e-08,55.1241334995409,2.9738123429631843e-06,-3.869151243952017e-08,55.11653377176637,-1.3521134108972123e-06,-3.7832386990277007e-08,55.132321611489274,-1.3515254578192232e-06,3.782844806381972e-08,55.108351004808924
0.446,2.974230566360196e-06,3.70666502542642e-08,55.12413575578455,2.97381252394558e-06,-3.869155454618033e-08,55.11653676689447,-1.3521134251496259e-06,-3.7832367888782724e-08,55.132323296523836,-1.3515255065411072e-06,3.7828501053038666e-08,55.10835386455669
0.447,2.9742307203915824e-06,3.70666676149166e-08,55.12413830109918,2.9738126359009606e-06,-3.869150153574678e-08,55.11653874610508,-1.3521134645978764e-06,-3.783233271102188e-08,55.13232570613155,-1.3515255417038961e-06,3.782849265841369e-08,55.10835621481341
0.448,2.9742308739327873e-06,3.7066742043708714e-08,55.12414079999965,2.973812748919059e-06,-3.869151747664567e-08,55.11654074849554,-1.3521134972276379e-06,-3.7832351235935145e-08,55.1323279261466,-1.3515255612155466e-06,3.782851545177384e-08,55.10835820971489
0.449,2.9742309916315254e-06,3.706671900462563e-08,55.12414277991316,2.9738129054917474e-06,-3.869148713171326e-08,55.116543308885824,-1.3521135330575974e-06,-3.7832384726565944e-08,55.13233022125678,-1.3515256219918385e-06,3.782848663140041e-08,55.1083612300701
0.45,2.974231103358302e-06,3.7066716431093e-08,55.12414468583681,2.973813036702145e-06,-3.8691522308153524e-08,55.116545498183,-1.3521135421154408e-06,-3.783233873956567e-08,55.13233169612974,-1.3515256347751877e-06,3.7828504934137066e-08,55.10836292447462
0.451,2.9742312362403766e-06,3.70667511863847e-08,55.12414684682379,2.9738131686987587e-06,-3.8691536167993074e-08,55.116547681867374,-1.3521135860410422e-06,-3.783236172705505e-08,55.1323342155346,-1.3515256633611546e-06,3.782843688313278e-08,55.108364987992374
0.452,2.974231297717655e-06,3.706671472184364e-08,55.12414800887629,2.9738132876305057e-06,-3.8691470385566535e-08,55.116549650966675,-1.352113574848946e-06,-3.78322842301543e-08,55.13233507242623,-1.3515257117935075e-06,3.782847748638606e-08,55.108367685884346
0.453,2.974231417356082e-06,3.706664375721196e-08,55.12414991827259,2.9738134265109426e-06,-3.869152226814236e-08,55.11655190417106,-1.3521136302892362e-06,-3.783237086833872e-08,55.132337813249165,-1.351525718244413e-06,3.782841660102018e-08,55.1083691016818
0.454,2.9742315313907282e-06,3.706666441819242e-08,55.124151744956265,2.9738135258801283e-06,-3.8691543851794487e-08,55.11655361293194,-1.3521136463996148e-06,-3.783235563935186e-08,55.13233942583926,-1.3515257438509492e-06,3.782849403827978e-08,55.10837105684644
0.455,2.974231624465368e-06,3.7066695059957706e-08,55.124153280154374,2.973813633252322e-06,-3.869153169282608e-08,55.1165553852405,-1.3521136628044144e-06,-3.7832356478608964e-08,55.13234102960456,-1.351525775752585e-06,3.7828532846283016e-08,55.108373193047925
0.456,2.9742317844164577e-06,3.706669154846494e-08,55.12415568173594,2.9738137660777335e-06,-3.86914554942609e-08,55.11655747440729,-1.3521136763898666e-06,-3.783233983169345e-08,55.13234254247372,-1.3515257973310586e-06,3.7828459524196805e-08,55.10837503021601
0.457,2.974231863946248e-06,3.706674733134349e-08,55.124157026577166,2.973813875854999e-06,-3.8691503852609664e-08,55.1165592583438,-1.3521136921442415e-06,-3.7832356348579216e-08,55.132344101704476,-1.3515258147557528e-06,3.7828496452945984e-08,55.10837667252912
0.458,2.974231982288135e-06,3.7066723578884416e-08,55.12415885833829,2.9738139887214075e-06,-3.8691565534395545e-08,55.1165610746812,-1.352113719270819e-06,-3.783239181250715e-08,55.13234596625033,-1.3515258385222132e-06,3.7828522797417464e-08,55.108378529740705
0.459,2.974232062251704e-06,3.706671629656188e-08,55.12416016076324,2.9738140927630675e-06,-3.869154528118056e-08,55.11656275399319,-1.3521137310286747e-06,-3.78323820028135e-08,55.13234737942608,-1.351525858859952e-06,3.782851386309102e-08,55.10838024401758
0.46,2.97422115968814e-06,3.706668368070798e-08,55.12416157509202,2.973814181126517e-06,-3.8691579908046155e-08,55.11656418833367,-1.3521137551489357e-06,-3.783235500006933e-08,55.13234914501116,-1.3515258612319746e-06,3.78284716162134e-08,55.10838139358174
0.461,2.974232129682154e-06,3.7066652320184574e-08,55.124162922615724,2.97381427383944e-06,-3.869152604206952e-08,55.116565653997455,-1.352113770735177e-06,-3.783238033887768e-08,55.132350644332135,-1.3515258817744683e-06,3.7828523755433723e-08,55.10838309178018
0.462,2.974232341760708e-06,3.706669141393972e-08,55.124164519365394,2.973814385747715e-06,-3.8691593745057955e-08,55.116567400372176,-1.3521137790002078e-06,-3.783235355376944e-08,55.132351913559575,-1.3515258957357448e-06,3.782850770681837e-08,55.10838457754109
0.463,2.9742324295893884e-06,3.706671430813959e-08,55.12416584892652,2.973814459497122e-06,-3.869153436542046e-08,55.11656859167962,-1.352113780447057e-06,-3.783237137952099e-08,55.1323529752182,-1.3515259148002194e-06,3.782854357076873e-08,55.10838620789323
0.464,2.974232517221767e-06,3.7066715829997866e-08,55.124167177137565,2.9738145582579926e-06,-3.8691580760154656e-08,55.11657010613206,-1.3521137978220795e-06,-3.783233926920637e-08,55.13235447031822,-1.3515259229460616e-06,3.782852116887235e-08,55.108387473902496
0.465,2.9742325846762862e-06,3.7066703035980773e-08,55.1241682183591,2.97381467890079e-06,-3.8691546322883647e-08,55.11657190846462,-1.3521138053885706e-06,-3.783236358303002e-08,55.132355682713595,-1.351525948767318e-06,3.782847322570726e-08,55.108389289747095
0.466,2.9742326680465273e-06,3.706668519682353e-08,55.12416945300002,2.973814758132215e-06,-3.869155926787899e-08,55.11657315179016,-1.352113822709754e-06,-3.7832386514871453e-08,55.13235719154606,-1.3515259465217066e-06,3.7828464205703674e-08,55.10839022576525
0.467,2.9742327530623636e-06,3.706669038495123e-08,55.124170703840235,2.9738148258462953e-06,-3.869154970840517e-08,55.1165742236804,-1.3521138257558649e-06,-3.7832352770815226e-08,55.132358234746974,-1.3515259607424267e-06,3.782850057788426e-08,55.10839165000445
0.468,2.9742328240216543e-06,3.706672281445656e-08,55.124171751738075,2.9738149191687872e-06,-3.869157305388347e-08,55.11657561888492,-1.3521138319192807e-06,-3.7832360873398436e-08,55.13235936949519,-1.3515259748525904e-06,3.782850038190704e-08,55.10839307753892
0.469,2.974232922305215e-06,3.706672269260015e-08,55.12417316567826,2.973814993341382e-06,-3.8691551668080746e-08,55.11657673880492,-1.3521138368288454e-06,-3.783233473460723e-08,55.13236046100377,-1.3515259773265179e-06,3.782847409870341e-08,55.10839411448384
0.47,2.9742329955616927e-06,3.7066728494203454e-08,55.12417423245196,2.973815077481644e-06,-3.869156249243331e-08,55.11657797514914,-1.352113842515484e-06,-3.7832417465908006e-08,55.13236155332487,-1.3515259850295634e-06,3.782852027236577e-08,55.10839535701018
0.471,2.9742330635731665e-06,3.7066721932461796e-08,55.12417521863702,2.973815141277316e-06,-3.8691569649630316e-08,55.11657893333788,-1.3521138540020996e-06,-3.7832383733551474e-08,55.13236282545678,-1.3515259820615684e-06,3.78284907352514e-08,55.1083961960223
0.472,2.9742331428560195e-06,3.706669587869806e-08,55.124176347840745,2.973815246417056e-06,-3.869156583481079e-08,55.11658043567334,-1.35211385505383e-06,-3.783238829059813e-08,55.132363794270276,-1.3515259947996158e-06,3.782850330664682e-08,55.10839754444112
0.473,2.974233221336058e-06,3.706671822678458e-08,55.124177461963,2.973815306641234e-06,-3.8691543882019216e-08,55.11658132703701,-1.3521138602046203e-06,-3.783236296915737e-08,55.132364821098875,-1.351526002826405e-06,3.7828512929839964e-08,55.10839870904441
0.474,2.9742332850341657e-06,3.706673119779683e-08,55.12417835951689,2.973815373956982e-06,-3.869156133844269e-08,55.116582304123014,-1.3521138578256665e-06,-3.783240382659179e-08,55.13236566206942,-1.3515260105315731e-06,3.782853730682652e-08,55.108399883767774
0.475,2.974233361825048e-06,3.7066719427969124e-08,55.12417943209945,2.973815448372062e-06,-3.869152123253934e-08,55.11658335952866,-1.3521138649757553e-06,-3.7832354675530776e-08,55.13236676249225,-1.351526015752286e-06,3.7828515062137306e-08,55.10840095244809
0.476,2.97423341429921e-06,3.706672865365341e-08,55.12418016014841,2.973815514845026e-06,-3.869156542256364e-08,55.11658429398514,-1.3521138587753573e-06,-3.783238765713808e-08,55.1323674627953,-1.3515260173034914e-06,3.7828517757390824e-08,55.1084019300481
0.477,2.974233481832554e-06,3.706673870894728e-08,55.12418107935484,2.973815580070991e-06,-3.8691546098828e-08,55.11658521321655,-1.3521138605850753e-06,-3.783237336175768e-08,55.13236837455139,-1.3515260158921422e-06,3.7828516649930265e-08,55.10840279897833
0.478,2.974233556648338e-06,3.706673565511552e-08,55.124182081621214,2.9738156556710025e-06,-3.8691574293588055e-08,55.116586254766005,-1.3521138630601988e-06,-3.783237445581177e-08,55.13236931764854,-1.3515260111311843e-06,3.782851822786577e-08,55.10840356048061
0.479,2.974233614411262e-06,3.7066734563369486e-08,55.12418286023582,2.9738157124106395e-06,-3.86915552117465e-08,55.11658703064417,-1.3521138604093228e-06,-3.783237506357078e-08,55.132370077975025,-1.3515260203872114e-06,3.7828533758577866e-08,55.108404710090824
0.48,2.9742336556638943e-06,3.706672270250125e-08,55.1241834031548,2.9738157879315346e-06,-3.8691585222989566e-08,55.116588051788355,-1.3521138529669923e-06,-3.78323741255041e-08,55.13237070408306,-1.3515260178945764e-06,3.782853804122343e-08,55.10840552140853
0.481,2.9742337259227497e-06,3.7066735464828006e-08,55.12418431101851,2.9738158428610487e-06,-3.869155363010125e-08,55.11658879883774,-1.352113857386534e-06,-3.7832358114085484e-08,55.13237167480159,-1.351526022065298e-06,3.782852833503811e-08,55.108406529924395
0.482,2.974233788968801e-06,3.706670998336732e-08,55.12418513077553,2.973815904302044e-06,-3.869158340388565e-08,55.11658960999493,-1.3521138564027494e-06,-3.7832377512207264e-08,55.132372479988504,-1.351526015309591e-06,3.7828529312769403e-08,55.10840717325753
0.483,2.974233840244669e-06,3.706673411235832e-08,55.12418578171581,2.973815974192213e-06,-3.869158154557395e-08,55.116590550655005,-1.3521138495945018e-06,-3.783237271361061e-08,55.13237311615396,-1.3515260163658158e-06,3.782853265437616e-08,55.10840808447732
0.484,2.9742339070869493e-06,3.7066726199435e-08,55.1241866358818,2.973816029035987e-06,-3.86915546367336e-08,55.11659126077086,-1.352113844869271e-06,-3.7832367329832484e-08,55.13237377693714,-1.3515260130386424e-06,3.78285322508584e-08,55.108408827975126
0.485,2.9742339395262648e-06,3.7066717344550745e-08,55.12418701442107,2.973816098571561e-06,-3.8691593892416303e-08,55.116592162406405,-1.3521138380309706e-06,-3.783237498164533e-08,55.13237440080971,-1.3515260051111814e-06,3.782850696693715e-08,55.10840942631741
0.486,2.974234010030499e-06,3.706674070547673e-08,55.124187893955664,2.9738161519994278e-06,-3.869157153990504e-08,55.11659285497764,-1.3521138387110517e-06,-3.783238904029018e-08,55.13237521567696,-1.3515260097251097e-06,3.782855187494496e-08,55.10841042022571
0.487,2.9742340690583276e-06,3.706673007421255e-08,55.12418862070878,2.97381619812458e-06,-3.8691551816575494e-08,55.116593429779996,-1.3521138327452504e-06,-3.783237551317584e-08,55.132375848463425,-1.3515260016441502e-06,3.782853077379128e-08,55.10841102361634
0.488,2.97423411146532e-06,3.706671962014544e-08,55.1241891229444,2.9738162497797084e-06,-3.869158059025499e-08,55.116594068694724,-1.3521138282444375e-06,-3.783237894195306e-08,55.132376504944475,-1.3515259946906103e-06,3.7828540235368684e-08,55.10841162072023
0.489,2.974234177786533e-06,3.706673659113391e-08,55.124189935261995,2.973816313856975e-06,-3.869156152620316e-08,55.116594871840675,-1.352113823655789e-06,-3.783239135503437e-08,55.13237717176746,-1.3515259961824564e-06,3.782855178406253e-08,55.1084124889949
0.49,2.974234225426854e-06,3.706675433751566e-08,55.12419049995869,2.973816357015333e-06,-3.869155925389164e-08,55.11659538093144,-1.3521138126391972e-06,-3.7832382227262884e-08,55.1323776214889,-1.3515259849355783e-06,3.7828530927858396e-08,55.10841295828824
0.491,2.9742342762575993e-06,3.706672277673257e-08,55.12419109282001,2.973816414712368e-06,-3.86915755814197e-08,55.11659608290712,-1.3521138089151076e-06,-3.7832372527885164e-08,55.132378283337346,-1.3515259805100802e-06,3.7828550215356826e-08,55.10841365571804
0.492,2.974234324042045e-06,3.706671797127246e-08,55.1241916387648,2.9738164699867973e-06,-3.869158538591728e-08,55.11659675161465,-1.3521138044312184e-06,-3.78323668752321e-08,55.13237893899421,-1.3515259765243378e-06,3.782854477207458e-08,55.10841433490809
0.493,2.9742343609177496e-06,3.706671833090621e-08,55.124192033960824,2.9738165204197895e-06,-3.8691587655889266e-08,55.11659734771874,-1.352113794170484e-06,-3.783236720984471e-08,55.13237941520384,-1.3515259691844238e-06,3.782854125204301e-08,55.10841491191216
0.494,2.9742344056634407e-06,3.706672794713243e-08,55.124192519590906,2.9738165649284605e-06,-3.869156977247132e-08,55.11659785716273,-1.3521137842598385e-06,-3.7832395951859066e-08,55.13237988484934,-1.3515259578375298e-06,3.7828522471973085e-08,55.108415371146265
0.495,2.9742344615046434e-06,3.706672547581126e-08,55.12419315153615,2.973816614864407e-06,-3.869157313496456e-08,55.11659843315891,-1.3521137790065792e-06,-3.7832378654599223e-08,55.13238049852551,-1.3515259515112957e-06,3.7828541675829076e-08,55.10841596641997
0.496,2.974234510019184e-06,3.706672380646187e-08,55.124193684787926,2.9738166589041605e-06,-3.869157911073153e-08,55.1165989273393,-1.3521137700192445e-06,-3.783238095460329e-08,55.13238098865273,-1.3515259401051356e-06,3.782853855340501e-08,55.10841641025016
0.497,2.974234557626247e-06,3.7066744893635345e-08,55.12419421091779,2.9738167056661695e-06,-3.869156971515083e-08,55.116599445670246,-1.352113757680042e-06,-3.783238476060449e-08,55.132381388199946,-1.351525934917855e-06,3.7828558105326614e-08,55.1084170424151
0.498,2.9742346000925726e-06,3.706674844344635e-08,55.12419465372291,2.9738167456436174e-06,-3.869156298737666e-08,55.11659985743225,-1.3521137492435414e-06,-3.7832387746975e-08,55.13238188374399,-1.3515259231410528e-06,3.7828528840458776e-08,55.10841745148197
0.499,2.9742346414694308e-06,3.706673034682153e-08,55.12419507779559,2.973816800400513e-06,-3.869157755897339e-08,55.11660048125762,-1.352113738847635e-06,-3.783236840473593e-08,55.132382324161966,-1.3515259188790456e-06,3.782853497584354e-08,55.10841809527477
0.5,2.9742346842606272e-06,3.7066724346259e-08,55.12419551362727,2.9738168493657156e-06,-3.8691582248291885e-08,55.116601015382784,-1.352113730027447e-06,-3.783237279537229e-08,55.13238280160947,-1.3515259077680892e-06,3.78285448187633e-08,55.108418532417815
0.501,2.9742347300046517e-06,3.706673537817413e-08,55.124195987630884,2.9738168852617624e-06,-3.869156508668262e-08,55.1166013731703,-1.3521137155788691e-06,-3.7832371365879204e-08,55.132383117833996,-1.3515258988615378e-06,3.782854011650622e-08,55.108419031211625
0.502,2.9742347681979365e-06,3.7066728279064073e-08,55.124196354483644,2.9738169332988643e-06,-3.869158040843452e-08,55.11660188775849,-1.3521137083678566e-06,-3.783237627719392e-08,55.13238362807422,-1.3515258862104205e-06,3.782853112497191e-08,55.10841941992116
0.503,2.974234811468452e-06,3.706673395730815e-08,55.12419678698771,2.973816970767997e-06,-3.869158289247505e-08,55.11660225402834,-1.3521136978072378e-06,-3.7832379373348766e-08,55.13238405787099,-1.351525875699299e-06,3.7828550921243274e-08,55.10841985761344
0.504,2.974234842453761e-06,3.706674915375907e-08,55.12419704370437,2.9738170155663464e-06,-3.869159459604829e-08,55.116602713806145,-1.3521136834438545e-06,-3.783238122453289e-08,55.132384366310546,-1.3515258669310138e-06,3.782855441344095e-08,55.108420351360365
0.505,2.9742348860974553e-06,3.706673003700022e-08,55.12419746734412,2.9738170590352403e-06,-3.8691586721674077e-08,55.116603156226205,-1.3521136710302258e-06,-3.783237414022667e-08,55.132384715867815,-1.351525854908506e-06,3.7828552002255785e-08,55.10842074911811
0.506,2.974234930189989e-06,3.706673240851436e-08,55.124197898756506,2.9738170994436823e-06,-3.869158730916165e-08,55.116603550051565,-1.3521136626231562e-06,-3.7832380876079976e-08,55.13238519399887,-1.351525841472401e-06,3.782854310489952e-08,55.108421092935856
0.507,2.9742349681749005e-06,3.706673715301941e-08,55.12419824142195,2.97381713270113e-06,-3.8691575861188754e-08,55.11660384159225,-1.3521136478211902e-06,-3.783236780909291e-08,55.13238548076728,-1.3515258298916065e-06,3.7828550606755346e-08,55.108421488646954
0.508,2.9742350093594584e-06,3.70667321040319e-08,55.12419862439177,2.9738171835595563e-06,-3.869159053416024e-08,55.1166043687996,-1.3521136351640023e-06,-3.783237957526218e-08,55.13238581695417,-1.3515258163658972e-06,3.78285389953034e-08,55.10842182402642
0.509,2.9742350409290337e-06,3.7066743789460215e-08,55.12419887784711,2.9738172123588595e-06,-3.869158241526879e-08,55.116604594734994,-1.3521136215402007e-06,-3.783236900300279e-08,55.132386133262145,-1.3515258060693376e-06,3.7828546806090136e-08,55.108422258327025
0.51,2.97423508240471e-06,3.706674728617649e-08,55.12419925694249,2.9738172546252614e-06,-3.869158159105496e-08,55.116604996642224,-1.3521136069888252e-06,-3.783238093595724e-08,55.13238641345306,-1.351525792975887e-06,3.782854941847654e-08,55.10842259295811
0.511,2.9742351163764165e-06,3.70667350188578e-08,55.12419953143653,2.9738172985629983e-06,-3.869159106539567e-08,55.11660542052046,-1.3521135949842634e-06,-3.7832371223491086e-08,55.13238677205898,-1.3515257827133909e-06,3.7828546850634884e-08,55.1084230290455
0.512,2.9742351549233816e-06,3.706673288275773e-08,55.12419986244251,2.9738173313769293e-06,-3.8691583466061995e-08,55.116605690651355,-1.3521135817650226e-06,-3.783237806101476e-08,55.13238707877338,-1.3515257662775695e-06,3.7828547833681655e-08,55.10842327662455
0.513,2.974235186749401e-06,3.706674211723128e-08,55.124200102506734,2.9738173697547453e-06,-3.869158396587046e-08,55.11660603386375,-1.3521135663254144e-06,-3.783238191146126e-08,55.13238733080105,-1.3515257536995563e-06,3.7828559266537183e-08,55.10842362870311
0.514,2.9742352278552494e-06,3.7066740551113074e-08,55.12420046609924,2.9738174033527138e-06,-3.869157402736671e-08,55.116606303983374,-1.3521135535465443e-06,-3.7832374277364324e-08,55.13238765400254,-1.3515257411084319e-06,3.782854775807589e-08,55.108423968024994
0.515,2.9742352609589436e-06,3.706673279446151e-08,55.12420071638901,2.9738174401732936e-06,-3.869159025843402e-08,55.116606618028825,-1.3521135380369492e-06,-3.7832372392417014e-08,55.13238789593683,-1.3515257254612752e-06,3.782855653586726e-08,55.10842423593816
0.516,2.9742352945650774e-06,3.706674415282867e-08,55.124200972578876,2.973817476872873e-06,-3.869158195842919e-08,55.11660692584415,-1.3521135237069076e-06,-3.783237571659496e-08,55.13238817122689,-1.3515257138835393e-06,3.7828558021159385e-08,55.10842460750729
0.517,2.974235330351159e-06,3.70667317957505e-08,55.12420125038133,2.973817516549892e-06,-3.869159080037822e-08,55.116607274836994,-1.352113510167268e-06,-3.783238203975128e-08,55.13238846554344,-1.3515256979764427e-06,3.7828550310362e-08,55.1084248535378
0.518,2.9742353620742844e-06,3.7066738781985846e-08,55.124201474894605,2.9738175483815595e-06,-3.869158837231344e-08,55.116607510880996,-1.3521134957647256e-06,-3.7832379414261384e-08,55.132388742335536,-1.3515256820356883e-06,3.7828548333423894e-08,55.10842509562974
0.519,2.9742353963224048e-06,3.706673471775747e-08,55.12420172900315,2.973817582803481e-06,-3.8691590495872604e-08,55.11660777934583,-1.3521134797771032e-06,-3.78323727955615e-08,55.13238895960741,-1.3515256668959697e-06,3.78285528806731e-08,55.108425360806535
0.52,2.974235429969091e-06,3.706673231083799e-08,55.124201970902405,2.973817615384803e-06,-3.86915862414402e-08,55.11660802099412,-1.352113463071384e-06,-3.783237745207573e-08,55.132389163330046,-1.3515256530216318e-06,3.782855954974551e-08,55.10842565109755
0.521,2.974235461910907e-06,3.7066743938675656e-08,55.12420219280342,2.973817647336905e-06,-3.869158020570899e-08,55.11660824862602,-1.3521134483561695e-06,-3.78323807711043e-08,55.132389414647534,-1.3515256363713756e-06,3.782855519226143e-08,55.10842586926334
0.522,2.9742354929712087e-06,3.706673983075594e-08,55.124202394503456,2.973817679022734e-06,-3.869158807075994e-08,55.116608471308155,-1.35211343043301e-06,-3.783237888854803e-08,55.13238957091363,-1.351525620821627e-06,3.782856214671721e-08,55.10842610964943
0.523,2.9742355295367096e-06,3.706674257300446e-08,55.12420266906673,2.9738177145373178e-06,-3.869158572303891e-08,55.11660874070792,-1.3521134161715272e-06,-3.783237717954889e-08,55.13238983863798,-1.3515256070006115e-06,3.782856075379633e-08,55.10842641116001
0.524,2.974235562376177e-06,3.706674146818265e-08,55.1242028922574,2.9738177467946973e-06,-3.869158235701709e-08,55.11660896427486,-1.3521134014899289e-06,-3.783238137431733e-08,55.13239008846705,-1.351525590111802e-06,3.782855217701213e-08,55.10842661255671
0.525,2.974235591277944e-06,3.7066734155637525e-08,55.124203063570434,2.9738177799212784e-06,-3.8691590006038956e-08,55.116609198279335,-1.352113384893893e-06,-3.783237842854593e-08,55.13239028634992,-1.3515255741269257e-06,3.782856251649688e-08,55.10842683811114
0.526,2.974235623531312e-06,3.7066736215523e-08,55.12420327444774,2.9738178113751116e-06,-3.8691588994347886e-08,55.11660941040948,-1.3521133676154914e-06,-3.783237914202878e-08,55.1323904568837,-1.3515255572990348e-06,3.782856498733762e-08,55.108427036224626
0.527,2.974235653268911e-06,3.706673544382646e-08,55.12420344967023,2.9738178416395108e-06,-3.8691588448545054e-08,55.11660960195955,-1.3521133514066935e-06,-3.783238068325716e-08,55.132390658542576,-1.351525540100107e-06,3.7828557787829045e-08,55.10842722580507
0.528,2.9742356836237968e-06,3.7066738929656564e-08,55.12420362877678,2.9738178757971782e-06,-3.8691588299593754e-08,55.116609844585625,-1.3521133346330068e-06,-3.7832384298719544e-08,55.132390847083144,-1.3515255250074105e-06,3.782856429613489e-08,55.10842747807996
0.529,2.9742357136467915e-06,3.7066739370773614e-08,55.12420380356049,2.9738179082708527e-06,-3.869158932644494e-08,55.116610061217074,-1.3521133165233568e-06,-3.783237766821948e-08,55.13239098983482,-1.351525507695985e-06,3.782855638216162e-08,55.10842765789155
0.53,2.9742357436473907e-06,3.7066739353175234e-08,55.124203974569284,2.9738179347761975e-06,-3.8691591538849365e-08,55.11661019553007,-1.3521133005224835e-06,-3.783237708864211e-08,55.132391191531156,-1.3515254898332264e-06,3.782856126693532e-08,55.108427824040206
0.531,2.9742357768341958e-06,3.706674011183554e-08,55.12420418812461,2.9738179656294946e-06,-3.869159068717674e-08,55.116610383163604,-1.3521132839671187e-06,-3.783237468272933e-08,55.13239138026563,-1.351525473840898e-06,3.782855832679873e-08,55.10842804187041
0.532,2.9742358059563066e-06,3.7066736210319385e-08,55.124204345382026,2.9738179976270316e-06,-3.869158908410982e-08,55.11661058713548,-1.3521132663571063e-06,-3.7832375323628844e-08,55.132391539835055,-1.3515254562300259e-06,3.782855832345618e-08,55.10842820841256
0.533,2.9742358338707957e-06,3.706673794838896e-08,55.12420448159507,2.9738180288817206e-06,-3.869159130978897e-08,55.116610779304494,-1.3521132485508517e-06,-3.783237805000325e-08,55.132391688096206,-1.3515254389847603e-06,3.7828558666082753e-08,55.10842838923013
0.534,2.974235864154131e-06,3.706672973002953e-08,55.124204651963694,2.9738180580243127e-06,-3.869159334316491e-08,55.11661094346833,-1.352113231934288e-06,-3.783237519818774e-08,55.1323918745189,-1.3515254219587018e-06,3.782856501390889e-08,55.10842857334595
0.535,2.974235891943981e-06,3.706673740142283e-08,55.12420478487253,2.973818089886138e-06,-3.869159290020215e-08,55.11661114156864,-1.3521132141715132e-06,-3.783238127761679e-08,55.132392023596196,-1.3515254041405396e-06,3.782856163599774e-08,55.10842873731555
0.536,2.974235923511703e-06,3.7066739151272755e-08,55.12420496777108,2.9738181152131075e-06,-3.869159021274525e-08,55.11661124947358,-1.3521131968208505e-06,-3.783237734163325e-08,55.13239218455523,-1.351525385818132e-06,3.782855741135408e-08,55.108428882683185
0.537,2.9742359478954437e-06,3.706673509844269e-08,55.124205049605564,2.973818147059371e-06,-3.869159481240851e-08,55.116611440477044,-1.352113177270456e-06,-3.78323774634994e-08,55.13239227825353,-1.3515253671398577e-06,3.782855599984763e-08,55.10842901272015
0.538,2.9742359810671886e-06,3.706674248583119e-08,55.12420525011008,2.9738181739660944e-06,-3.86915947498078e-08,55.11661156347358,-1.3521131608520597e-06,-3.783237626739454e-08,55.13239246563715,-1.3515253500824599e-06,3.782855951622169e-08,55.108429192538324
0.539,2.974236007977544e-06,3.706673577938404e-08,55.124205364758666,2.9738182020825467e-06,-3.8691597093264634e-08,55.11661170165232,-1.352113142393699e-06,-3.7832380378499365e-08,55.13239259488904,-1.3515253311862907e-06,3.782856711252378e-08,55.108429316472495
0.54,2.9742360368488923e-06,3.706674016694361e-08,55.1242055057629,2.973818230947783e-06,-3.8691589435129194e-08,55.1166118498072,-1.3521131231740682e-06,-3.7832377194084744e-08,55.13239269469693,-1.3515253142015301e-06,3.78285609982705e-08,55.10842950043572
0.541,2.9742360621443657e-06,3.7066735815455865e-08,55.12420559507984,2.973818259352955e-06,-3.869159494880242e-08,55.11661198763527,-1.3521131041694907e-06,-3.783237531910545e-08,55.13239280078514,-1.3515252940317317e-06,3.782856453239273e-08,55.10842958646806
0.542,2.974236092335927e-06,3.706673995068093e-08,55.12420574924603,2.9738182878733877e-06,-3.8691591285619045e-08,55.11661212840721,-1.3521130868465404e-06,-3.783237758756527e-08,55.1323929599769,-1.351525277041579e-06,3.782856214809711e-08,55.10842976467519
0.543,2.9742361194330122e-06,3.7066735779497596e-08,55.124205860761265,2.9738183167002296e-06,-3.86915964235029e-08,55.11661226944176,-1.3521130687704041e-06,-3.7832378978142436e-08,55.13239309391493,-1.3515252581437775e-06,3.782856143343746e-08,55.10842988846784
0.544,2.9742361461511453e-06,3.7066738643378195e-08,55.12420596542974,2.9738183443793046e-06,-3.869159340413328e-08,55.11661239523008,-1.352113047965813e-06,-3.7832372376811226e-08,55.13239314975661,-1.3515252397717193e-06,3.782856479940497e-08,55.10843002630148
0.545,2.9742361740776725e-06,3.706673846088037e-08,55.12420608300833,2.973818369749249e-06,-3.869159505301095e-08,55.11661248673043,-1.3521130304387006e-06,-3.783237576032388e-08,55.13239329695348,-1.351525220504664e-06,3.782856426057957e-08,55.10843013865146
0.546,2.974236200611823e-06,3.706673766568991e-08,55.12420618208192,2.973818399212318e-06,-3.8691595304567584e-08,55.11661263255304,-1.3521130109237594e-06,-3.783237865706655e-08,55.132393387444964,-1.3515252012789321e-06,3.782856403426666e-08,55.10843024903764
0.547,2.9742362290184724e-06,3.706673567467041e-08,55.124206305119245,2.9738184236064297e-06,-3.869159500676692e-08,55.1166127086051,-1.352112993031276e-06,-3.783237709180467e-08,55.132393524048595,-1.3515251816696425e-06,3.78285670426911e-08,55.10843034817535
0.548,2.9742362560716917e-06,3.706673541710895e-08,55.124206410922625,2.9738184541340765e-06,-3.869159528937181e-08,55.11661286518486,-1.3521129732732152e-06,-3.7832376569101166e-08,55.132393608030284,-1.3515251629537042e-06,3.782856510164975e-08,55.108430474375396
0.549,2.97423628002062e-06,3.7066736403506954e-08,55.1242064708773,2.9738184798886824e-06,-3.869159632702537e-08,55.11661295704846,-1.3521129538946667e-06,-3.7832377057380614e-08,55.13239370271526,-1.3515251438432907e-06,3.7828565809068346e-08,55.10843058716314
0.55,2.9742363097876785e-06,3.7066735557398834e-08,55.124206607378056,2.9738185057988206e-06,-3.8691594391258994e-08,55.11661304984604,-1.352112934608206e-06,-3.7832375302666526e-08,55.13239379898643,-1.3515251240929853e-06,3.7828565058215805e-08,55.1084306814152
0.551,2.974236334139327e-06,3.7066738709175555e-08,55.12420667127191,2.9738185341420575e-06,-3.869159628248298e-08,55.11661317389573,-1.3521129151310374e-06,-3.783237732093534e-08,55.1323938858888,-1.3515251046712e-06,3.782856305436802e-08,55.10843078405158
0.552,2.974236361425145e-06,3.7066738643628917e-08,55.12420677305215,2.973818560550251e-06,-3.8691594501657456e-08,55.11661327113032,-1.3521128948367725e-06,-3.783237457174758e-08,55.13239395365906,-1.3515250857340751e-06,3.782856656537636e-08,55.10843090053173
0.553,2.974236386427877e-06,3.7066735889835364e-08,55.12420684309093,2.9738185862060116e-06,-3.869159834750997e-08,55.11661335679614,-1.352112876133544e-06,-3.783237514101394e-08,55.13239406460934,-1.3515250658787834e-06,3.782856670313227e-08,55.108430991711714
0.554,2.974236413659864e-06,3.706673680320166e-08,55.12420694074042,2.9738186108626156e-06,-3.869159675071551e-08,55.116613428188515,-1.3521128564123816e-06,-3.783237650423644e-08,55.132394148204355,-1.3515250457089952e-06,3.782856823601264e-08,55.10843107189619
0.555,2.974236439696078e-06,3.706673869406152e-08,55.12420702262982,2.9738186392595103e-06,-3.8691597914857424e-08,55.116613547200004,-1.3521128358648785e-06,-3.7832373949685235e-08,55.13239420377937,-1.3515250265127434e-06,3.7828568657595334e-08,55.10843118050076
0.556,2.974236466102781e-06,3.7066738201461995e-08,55.12420710829778,2.9738186640800693e-06,-3.8691597032150546e-08,55.11661361651187,-1.3521128164950324e-06,-3.783237468888255e-08,55.1323942962394,-1.3515250064202435e-06,3.782856977927043e-08,55.108431263423185
0.557,2.9742364925618743e-06,3.706673824352602e-08,55.12420719347878,2.9738186895042478e-06,-3.869159552651348e-08,55.1166136947966,-1.3521127969614023e-06,-3.783237536169763e-08,55.132394383345684,-1.3515249859183286e-06,3.7828566682775605e-08,55.10843133430994
0.558,2.9742365181005512e-06,3.7066735279771636e-08,55.124207265644046,2.9738187161543776e-06,-3.869159501664891e-08,55.116613786366145,-1.352112777079689e-06,-3.783237641323411e-08,55.13239446115246,-1.3515249658876138e-06,3.782856836179131e-08,55.10843141906446
0.559,2.9742365434459793e-06,3.706673676397953e-08,55.12420733400492,2.97381874081872e-06,-3.8691596711388565e-08,55.116613851544145,-1.3521127568189397e-06,-3.7832373160601226e-08,55.13239452726198,-1.351524945976827e-06,3.782856796528722e-08,55.10843150277536
0.56,2.9742365691677814e-06,3.706673694580934e-08,55.12420740681091,2.9738187663424316e-06,-3.8691597684394926e-08,55.11661392502029,-1.3521127366450077e-06,-3.783237289622872e-08,55.13239459409617,-1.3515249257203018e-06,3.7828569079968075e-08,55.10843158079865
0.561,2.9742365946317907e-06,3.706673603589418e-08,55.12420747451975,2.9738187927271013e-06,-3.86915973292198e-08,55.11661401252121,-1.3521127165827147e-06,-3.783237537195755e-08,55.132394665659874,-1.3515249048004413e-06,3.782856997746714e-08,55.10843163736135
0.562,2.974236620922111e-06,3.7066737924672936e-08,55.124207553161696,2.9738188181426976e-06,-3.869159931532428e-08,55.11661408432681,-1.352112696710534e-06,-3.783237480582879e-08,55.13239474326403,-1.351524884774763e-06,3.782856877726971e-08,55.10843171950836
0.563,2.9742366451859526e-06,3.706673877772204e-08,55.12420760280352,2.973818843105704e-06,-3.86915983215222e-08,55.11661414967968,-1.3521126758519649e-06,-3.783237347795244e-08,55.13239479191367,-1.3515248646713525e-06,3.782856958349377e-08,55.108431801816934
0.564,2.9742366708474256e-06,3.706673743830294e-08,55.1242076707709,2.973818868247644e-06,-3.869159688173208e-08,55.1166142158081,-1.3521126556648031e-06,-3.783237437873085e-08,55.132394858424135,-1.3515248443110182e-06,3.782857146262416e-08,55.10843187480671
0.565,2.9742366954844665e-06,3.706673753134093e-08,55.124207724020124,2.9738188940556064e-06,-3.8691598511788514e-08,55.11661429029982,-1.3521126352793611e-06,-3.7832375682615516e-08,55.13239492136357,-1.3515248235433535e-06,3.78285683182499e-08,55.10843193599942
0.566,2.974236720636639e-06,3.7066736857850794e-08,55.12420778319097,2.9738189200885677e-06,-3.8691599273659287e-08,55.11661436735925,-1.3521126147411246e-06,-3.7832373572639424e-08,55.13239498039006,-1.3515248030583648e-06,3.7828569524937564e-08,55.10843200731827
0.567,2.9742367455565888e-06,3.706673606415657e-08,55.12420783742793,2.973818944153187e-06,-3.8691599848264336e-08,55.116614416863285,-1.3521125940287897e-06,-3.783237333735138e-08,55.132395032043135,-1.3515247817063828e-06,3.7828568681924476e-08,55.108432050708956
0.568,2.9742367713571175e-06,3.7066736217277363e-08,55.12420790334154,2.973818968925977e-06,-3.869159886943645e-08,55.11661447509796,-1.3521125738332415e-06,-3.783237292525389e-08,55.13239510039577,-1.351524761128018e-06,3.7828569719562654e-08,55.10843211801331
0.569,2.9742367952739364e-06,3.706673548351284e-08,55.124207943225215,2.97381899488176e-06,-3.869159924583391e-08,55.11661454811741,-1.3521125523629908e-06,-3.7832373050399116e-08,55.13239512955906,-1.3515247404191628e-06,3.782857205921766e-08,55.10843218063049
0.57,2.9742368215283867e-06,3.706673631193586e-08,55.12420801372477,2.973819019388761e-06,-3.869159912138272e-08,55.11661460098213,-1.3521125322261683e-06,-3.7832374978799296e-08,55.13239520019667,-1.351524719469148e-06,3.782857086192089e-08,55.10843223651918
0.571,2.9742368454395203e-06,3.7066736136436724e-08,55.12420805220928,2.9738190432580985e-06,-3.869159957013395e-08,55.11661464430351,-1.3521125113214985e-06,-3.783237270918015e-08,55.13239524626604,-1.3515246983275613e-06,3.782857093696224e-08,55.108432286573915
0.572,2.9742368709539484e-06,3.7066735874897196e-08,55.12420811167327,2.9738190686317328e-06,-3.869160094695101e-08,55.11661470707318,-1.3521124909457592e-06,-3.783237367506654e-08,55.132395311852676,-1.3515246774146279e-06,3.782857160239643e-08,55.10843234510075
0.573,2.974236894394223e-06,3.7066735002590665e-08,55.1242081416452,2.973819092413328e-06,-3.86916016053021e-08,55.11661474737197,-1.3521124695546062e-06,-3.783237268961237e-08,55.13239534568066,-1.3515246562635655e-06,3.7828571727757864e-08,55.10843239511662
0.574,2.9742369201027742e-06,3.706673736967082e-08,55.12420820177522,2.9738191173546536e-06,-3.869160025215707e-08,55.116614801822195,-1.3521124485448044e-06,-3.7832372874557564e-08,55.13239539032898,-1.351524635070464e-06,3.782857186404705e-08,55.10843244492382
0.575,2.974236943891176e-06,3.7066734491870244e-08,55.124208235649164,2.9738191423740586e-06,-3.8691600570991916e-08,55.116614857461656,-1.3521124274062544e-06,-3.7832372625382256e-08,55.132395431703515,-1.3515246137870189e-06,3.7828572088673255e-08,55.10843249042394
0.576,2.9742369689778865e-06,3.706673569176907e-08,55.1242082850771,2.973819166152591e-06,-3.869160129572162e-08,55.11661489542156,-1.3521124064708161e-06,-3.783237146740444e-08,55.13239547816673,-1.3515245927639127e-06,3.782857274925281e-08,55.108432546968004
0.577,2.974236994215721e-06,3.706673558717466e-08,55.12420833726303,2.973819191084762e-06,-3.8691601321448813e-08,55.11661494818509,-1.352112385423926e-06,-3.783237207453423e-08,55.132395523260755,-1.351524571185534e-06,3.78285728246519e-08,55.108432584578466
0.578,2.974237017998292e-06,3.706673627366596e-08,55.124208369000286,2.9738192150396396e-06,-3.8691601260001046e-08,55.116614987330095,-1.3521123639005716e-06,-3.7832371947836763e-08,55.13239555345491,-1.3515245499692968e-06,3.782857360865858e-08,55.108432634733404
0.579,2.9742370423908724e-06,3.706673498141058e-08,55.1242084079055,2.9738192394954324e-06,-3.8691600880121434e-08,55.116615031508516,-1.3521123428480522e-06,-3.7832372321689895e-08,55.13239559743852,-1.351524528316148e-06,3.7828572749906746e-08,55.10843267207389
0.58,2.974237067014642e-06,3.7066734958619544e-08,55.12420844937694,2.973819263333413e-06,-3.8691600867560385e-08,55.1166150679302,-1.3521123217070288e-06,-3.78323719895084e-08,55.13239563994732,-1.3515245069569595e-06,3.782857366377941e-08,55.10843271712896
0.581,2.9742370912095892e-06,3.7066734213234944e-08,55.12420848410201,2.973819287804825e-06,-3.869160247428027e-08,55.116615111254816,-1.352112300417951e-06,-3.783237019897207e-08,55.132395678477266,-1.35152448548508e-06,3.7828573154124474e-08,55.10843275891891
0.582,2.9742371155289385e-06,3.7066735064736096e-08,55.12420852014806,2.973819312179997e-06,-3.869160131032714e-08,55.116615152721465,-1.3521122790275018e-06,-3.783237111884371e-08,55.13239571482005,-1.3515244639517457e-06,3.78285730423895e-08,55.10843280099219
0.583,2.9742371400216585e-06,3.706673453968949e-08,55.12420855781599,2.973819336666012e-06,-3.869160196572034e-08,55.11661519534971,-1.3521122573477553e-06,-3.7832372327160166e-08,55.1323957426341,-1.3515244419691697e-06,3.782857397976153e-08,55.10843282898004
0.584,2.9742371639033594e-06,3.706673410097523e-08,55.12420858628987,2.973819360649218e-06,-3.8691602396490483e-08,55.11661523062831,-1.3521122359728103e-06,-3.7832370752190016e-08,55.13239577925276,-1.3515244207074544e-06,3.7828574643591016e-08,55.108432878231326
0.585,2.9742371883684357e-06,3.7066734658425006e-08,55.1242086225631,2.9738193848927645e-06,-3.869160234393762e-08,55.11661526903531,-1.3521122143898763e-06,-3.783237063625177e-08,55.13239580975235,-1.3515243988751437e-06,3.782857467860897e-08,55.108432911641785
0.586,2.9742372125438605e-06,3.706673522974407e-08,55.1242086541633,2.9738194085619076e-06,-3.869160288011641e-08,55.11661529853215,-1.352112192843641e-06,-3.783236987912597e-08,55.13239584149427,-1.3515243773064645e-06,3.7828575504424354e-08,55.108432953351226
0.587,2.974237236830772e-06,3.7066734129892885e-08,55.12420868613938,2.9738194324244046e-06,-3.869160309183042e-08,55.11661532980507,-1.3521121713314698e-06,-3.783237130672531e-08,55.132395875508735,-1.3515243551470958e-06,3.782857551180823e-08,55.10843297813153
0.588,2.974237261407477e-06,3.7066734377353375e-08,55.12420872198993,2.97381945652896e-06,-3.8691602419115395e-08,55.11661536414742,-1.3521121497571323e-06,-3.783237059225294e-08,55.13239590778639,-1.3515243333048173e-06,3.782857539860609e-08,55.10843301162892
0.589,2.9742372851679606e-06,3.706673369660136e-08,55.12420874639564,2.973819480456909e-06,-3.8691602596475545e-08,55.1166153950483,-1.3521121280614777e-06,-3.783237041266223e-08,55.13239593685306,-1.351524311367776e-06,3.782857489346703e-08,55.108433042532596
0.59,2.9742373091294893e-06,3.706673401900452e-08,55.124208772755495,2.97381950439284e-06,-3.8691603577627053e-08,55.1166154259669,-1.3521121063186934e-06,-3.783237028781667e-08,55.13239596484259,-1.3515242894756082e-06,3.7828576166571317e-08,55.10843307514817
0.591,2.97423733330589e-06,3.7066733882865705e-08,55.124208801301975,2.9738195286466596e-06,-3.869160345530385e-08,55.11661546034857,-1.3521120844231026e-06,-3.7832370291566564e-08,55.13239598821745,-1.3515242673633887e-06,3.782857574119034e-08,55.1084331016678
0.592,2.9742373573219777e-06,3.706673381963324e-08,55.12420882722314,2.9738195523057365e-06,-3.8691604616904584e-08,55.116615486385385,-1.3521120627989182e-06,-3.783237012407144e-08,55.132396021047924,-1.3515242451919922e-06,3.7828575522739985e-08,55.10843312732494
0.593,2.9742373818796143e-06,3.70667340400315e-08,55.12420885993538,2.9738195759328228e-06,-3.8691603935102936e-08,55.116615511295564,-1.352112040787089e-06,-3.783236908433389e-08,55.13239604230834,-1.3515242232927939e-06,3.782857679348232e-08,55.108433161303964
0.594,2.9742374057883627e-06,3.7066733843102325e-08,55.124208883221314,2.9738195999791123e-06,-3.8691603911908024e-08,55.116615540860835,-1.3521120188318689e-06,-3.783236898481792e-08,55.132396065256685,-1.3515242011583525e-06,3.782857636073366e-08,55.10843318839383
0.595,2.974237429117988e-06,3.706673380298446e-08,55.124208898075764,2.973819623794914e-06,-3.869160444324197e-08,55.116615567588724,-1.3521119968386059e-06,-3.783236899924776e-08,55.13239608769318,-1.3515241790606554e-06,3.7828576741977765e-08,55.10843321736621
0.596,2.974237453529064e-06,3.7066733461818994e-08,55.12420892713513,2.9738196474462627e-06,-3.869160507421958e-08,55.11661559055355,-1.352111975042229e-06,-3.783236885877812e-08,55.132396116320436,-1.3515241568402038e-06,3.782857714681732e-08,55.10843324315246
0.597,2.974237477438846e-06,3.706673341321217e-08,55.124208948636465,2.973819671693797e-06,-3.869160552646381e-08,55.116615621366236,-1.3521119530866385e-06,-3.783236940955055e-08,55.13239614076522,-1.3515241344315559e-06,3.782857645498651e-08,55.10843326355477
0.598,2.9742375013063674e-06,3.7066733833227694e-08,55.1242089693484,2.9738196949304927e-06,-3.8691604584410706e-08,55.11661563836189,-1.352111930923675e-06,-3.7832368938050346e-08,55.1323961598266,-1.3515241121620746e-06,3.78285771027494e-08,55.10843328853504
0.599,2.9742375257946388e-06,3.7066732982732844e-08,55.12420899802487,2.973819718757953e-06,-3.869160475320587e-08,55.11661566286685,-1.3521119088281176e-06,-3.783236829316941e-08,55.132396180674334,-1.3515240899376436e-06,3.782857796514927e-08,55.10843331493538
0.6,2.9742375496681946e-06,3.7066732992775505e-08,55.124209017901265,2.973819742915536e-06,-3.869160506729831e-08,55.11661569111223,-1.352111886737423e-06,-3.783236808113623e-08,55.13239620258396,-1.3515240675914702e-06,3.7828577555797994e-08,55.10843333806086
0.601,2.974237573583733e-06,3.706673299163937e-08,55.12420903775458,2.973819766578262e-06,-3.8691605548605144e-08,55.11661571212882,-1.352111864543757e-06,-3.783236814383427e-08,55.132396221999926,-1.3515240451880061e-06,3.782857766672972e-08,55.10843336058875
0.602,2.974237597183026e-06,3.706673258850018e-08,55.124209052850674,2.973819790205782e-06,-3.869160565541309e-08,55.116615732279385,-1.3521118423257347e-06,-3.783236806815267e-08,55.13239624063206,-1.3515240226953825e-06,3.782857820308911e-08,55.10843338122935
0.603,2.9742376212050025e-06,3.706673190984886e-08,55.124209073038884,2.973819813986628e-06,-3.869160549394158e-08,55.11661575419545,-1.3521118200432337e-06,-3.783236837524044e-08,55.13239625784024,-1.351524000168399e-06,3.7828578532454776e-08,55.10843339990757
0.604,2.9742376451605986e-06,3.706673221665409e-08,55.124209092107904,2.9738198373651475e-06,-3.869160539703077e-08,55.116615769874414,-1.3521117980053574e-06,-3.783236816515769e-08,55.132396283101784,-1.3515239776146255e-06,3.7828578874685415e-08,55.108433419059224
0.605,2.974237669060111e-06,3.706673164358318e-08,55.12420910966941,2.9738198614862572e-06,-3.869160581323851e-08,55.11661579501077,-1.352111775632583e-06,-3.78323678073283e-08,55.132396298815735,-1.3515239552528854e-06,3.7828578901719345e-08,55.108433444036734
0.606,2.9742376932657376e-06,3.706673222579821e-08,55.124209131057796,2.973819884877421e-06,-3.869160619673543e-08,55.1166158100136,-1.352111753228443e-06,-3.7832367039368925e-08,55.132396314233375,-1.3515239325231789e-06,3.782857917335672e-08,55.10843345916814
0.607,2.9742377168516817e-06,3.706673215365676e-08,55.12420914378352,2.973819908674239e-06,-3.869160687277977e-08,55.11661582974773,-1.3521117308806484e-06,-3.783236764048624e-08,55.132396331855674,-1.3515239099085825e-06,3.782857904170644e-08,55.10843347723916
0.608,2.974237740830568e-06,3.706673155563821e-08,55.124209161163506,2.9738199326055457e-06,-3.869160616300539e-08,55.11661585136943,-1.352111708562378e-06,-3.7832367508821955e-08,55.132396350382976,-1.3515238872594899e-06,3.7828579067480755e-08,55.10843349596345
0.609,2.9742377644839155e-06,3.706673133132467e-08,55.12420917360713,2.9738199561359007e-06,-3.869160621276942e-08,55.116615867010935,-1.3521116860458943e-06,-3.7832367279561264e-08,55.13239636401147,-1.351523864640643e-06,3.782857908918955e-08,55.10843351527484
0.61,2.9742377886764063e-06,3.706673131386168e-08,55.12420919263181,2.973819979873745e-06,-3.869160694871495e-08,55.11661588461497,-1.352111663570429e-06,-3.783236679432092e-08,55.1323963791462,-1.3515238418509726e-06,3.7828579586557156e-08,55.108433529892594
0.611,2.974237812531497e-06,3.706673124991395e-08,55.12420920702536,2.973820003389538e-06,-3.8691606793654506e-08,55.11661589911259,-1.3521116411213395e-06,-3.783236642270959e-08,55.13239639524396,-1.351523819077987e-06,3.782857946950811e-08,55.108433546004605
0.612,2.974237836480127e-06,3.706673127107717e-08,55.12420922223784,2.973820026891497e-06,-3.869160692331095e-08,55.11661591282808,-1.3521116184748456e-06,-3.783236629378797e-08,55.13239640661118,-1.3515237962840576e-06,3.782858006535518e-08,55.10843356184533
0.613,2.974237860513379e-06,3.706673128564593e-08,55.12420923829099,2.973820050551072e-06,-3.869160696004097e-08,55.11661592797195,-1.3521115959464407e-06,-3.783236604768816e-08,55.13239642156584,-1.3515237735418413e-06,3.782858048475563e-08,55.108433579575205
0.614,2.974237884232897e-06,3.706673080930702e-08,55.12420924943103,2.9738200742552923e-06,-3.869160777508916e-08,55.11661594335371,-1.3521115734552028e-06,-3.783236592360167e-08,55.13239643813782,-1.3515237506414958e-06,3.7828580422669096e-08,55.108433593198356
0.615,2.9742379079420233e-06,3.7066730613179694e-08,55.124209260171995,2.9738200980132316e-06,-3.869160766499526e-08,55.11661595903796,-1.3521115507310935e-06,-3.783236594911012e-08,55.13239644838126,-1.3515237277614266e-06,3.7828580913467355e-08,55.10843360807115
0.616,2.974237931957979e-06,3.7066730707933114e-08,55.12420927451794,2.9738201215886657e-06,-3.8691607672010705e-08,55.11661597182386,-1.3521115281374324e-06,-3.783236610554062e-08,55.13239646321085,-1.3515237048970165e-06,3.7828580887805936e-08,55.108433623846906
0.617,2.9742379557612954e-06,3.7066730544171814e-08,55.124209285366476,2.9738201453506877e-06,-3.8691608048249135e-08,55.116615987059504,-1.3521115053881629e-06,-3.783236587928205e-08,55.13239647393223,-1.351523681802548e-06,3.782858093563585e-08,55.10843363342593
0.618,2.9742379798439193e-06,3.7066730209127746e-08,55.12420929987479,2.9738201691132517e-06,-3.869160828950688e-08,55.11661600170868,-1.3521114826694687e-06,-3.783236535404751e-08,55.13239648589591,-1.3515236588515152e-06,3.7828581241134295e-08,55.1084336472435
0.619,2.9742380035167013e-06,3.7066729641288347e-08,55.12420930822502,2.9738201927874397e-06,-3.869160847166775e-08,55.11661601490614,-1.3521114598778288e-06,-3.783236537007798e-08,55.132396496210944,-1.3515236358602466e-06,3.782858140011682e-08,55.10843366095027
0.62,2.974238027619129e-06,3.706672996187229e-08,55.12420932233404,2.973820216365188e-06,-3.869160845852836e-08,55.11661602592132,-1.3521114372533001e-06,-3.783236531602068e-08,55.13239651201876,-1.351523612809818e-06,3.782858178087928e-08,55.108433673116906
0.621,2.9742380515261086e-06,3.706672993098521e-08,55.124209332952645,2.973820240007236e-06,-3.869160887129903e-08,55.116616037768054,-1.3521114143850953e-06,-3.7832365054831584e-08,55.13239652124328,-1.3515235897416862e-06,3.7828581813789e-08,55.108433685655314
0.622,2.9742380752521486e-06,3.706672982822693e-08,55.12420934103781,2.973820263781794e-06,-3.869160888996229e-08,55.11661605081288,-1.3521113913903107e-06,-3.78323647962369e-08,55.132396527384174,-1.3515235666327936e-06,3.7828582047830475e-08,55.10843369684588
0.623,2.974238099399506e-06,3.706672974911858e-08,55.12420935419857,2.9738202873136807e-06,-3.869160871508035e-08,55.11661606029844,-1.3521113686196799e-06,-3.7832364585888786e-08,55.13239654056032,-1.351523543558997e-06,3.7828582137517447e-08,55.108433710265345
0.624,2.974238123258388e-06,3.70667292194481e-08,55.12420936322283,2.9738203110438237e-06,-3.8691609065045617e-08,55.116616071921484,-1.352111345733202e-06,-3.7832364599651934e-08,55.132396550998806,-1.3515235202760526e-06,3.7828582398249196e-08,55.1084337178126
0.625,2.974238147280012e-06,3.7066729114390046e-08,55.124209374114244,2.9738203347103173e-06,-3.869160920712592e-08,55.11661608229673,-1.352111322809891e-06,-3.783236406138206e-08,55.13239656083351,-1.3515234971695765e-06,3.782858287871246e-08,55.108433731197564
0.626,2.9742381711175215e-06,3.706672918544277e-08,55.124209381941725,2.973820358382042e-06,-3.8691609497649404e-08,55.11661609257733,-1.3521112998540673e-06,-3.783236386557639e-08,55.13239657017097,-1.35152347395513e-06,3.782858272393445e-08,55.108433741924955
0.627,2.9742381950696583e-06,3.706672902650246e-08,55.12420939118334,2.9738203820419458e-06,-3.869160956861496e-08,55.11661610207912,-1.352111276845116e-06,-3.783236383457125e-08,55.13239657856401,-1.3515234507087682e-06,3.782858284621443e-08,55.10843375201033
0.628,2.97423821914884e-06,3.706672910017294e-08,55.124209401428075,2.9738204058023177e-06,-3.869160946014019e-08,55.116616112664204,-1.3521112538052185e-06,-3.783236366545437e-08,55.132396586486465,-1.3515234273905814e-06,3.7828583006693106e-08,55.10843376087064
0.629,2.9742382431270856e-06,3.7066728652325156e-08,55.12420941010062,2.97382042953942e-06,-3.869160991441267e-08,55.116616122414484,-1.3521112307562975e-06,-3.7832363416987925e-08,55.13239659470719,-1.3515234040598372e-06,3.782858325998118e-08,55.10843376977736
0.63,2.974238267096556e-06,3.706672869390905e-08,55.124209418385846,2.9738204530626328e-06,-3.8691609865138565e-08,55.11661612888123,-1.3521112077603305e-06,-3.783236356019012e-08,55.132396605242064,-1.3515233806872675e-06,3.782858354513345e-08,55.10843377820336
0.631,2.9742382911538774e-06,3.7066728302814057e-08,55.124209427419785,2.973820476960956e-06,-3.8691610223598276e-08,55.11661614004721,-1.3521111846820081e-06,-3.783236335579067e-08,55.1323966136699,-1.3515233573812152e-06,3.782858397245056e-08,55.10843378868954
0.632,2.9742383149420727e-06,3.706672831189208e-08,55.12420943250969,2.97382050072475e-06,-3.869161036517721e-08,55.11661614901176,-1.3521111614991898e-06,-3.7832363146209306e-08,55.1323966196279,-1.3515233339724154e-06,3.78285837587339e-08,55.108433796916955
0.633,2.974238338898614e-06,3.70667279346798e-08,55.12420943937241,2.973820524528815e-06,-3.869161066719372e-08,55.11661615824964,-1.3521111384132416e-06,-3.783236281465078e-08,55.1323966293138,-1.3515233105569688e-06,3.7828584019218424e-08,55.10843380569597
0.634,2.974238363130875e-06,3.706672802750839e-08,55.12420944946432,2.9738205481638634e-06,-3.8691610714892156e-08,55.11661616491361,-1.352111115216122e-06,-3.7832362650884264e-08,55.13239663619903,-1.3515232871012086e-06,3.782858438744702e-08,55.108433813714996
0.635,2.9742383871155546e-06,3.7066727814640196e-08,55.124209456116816,2.9738205718964933e-06,-3.8691610637207244e-08,55.11661617234101,-1.3521110919540833e-06,-3.7832362434721827e-08,55.1323966413905,-1.3515232636328538e-06,3.7828584718501614e-08,55.10843382182102
0.636,2.9742384110923164e-06,3.706672753807891e-08,55.12420946198691,2.973820595723188e-06,-3.8691611080119263e-08,55.11661618062287,-1.3521110687570256e-06,-3.783236230987179e-08,55.13239664949518,-1.3515232401501028e-06,3.782858483831588e-08,55.10843383042739
0.637,2.9742384351709016e-06,3.706672736012954e-08,55.124209469182816,2.973820619425216e-06,-3.86916112706328e-08,55.11661618700522,-1.3521110455006586e-06,-3.7832362102702725e-08,55.13239665622807,-1.3515232165144862e-06,3.7828584832738936e-08,55.10843383490857
0.638,2.9742384591892696e-06,3.7066727430177606e-08,55.1242094751492,2.9738206433302614e-06,-3.869161144118061e-08,55.11661619565426,-1.3521110222333158e-06,-3.7832362009089994e-08,55.13239666318346,-1.3515231930311813e-06,3.782858507869944e-08,55.108433844327664
0.639,2.974238483511519e-06,3.706672730041809e-08,55.12420948471606,2.9738206670907824e-06,-3.869161128556422e-08,55.11661620208122,-1.3521109989023057e-06,-3.783236184070405e-08,55.13239666901505,-1.351523169419412e-06,3.782858530966367e-08,55.10843385052836
0.64,2.974238507527573e-06,3.706672704272459e-08,55.12420948986917,2.9738206908219588e-06,-3.869161142461365e-08,55.11661620770758,-1.352110975578404e-06,-3.7832361603244137e-08,55.13239667546951,-1.3515231457723705e-06,3.782858553682835e-08,55.1084338563025
0.641,2.9742385316294145e-06,3.706672699820899e-08,55.12420949596785,2.9738207146595055e-06,-3.8691611884597355e-08,55.116616214316565,-1.3521109522368796e-06,-3.783236139206948e-08,55.132396682224055,-1.351523122157119e-06,3.782858549867944e-08,55.10843386366015
0.642,2.9742385556359443e-06,3.706672695574966e-08,55.124209500302754,2.9738207385780863e-06,-3.869161216944937e-08,55.11661622195207,-1.3521109288071682e-06,-3.7832361265796745e-08,55.132396686605944,-1.3515230985045744e-06,3.7828585814626755e-08,55.10843387051264
0.643,2.9742385796819663e-06,3.706672662108578e-08,55.124209504867736,2.97382076236639e-06,-3.869161223563298e-08,55.116616227206435,-1.352110905438543e-06,-3.7832361151201896e-08,55.13239669403164,-1.3515230747973131e-06,3.782858605479866e-08,55.10843387653064
0.644,2.974238603984944e-06,3.7066726512457007e-08,55.12420951244049,2.973820786236483e-06,-3.869161226798466e-08,55.116616233292945,-1.3521108819648884e-06,-3.783236077082698e-08,55.13239669821685,-1.351523051082183e-06,3.782858631698042e-08,55.108433882650246
0.645,2.9742386280784473e-06,3.706672636411859e-08,55.124209516766385,2.973820810117293e-06,-3.869161239404876e-08,55.116616239110755,-1.3521108584994245e-06,-3.783236071892189e-08,55.13239670349341,-1.3515230273150508e-06,3.7828586269975044e-08,55.10843388791055
0.646,2.974238652193692e-06,3.706672600562764e-08,55.12420952137832,2.973820834058591e-06,-3.869161250943932e-08,55.1166162453754,-1.3521108349888443e-06,-3.783236054486739e-08,55.1323967079241,-1.3515230035572827e-06,3.7828586587960053e-08,55.10843389389086
0.647,2.9742386764787366e-06,3.706672611727643e-08,55.1242095276788,2.9738208578621685e-06,-3.869161276884742e-08,55.11661624958022,-1.3521108114784225e-06,-3.7832360178228305e-08,55.132396713192705,-1.3515229797583115e-06,3.782858679970916e-08,55.10843389931124
0.648,2.9742387006746563e-06,3.7066726031132176e-08,55.124209532297414,2.9738208818018845e-06,-3.8691612789109667e-08,55.116616255075556,-1.352110787960075e-06,-3.783236024432914e-08,55.1323967186386,-1.351522955945121e-06,3.78285868853466e-08,55.10843390501866
0.649,2.9742387248318936e-06,3.706672565490857e-08,55.124209536284866,2.9738209057801404e-06,-3.869161316382931e-08,55.11661626088673,-1.3521107643764467e-06,-3.783235997728705e-08,55.1323967229164,-1.3515229320487851e-06,3.782858713780143e-08,55.108433908951795
0.65,2.9742387490983677e-06,3.706672553388029e-08,55.12420954140161,2.9738209296991954e-06,-3.86916131970887e-08,55.11661626568069,-1.3521107408060371e-06,-3.78323598489592e-08,55.13239672809975,-1.3515229081936743e-06,3.782858733966135e-08,55.10843391437288
0.651,2.974238773262605e-06,3.7066725276269357e-08,55.12420954464655,2.9738209537024015e-06,-3.86916133876435e-08,55.116616271029685,-1.3521107171826855e-06,-3.7832359625316326e-08,55.13239673231864,-1.351522884296244e-06,3.782858751721404e-08,55.108433919284224
0.652,2.9742387975553676e-06,3.7066725209324e-08,55.12420954948041,2.973820977575185e-06,-3.86916135678509e-08,55.11661627451626,-1.3521106935098002e-06,-3.783235933584006e-08,55.13239673587671,-1.3515228603743623e-06,3.782858781327458e-08,55.10843392408741
0.653,2.974238821911339e-06,3.706672521400275e-08,55.12420955470847,2.973821001627495e-06,-3.8691613687461667e-08,55.11661627976419,-1.352110669847003e-06,-3.7832359312275686e-08,55.13239674009017,-1.3515228364079767e-06,3.782858791971099e-08,55.10843392830141
0.654,2.974238846089095e-06,3.706672505783449e-08,55.12420955725362,2.973821025631057e-06,-3.869161396480066e-08,55.116616284273505,-1.352110646164366e-06,-3.7832359074052725e-08,55.13239674434455,-1.3515228124727255e-06,3.782858813003237e-08,55.108433933949996
0.655,2.9742388704155425e-06,3.7066724849794594e-08,55.12420956146005,2.9738210496620425e-06,-3.869161401936409e-08,55.11661628877475,-1.352110622430258e-06,-3.783235901500905e-08,55.132396747796264,-1.3515227884423475e-06,3.782858822360296e-08,55.10843393744874
0.656,2.9742388947924087e-06,3.706672465175996e-08,55.124209565838086,2.9738210736650724e-06,-3.869161407786651e-08,55.11661629260509,-1.3521105986790814e-06,-3.7832358795199976e-08,55.13239675122598,-1.351522764424563e-06,3.78285885998676e-08,55.10843394196698
0.657,2.9742389191000554e-06,3.706672460356069e-08,55.124209569216006,2.9738210976686952e-06,-3.869161432578424e-08,55.116616295920736,-1.35211057493234e-06,-3.7832358543286316e-08,55.13239675540888,-1.351522740353685e-06,3.782858868861492e-08,55.10843394540316
0.658,2.9742389435036913e-06,3.7066724343340386e-08,55.12420957344948,2.9738211217852987e-06,-3.8691614602247985e-08,55.11661630043682,-1.352110551159636e-06,-3.78323583167986e-08,55.13239675949454,-1.3515227162822275e-06,3.7828588862369936e-08,55.1084339493014
0.659,2.9742389678575894e-06,3.706672429763994e-08,55.12420957670106,2.973821145822342e-06,-3.869161471403148e-08,55.11661630373639,-1.3521105273464059e-06,-3.7832358223024906e-08,55.13239676294877,-1.3515226921859494e-06,3.782858906007272e-08,55.1084339533774
0.66,2.97423899220443e-06,3.706672404879675e-08,55.12420957944633,2.973821169936818e-06,-3.869161473987194e-08,55.11661630765488,-1.3521105034950228e-06,-3.783235795142022e-08,55.132396765925506,-1.3515226680609416e-06,3.7828589140725715e-08,55.10843395695112
0.661,2.9742390166130667e-06,3.706672394501274e-08,55.12420958279091,2.973821194081604e-06,-3.8691614987212945e-08,55.11661631172771,-1.3521104796374335e-06,-3.783235793794498e-08,55.13239676940367,-1.3515226439015249e-06,3.7828589363103654e-08,55.108433960282696
0.662,2.9742390410815683e-06,3.7066723742209203e-08,55.12420958649594,2.9738212181781394e-06,-3.869161509703373e-08,55.11661631464692,-1.3521104557445433e-06,-3.783235762517672e-08,55.13239677249962,-1.3515226197097803e-06,3.7828589614752855e-08,55.108433963280675
0.663,2.9742390654732813e-06,3.706672357743705e-08,55.12420958919809,2.973821242334821e-06,-3.869161528834412e-08,55.116616318082606,-1.3521104318243193e-06,-3.7832357383547466e-08,55.13239677533731,-1.3515225955314408e-06,3.782858971477262e-08,55.10843396724202
0.664,2.974239089915315e-06,3.706672345047282e-08,55.124209591871804,2.9738212664801153e-06,-3.869161541701197e-08,55.11661632097156,-1.352110407902236e-06,-3.7832357325041444e-08,55.13239677862093,-1.35152257131794e-06,3.7828589908722574e-08,55.10843397069354
0.665,2.9742391143766777e-06,3.70667233752393e-08,55.124209594644796,2.9738212906895705e-06,-3.869161559684625e-08,55.116616324932636,-1.3521103839315196e-06,-3.783235712773465e-08,55.13239678125146,-1.3515225470783322e-06,3.782859011354295e-08,55.10843397409627
0.666,2.97423913889323e-06,3.7066723056916403e-08,55.12420959753412,2.9738213148736554e-06,-3.869161573321945e-08,55.11661632755808,-1.352110359960665e-06,-3.783235687333741e-08,55.13239678412384,-1.351522522762232e-06,3.782859026570326e-08,55.10843397585501
0.667,2.9742391633885214e-06,3.7066723010784845e-08,55.12420960016604,2.9738213390657702e-06,-3.869161590025459e-08,55.116616330408064,-1.3521103359510783e-06,-3.783235676857664e-08,55.132396787034764,-1.3515224985014712e-06,3.78285904655902e-08,55.10843397981735
0.668,2.974239188015801e-06,3.706672292866593e-08,55.124209603947534,2.973821363342856e-06,-3.869161603041973e-08,55.11661633382914,-1.3521103119169885e-06,-3.783235658232767e-08,55.13239678939932,-1.3515224741840667e-06,3.7828590764755326e-08,55.10843398291155
0.669,2.9742392125051838e-06,3.7066722662178986e-08,55.12420960600633,2.973821387558847e-06,-3.8691616184509687e-08,55.11661633611436,-1.35211028785016e-06,-3.783235630633308e-08,55.132396791599064,-1.3515224498353178e-06,3.782859086732673e-08,55.10843398543932
0.67,2.974239237041055e-06,3.706672247832117e-08,55.124209608232704,2.973821411830261e-06,-3.869161632965466e-08,55.11661633900036,-1.3521102637775794e-06,-3.783235622368598e-08,55.13239679435301,-1.3515224254707115e-06,3.782859112614662e-08,55.10843398834706
0.671,2.9742392615812394e-06,3.706672236195033e-08,55.12420960974653,2.973821436087665e-06,-3.8691616571913546e-08,55.116616341416844,-1.3521102396685247e-06,-3.78323560307048e-08,55.13239679646867,-1.3515224010754689e-06,3.782859124236097e-08,55.10843399081767
0.672,2.9742392862266286e-06,3.706672224194188e-08,55.12420961282851,2.9738214603885862e-06,-3.8691616720635194e-08,55.11661634381227,-1.3521102155595521e-06,-3.7832355830636886e-08,55.13239679927278,-1.3515223766494807e-06,3.782859143606819e-08,55.10843399321237
0.673,2.9742393108158832e-06,3.706672208714732e-08,55.1242096148694,2.973821484744988e-06,-3.869161685578544e-08,55.11661634670135,-1.352110191403343e-06,-3.783235564911783e-08,55.132396801263894,-1.3515223522274668e-06,3.782859168098242e-08,55.10843399603249
0.674,2.9742393355060873e-06,3.7066721976096354e-08,55.124209617586445,2.9738215090545593e-06,-3.869161695582509e-08,55.11661634871743,-1.3521101672221465e-06,-3.783235550156697e-08,55.13239680325964,-1.351522327756303e-06,3.7828591836280485e-08,55.108433998170256
0.675,2.9742393601325944e-06,3.706672183867394e-08,55.1242096194606,2.9738215334118523e-06,-3.8691617196521994e-08,55.11661635111716,-1.3521101430210312e-06,-3.7832355293493774e-08,55.1323968053465,-1.3515223032674615e-06,3.782859199392822e-08,55.108434000438265
0.676,2.974239384791431e-06,3.706672163220119e-08,55.12420962115419,2.973821557826415e-06,-3.869161726305688e-08,55.11661635395903,-1.3521101187926185e-06,-3.783235517547117e-08,55.132396806920966,-1.351522278774932e-06,3.782859218763838e-08,55.108434003307025
0.677,2.974239409494544e-06,3.706672152990269e-08,55.12420962328159,2.973821582181875e-06,-3.869161747017965e-08,55.11661635565666,-1.3521100945709575e-06,-3.7832354919951636e-08,55.13239680952388,-1.3515222542374142e-06,3.7828592381865895e-08,55.10843400533726
0.678,2.9742394342005367e-06,3.706672132004276e-08,55.12420962524533,2.9738216066120906e-06,-3.869161754787224e-08,55.11661635801721,-1.3521100702917432e-06,-3.783235475352684e-08,55.13239681107143,-1.351522229686797e-06,3.782859255352395e-08,55.108434007699216
0.679,2.9742394589538345e-06,3.706672119338071e-08,55.12420962745266,2.9738216310242374e-06,-3.869161784547504e-08,55.11661635986887,-1.3521100460250853e-06,-3.783235455672964e-08,55.13239681358826,-1.3515222050929285e-06,3.7828592750127206e-08,55.10843400947758
0.68,2.974239483691103e-06,3.70667210112092e-08,55.124209629258274,2.9738216554573873e-06,-3.869161789194052e-08,55.116616361596755,-1.3521100217005445e-06,-3.783235435878762e-08,55.13239681511634,-1.3515221804832722e-06,3.782859292780579e-08,55.108434011255085
0.681,2.974239508461172e-06,3.706672087393372e-08,55.12420963104675,2.9738216799526484e-06,-3.869161814857821e-08,55.11661636387244,-1.352109997365509e-06,-3.783235420887314e-08,55.13239681687793,-1.3515221558659435e-06,3.782859315555791e-08,55.10843401342166
0.682,2.974239533245292e-06,3.7066720692285044e-08,55.124209632643186,2.9738217044115684e-06,-3.869161823928755e-08,55.11661636562151,-1.3521099730117871e-06,-3.783235399141191e-08,55.132396818659004,-1.3515221312083799e-06,3.782859331467686e-08,55.10843401497627
0.683,2.9742395580624085e-06,3.706672056883603e-08,55.124209634365826,2.9738217289001617e-06,-3.869161841245108e-08,55.11661636704525,-1.3521099486201012e-06,-3.783235382615623e-08,55.13239682008478,-1.3515221065354875e-06,3.782859351480817e-08,55.10843401698283
0.684,2.9742395828636857e-06,3.706672038534728e-08,55.12420963565283,2.973821753467685e-06,-3.86916185812563e-08,55.1166163694503,-1.3521099242114323e-06,-3.7832353647918213e-08,55.13239682159062,-1.3515220818386537e-06,3.782859364699253e-08,55.10843401867757
0.685,2.974239607709625e-06,3.706672023160955e-08,55.124209637232426,2.9738217780145065e-06,-3.869161869103775e-08,55.116616371227124,-1.3521098997911522e-06,-3.7832353477195414e-08,55.13239682333888,-1.3515220571208703e-06,3.7828593846301925e-08,55.10843402057378
0.686,2.9742396326000746e-06,3.7066720112347764e-08,55.12420963903098,2.973821802559807e-06,-3.869161885701502e-08,55.116616372507025,-1.3521098753353476e-06,-3.783235326762541e-08,55.132396824759724,-1.3515220323828013e-06,3.7828594031222664e-08,55.10843402236027
0.687,2.974239657447068e-06,3.7066719963026867e-08,55.124209640003045,2.9738218271542556e-06,-3.869161903226876e-08,55.11661637437638,-1.352109850854957e-06,-3.783235312308932e-08,55.13239682613593,-1.3515220076000098e-06,3.782859419133831e-08,55.10843402357513
0.688,2.9742396823608276e-06,3.706671976772042e-08,55.12420964166772,2.9738218517518688e-06,-3.8691619195456884e-08,55.116616375804,-1.352109826363134e-06,-3.7832352962704214e-08,55.13239682766648,-1.3515219828231754e-06,3.782859444237844e-08,55.10843402545038
0.689,2.9742397073083738e-06,3.7066719604725365e-08,55.124209643244114,2.97382187638151e-06,-3.869161934342851e-08,55.11661637745851,-1.3521098018561856e-06,-3.783235274137702e-08,55.13239682934915,-1.3515219579997407e-06,3.7828594563170366e-08,55.10843402666188
0.69,2.9742397322426758e-06,3.706671943281238e-08,55.12420964448383,2.973821901032493e-06,-3.869161949158429e-08,55.11661637905624,-1.3521097773115603e-06,-3.7832352557522245e-08,55.13239683054279,-1.3515219331893071e-06,3.78285947986892e-08,55.10843402862386
0.691,2.9742397572105914e-06,3.706671934912105e-08,55.12420964590753,2.9738219256547108e-06,-3.8691619644627126e-08,55.11661638005336,-1.3521097527413452e-06,-3.7832352397062944e-08,55.13239683178851,-1.3515219083074882e-06,3.78285949383787e-08,55.10843402948264
0.692,2.9742397822081905e-06,3.706671922761497e-08,55.12420964717853,2.973821950353453e-06,-3.869161979009953e-08,55.11661638169599,-1.3521097281348695e-06,-3.7832352214615144e-08,55.13239683253701,-1.3515218834431274e-06,3.782859513886348e-08,55.10843403147176
0.693,2.974239807200389e-06,3.706671904020271e-08,55.124209648396345,2.9738219750550512e-06,-3.869161998246667e-08,55.11661638283071,-1.3521097035471184e-06,-3.783235201725133e-08,55.132396834241604,-1.3515218585228794e-06,3.782859531979978e-08,55.108434032302526
0.694,2.9742398322286844e-06,3.7066718852003025e-08,55.12420964947067,2.9738219997594143e-06,-3.8691620131497456e-08,55.11661638403348,-1.3521096789132895e-06,-3.783235181246354e-08,55.132396835465386,-1.3515218335945422e-06,3.7828595498026654e-08,55.108434033748594
0.695,2.9742398572755977e-06,3.706671870501618e-08,55.1242096507459,2.973822024508443e-06,-3.869162026287166e-08,55.11661638548853,-1.3521096542535354e-06,-3.7832351636001564e-08,55.132396836604784,-1.3515218086556196e-06,3.7828595698651834e-08,55.10843403511444
0.696,2.9742398823366836e-06,3.706671855277233e-08,55.12420965184327,2.9738220492748292e-06,-3.8691620427136545e-08,55.11661638679442,-1.3521096295730079e-06,-3.783235146000564e-08,55.132396837690465,-1.3515217836877006e-06,3.7828595915706727e-08,55.10843403658775
0.697,2.9742399074148287e-06,3.706671840210452e-08,55.12420965290437,2.9738220740444443e-06,-3.869162058369158e-08,55.1166163878779,-1.3521096048599416e-06,-3.7832351301648834e-08,55.132396838492326,-1.3515217586978112e-06,3.782859608660523e-08,55.1084340377069
0.698,2.9742399325266112e-06,3.7066718247924777e-08,55.124209653927764,2.9738220988344627e-06,-3.86916207579815e-08,55.116616388846424,-1.3521095801484575e-06,-3.7832351092906564e-08,55.132396839766784,-1.3515217336613638e-06,3.7828596262852936e-08,55.108434038565605
0.699,2.974239957662473e-06,3.7066718057208294e-08,55.12420965502814,2.973822123670221e-06,-3.8691620866941065e-08,55.116616390196896,-1.3521095554007594e-06,-3.783235093037211e-08,55.13239684083632,-1.3515217086270577e-06,3.7828596437420286e-08,55.10843403993475
0.7,2.9742399828005307e-06,3.706671792390855e-08,55.12420965597285,2.973822148516506e-06,-3.8691621073266777e-08,55.116616391346085,-1.352109530630393e-06,-3.783235074116086e-08,55.13239684173476,-1.3515216835666545e-06,3.782859664499892e-08,55.108434041012714
0.701,2.974240007963081e-06,3.70667177509513e-08,55.12420965681096,2.9738221733740566e-06,-3.8691621255093225e-08,55.11661639235466,-1.3521095058345166e-06,-3.7832350520594274e-08,55.13239684264674,-1.3515216584831274e-06,3.7828596816361094e-08,55.108434042021074
0.702,2.9742400331584147e-06,3.706671759637586e-08,55.12420965795155,2.973822198239122e-06,-3.8691621387661425e-08,55.11661639325588,-1.352109481030091e-06,-3.783235034912233e-08,55.13239684374865,-1.3515216333592882e-06,3.7828597020479094e-08,55.1084340430171
0.703,2.974240058357994e-06,3.7066717450112596e-08,55.12420965866036,2.973822223155887e-06,-3.869162154572696e-08,55.11661639437436,-1.3521094561938915e-06,-3.7832350176608107e-08,55.132396844602,-1.3515216082245105e-06,3.782859717714406e-08,55.10843404396043
0.704,2.9742400835798026e-06,3.706671730773173e-08,55.12420965943956,2.9738222480670753e-06,-3.869162169541777e-08,55.1166163952704,-1.352109431322375e-06,-3.783235002659214e-08,55.13239684515307,-1.3515215830805314e-06,3.78285973769437e-08,55.10843404499137
0.705,2.9742401088402224e-06,3.706671713688836e-08,55.12420966046362,2.9738222730165663e-06,-3.869162185057893e-08,55.11661639630495,-1.352109406440882e-06,-3.783234979564805e-08,55.132396846160276,-1.3515215578945098e-06,3.78285975456725e-08,55.1084340457781
0.706,2.9742401341068697e-06,3.7066716972263035e-08,55.12420966119538,2.9738222980065387e-06,-3.869162200920187e-08,55.116616397451,-1.352109381535186e-06,-3.7832349642039975e-08,55.13239684692597,-1.3515215327091888e-06,3.7828597745666167e-08,55.10843404695321
0.707,2.9742401593880486e-06,3.706671683335993e-08,55.12420966194341,2.9738223229624705e-06,-3.8691622198579826e-08,55.11661639810457,-1.3521093566120768e-06,-3.783234945543888e-08,55.1323968479099,-1.3515215074811807e-06,3.782859791828976e-08,55.108434047769975
0.708,2.9742401847047893e-06,3.7066716691473413e-08,55.12420966280733,2.9738223479693327e-06,-3.869162232580081e-08,55.116616398849885,-1.352109331663864e-06,-3.783234926400499e-08,55.132396848591384,-1.351521482234575e-06,3.782859811359285e-08,55.10843404860377
0.709,2.9742402100402428e-06,3.706671651795239e-08,55.1242096636263,2.9738223729886463e-06,-3.8691622485355324e-08,55.11661639962264,-1.3521093066946634e-06,-3.783234909729588e-08,55.1323968494809,-1.351521456967224e-06,3.782859829639309e-08,55.10843404938126
0.71,2.9742402353930637e-06,3.706671635374245e-08,55.12420966420433,2.9738223980228e-06,-3.869162264899227e-08,55.116616400538206,-1.3521092816991345e-06,-3.783234890046377e-08,55.132396850121665,-1.351521431678132e-06,3.782859848913631e-08,55.108434050218676
0.711,2.974240260764814e-06,3.706671621015221e-08,55.12420966508073,2.9738224230967235e-06,-3.8691622807705755e-08,55.11661640130038,-1.3521092566821172e-06,-3.7832348730428654e-08,55.132396850796596,-1.3515214063617225e-06,3.78285986696897e-08,55.10843405096762
0.712,2.9742402861606475e-06,3.706671603700679e-08,55.12420966570133,2.9738224481700778e-06,-3.869162297154289e-08,55.1166164019366,-1.3521092316443654e-06,-3.7832348522262604e-08,55.132396851454246,-1.3515213810299554e-06,3.78285988611265e-08,55.108434051678714
0.713,2.9742403115723068e-06,3.706671587556149e-08,55.124209666334565,2.97382247330163e-06,-3.869162313247738e-08,55.116616402856096,-1.3521092065813042e-06,-3.783234834644755e-08,55.132396852170544,-1.3515213556655114e-06,3.782859903437558e-08,55.10843405236187
0.714,2.974240337022811e-06,3.706671574621249e-08,55.1242096669957,2.9738224984218693e-06,-3.869162327907072e-08,55.11661640351414,-1.3521091814926033e-06,-3.783234815594026e-08,55.132396852676564,-1.3515213302916053e-06,3.782859923052265e-08,55.108434053251074
0.715,2.974240362473996e-06,3.706671557004404e-08,55.12420966754654,2.973822523569627e-06,-3.8691623421591534e-08,55.11661640420249,-1.3521091563896054e-06,-3.783234796873396e-08,55.132396853289805,-1.3515213048919645e-06,3.7828599417217396e-08,55.10843405407917
0.716,2.9742403879458456e-06,3.706671543457263e-08,55.124209668232666,2.9738225487258787e-06,-3.869162359545198e-08,55.11661640481775,-1.3521091312606857e-06,-3.7832347782926985e-08,55.132396853890654,-1.351521279462493e-06,3.7828599599761625e-08,55.10843405465259
0.717,2.974240413452342e-06,3.7066715251087534e-08,55.124209668853325,2.973822573927921e-06,-3.86916237460546e-08,55.11661640560173,-1.3521091061064e-06,-3.783234761751773e-08,55.13239685449811,-1.3515212540130197e-06,3.7828599772906515e-08,55.10843405520981
0.718,2.9742404389651405e-06,3.706671511581444e-08,55.12420966931276,2.973822599141656e-06,-3.869162391458115e-08,55.11661640615414,-1.352109080935309e-06,-3.7832347429780844e-08,55.13239685515046,-1.351521228549632e-06,3.7828599954463925e-08,55.10843405589003
0.719,2.974240464495083e-06,3.706671494561161e-08,55.12420966977223,2.9738226243744522e-06,-3.8691624074857357e-08,55.116616406800276,-1.3521090557410764e-06,-3.7832347257391216e-08,55.13239685557481,-1.35152120305315e-06,3.78286001442244e-08,55.10843405649315
0.72,2.9742404900775717e-06,3.706671478776305e-08,55.12420967040613,2.9738226496187547e-06,-3.869162423264435e-08,55.116616407388165,-1.3521090305167224e-06,-3.7832347048768086e-08,55.13239685608991,-1.3515211775308514e-06,3.782860034270428e-08,55.1084340569889
0.721,2.974240515659244e-06,3.706671462981838e-08,55.124209670974096,2.9738226748802147e-06,-3.869162440362401e-08,55.11661640785469,-1.3521090052844503e-06,-3.7832346866673605e-08,55.13239685683166,-1.3515211520001882e-06,3.782860051020579e-08,55.10843405755773
0.722,2.9742405412642165e-06,3.7066714465437026e-08,55.12420967145701,2.9738227001956036e-06,-3.8691624551030136e-08,55.11661640854716,-1.3521089800227285e-06,-3.783234668672728e-08,55.13239685724264,-1.3515211264392648e-06,3.78286006954286e-08,55.108434058161066
0.723,2.9742405668872444e-06,3.706671432749067e-08,55.12420967198972,2.973822725502085e-06,-3.8691624705160725e-08,55.11661640897185,-1.3521089547375508e-06,-3.7832346510786995e-08,55.1323968577412,-1.3515211008644331e-06,3.782860089998706e-08,55.10843405877749
0.724,2.97424059253362e-06,3.7066714156390305e-08,55.12420967248576,2.973822750831982e-06,-3.869162487570009e-08,55.11661640946603,-1.3521089294286053e-06,-3.783234632030215e-08,55.13239685821938,-1.3515210752482298e-06,3.782860107170038e-08,55.10843405921564
0.725,2.974240618210441e-06,3.706671401196155e-08,55.12420967285995,2.9738227761944286e-06,-3.869162502402342e-08,55.116616409976885,-1.3521089041067874e-06,-3.78323461414675e-08,55.13239685864298,-1.351521049624731e-06,3.782860126249453e-08,55.10843405965528
0.726,2.974240643889949e-06,3.706671385570261e-08,55.124209673295624,2.9738228015715865e-06,-3.869162517623847e-08,55.116616410546115,-1.3521088787456469e-06,-3.7832345953943406e-08,55.132396858987406,-1.3515210239840636e-06,3.7828601466705886e-08,55.108434060387765
0.727,2.9742406696149903e-06,3.7066713686336015e-08,55.12420967384266,2.973822826991496e-06,-3.869162535295506e-08,55.116616411042216,-1.352108853377764e-06,-3.783234576690212e-08,55.13239685955794,-1.3515209983144693e-06,3.78286016427782e-08,55.108434060812286
0.728,2.9742406953489354e-06,3.7066713519819185e-08,55.12420967420623,2.9738228523899178e-06,-3.869162550371337e-08,55.11661641149233,-1.3521088279784468e-06,-3.783234557969225e-08,55.13239685981375,-1.3515209726163613e-06,3.782860181920415e-08,55.10843406118984
0.729,2.9742407210913576e-06,3.706671335283826e-08,55.12420967451784,2.9738228778411233e-06,-3.86916256723458e-08,55.116616411921456,-1.3521088025668172e-06,-3.783234540039967e-08,55.132396860435705,-1.3515209469029897e-06,3.7828602010961665e-08,55.10843406166914
0.73,2.9742407468683524e-06,3.7066713214721226e-08,55.12420967498397,2.9738229033085986e-06,-3.8691625810637294e-08,55.116616412397676,-1.3521087771268221e-06,-3.7832345216417763e-08,55.13239686072147,-1.3515209211627215e-06,3.782860219737501e-08,55.10843406210995
0.731,2.9742407726749187e-06,3.706671305209156e-08,55.124209675420886,2.9738229287888676e-06,-3.869162598191167e-08,55.1166164128546,-1.3521087516615287e-06,-3.7832345024090357e-08,55.13239686108798,-1.3515208954028571e-06,3.782860236678586e-08,55.10843406246417
0.732,2.974240798489647e-06,3.706671290041983e-08,55.124209675795,2.9738229542875476e-06,-3.869162613672915e-08,55.11661641315902,-1.3521087261813174e-06,-3.783234483945655e-08,55.13239686155069,-1.3515208696137947e-06,3.7828602559469894e-08,55.1084340628598
0.733,2.97424082433413e-06,3.706671273445513e-08,55.12420967618023,2.973822979823192e-06,-3.869162629157601e-08,55.116616413562156,-1.352108700671132e-06,-3.7832344659068496e-08,55.13239686185352,-1.3515208438127476e-06,3.7828602744214714e-08,55.10843406334021
0.734,2.9742408501958755e-06,3.7066712578210694e-08,55.12420967656605,2.9738230053715422e-06,-3.8691626450180204e-08,55.116616413920994,-1.3521086751417818e-06,-3.7832344468329885e-08,55.13239686224114,-1.3515208179778167e-06,3.78286029389424e-08,55.10843406364816
0.735,2.9742408760699877e-06,3.7066712412418024e-08,55.124209676748805,2.9738230309437854e-06,-3.8691626608441984e-08,55.11661641431225,-1.3521086495932073e-06,-3.7832344284001116e-08,55.132396862523734,-1.3515207921408384e-06,3.782860312132667e-08,55.10843406418947
0.736,2.97424090198575e-06,3.7066712259009054e-08,55.124209677186045,2.973823056537167e-06,-3.869162678671653e-08,55.116616414733485,-1.3521086240183189e-06,-3.783234410259294e-08,55.132396862900066,-1.3515207662659682e-06,3.7828603310143314e-08,55.10843406448393
0.737,2.97424092789497e-06,3.7066712102643755e-08,55.12420967740316,2.973823082152104e-06,-3.86916269360558e-08,55.116616415186726,-1.3521085984238064e-06,-3.7832343911901024e-08,55.13239686310979,-1.3515207403715433e-06,3.7828603474289246e-08,55.108434064859495
0.738,2.974240953836252e-06,3.706671194088389e-08,55.124209677773734,2.973823107778544e-06,-3.869162709169053e-08,55.1166164153845,-1.3521085728101255e-06,-3.783234372861204e-08,55.13239686357582,-1.3515207144521192e-06,3.782860367582983e-08,55.10843406519828
0.739,2.974240979823033e-06,3.706671179211306e-08,55.1242096781412,2.9738231334399897e-06,-3.8691627248524427e-08,55.116616415749604,-1.352108547167206e-06,-3.783234355246876e-08,55.132396863730676,-1.3515206885185495e-06,3.78286038650801e-08,55.10843406542638
0.74,2.9742410058106713e-06,3.7066711628977954e-08,55.124209678418964,2.9738231591156827e-06,-3.8691627413578405e-08,55.11661641602781,-1.3521085215136002e-06,-3.783234336152853e-08,55.132396864101366,-1.3515206625607827e-06,3.782860405483438e-08,55.10843406575978
0.741,2.974241031819255e-06,3.7066711466872365e-08,55.124209678652974,2.9738231848164276e-06,-3.86916275663453e-08,55.11661641648347,-1.3521084958258886e-06,-3.783234317401955e-08,55.132396864401926,-1.3515206365835926e-06,3.7828604227760205e-08,55.10843406633903
0.742,2.9742410578577627e-06,3.706671131483895e-08,55.124209678953875,2.9738232105273063e-06,-3.869162773199286e-08,55.11661641661482,-1.3521084701190866e-06,-3.783234298431784e-08,55.132396864539345,-1.3515206105700452e-06,3.782860442543631e-08,55.108434066418795
0.743,2.974241083905774e-06,3.706671114794781e-08,55.1242096791738,2.9738232362740315e-06,-3.8691627886341745e-08,55.11661641702213,-1.3521084443921126e-06,-3.783234281272053e-08,55.132396864899874,-1.3515205845442507e-06,3.782860459202744e-08,55.10843406673277
0.744,2.9742411099871383e-06,3.706671098507333e-08,55.124209679442984,2.9738232620338213e-06,-3.8691628045870845e-08,55.11661641725411,-1.352108418643501e-06,-3.783234262324257e-08,55.1323968651765,-1.3515205584930595e-06,3.7828604794676604e-08,55.10843406699465
0.745,2.9742411360688074e-06,3.706671083376225e-08,55.12420967964954,2.9738232878252156e-06,-3.8691628203683565e-08,55.1166164175999,-1.3521083928678497e-06,-3.783234243633297e-08,55.132396865405894,-1.3515205324230735e-06,3.782860497101354e-08,55.10843406733488
0.746,2.9742411622036905e-06,3.706671067273848e-08,55.12420968011699,2.973823313608648e-06,-3.869162836910275e-08,55.11661641770962,-1.3521083670789787e-06,-3.783234224394198e-08,55.132396865740006,-1.3515205063264882e-06,3.782860516412498e-08,55.1084340675129
0.747,2.9742411883556634e-06,3.706671051855225e-08,55.124209680272614,2.973823339427652e-06,-3.869162852409432e-08,55.11661641789712,-1.3521083412654752e-06,-3.783234206078074e-08,55.1323968659447,-1.351520480215637e-06,3.782860534591384e-08,55.10843406779067
0.748,2.9742412145045293e-06,3.70667103470091e-08,55.12420968047658,2.9738233652914303e-06,-3.8691628693355244e-08,55.11661641824446,-1.3521083154277854e-06,-3.783234187811364e-08,55.13239686614415,-1.3515204540753838e-06,3.782860553542084e-08,55.108434067968275
0.749,2.974241240672694e-06,3.7066710194900856e-08,55.124209680573216,2.9738233911695235e-06,-3.869162884988741e-08,55.116616418600344,-1.3521082895587436e-06,-3.783234169404716e-08,55.132396866251796,-1.351520427911062e-06,3.782860571561124e-08,55.108434068314565
0.75,2.97424126689596e-06,3.706671003285374e-08,55.12420968090515,2.9738234170598614e-06,-3.86916290064488e-08,55.11661641879745,-1.352108263683327e-06,-3.7832341508221076e-08,55.132396866565756,-1.3515204017297599e-06,3.782860590696528e-08,55.10843406847971
0.751,2.974241293128018e-06,3.70667098763891e-08,55.12420968100152,2.973823442974821e-06,-3.869162915914192e-08,55.11661641897503,-1.3521082377784812e-06,-3.78323413221277e-08,55.13239686669915,-1.3515203755413002e-06,3.782860609627717e-08,55.10843406886109
0.752,2.9742413193762443e-06,3.706670972123987e-08,55.124209681353406,2.973823468904461e-06,-3.8691629324666846e-08,55.11661641916078,-1.3521082118529084e-06,-3.783234113266959e-08,55.13239686698587,-1.3515203492990472e-06,3.782860626973906e-08,55.10843406899046
0.753,2.9742413456411707e-06,3.706670955448688e-08,55.124209681508304,2.973823494867295e-06,-3.8691629488575e-08,55.116616419477694,-1.3521081859049358e-06,-3.7832340952735095e-08,55.132396867140756,-1.351520323062931e-06,3.782860646321629e-08,55.108434069229375
0.754,2.974241371937078e-06,3.706670939208014e-08,55.124209681640494,2.9738235208381755e-06,-3.8691629644931803e-08,55.11661641968686,-1.3521081599317326e-06,-3.783234075789973e-08,55.132396867285465,-1.351520296787952e-06,3.7828606643758686e-08,55.10843406946201
0.755,2.9742413982476935e-06,3.70667092393411e-08,55.1242096818027,2.9738235468314347e-06,-3.8691629802180135e-08,55.1166164198267,-1.3521081339438877e-06,-3.783234057715502e-08,55.13239686750485,-1.351520270487075e-06,3.782860683040314e-08,55.10843406962482
0.756,2.9742414245783564e-06,3.7066709074178725e-08,55.12420968196443,2.9738235728586125e-06,-3.869162996864601e-08,55.11661642010358,-1.3521081079262102e-06,-3.783234039263096e-08,55.13239686765782,-1.3515202441778471e-06,3.7828607016815104e-08,55.10843406982012
0.757,2.9742414509471087e-06,3.7066708917351316e-08,55.12420968219689,2.97382359891401e-06,-3.8691630127439887e-08,55.11661642038064,-1.3521080818937825e-06,-3.7832340211070744e-08,55.132396867858205,-1.3515202178398514e-06,3.782860720784279e-08,55.10843407012926
0.758,2.974241477321892e-06,3.706670875657414e-08,55.124209682377554,2.973823624969709e-06,-3.86916302837293e-08,55.11661642042418,-1.3521080558373753e-06,-3.7832340019865894e-08,55.13239686805315,-1.3515201914800523e-06,3.7828607391052074e-08,55.10843407020579
0.759,2.9742415037187385e-06,3.70667085957513e-08,55.12420968243799,2.9738236510515442e-06,-3.869163045015581e-08,55.116616420649095,-1.3521080297534286e-06,-3.7832339834751846e-08,55.132396868164136,-1.3515201651082753e-06,3.7828607571912905e-08,55.108434070422746
0.76,2.974241530140925e-06,3.706670843472875e-08,55.124209682602554,2.973823677175426e-06,-3.869163060077884e-08,55.11661642087057,-1.3521080036484288e-06,-3.78323396506522e-08,55.13239686824767,-1.3515201386983089e-06,3.782860776139116e-08,55.10843407061991
0.761,2.974241556600957e-06,3.706670827559696e-08,55.12420968281499,2.9738237032905767e-06,-3.8691630767610924e-08,55.116616420998895,-1.3521079775318018e-06,-3.7832339464212333e-08,55.13239686857574,-1.3515201122775056e-06,3.7828607949328366e-08,55.10843407077711
0.762,2.974241583054758e-06,3.706670811924106e-08,55.12420968298527,2.9738237294526767e-06,-3.869163092729752e-08,55.11661642124285,-1.3521079513804058e-06,-3.783233928213077e-08,55.13239686865805,-1.351520085833729e-06,3.782860813940836e-08,55.10843407104514
0.763,2.974241609537714e-06,3.706670795369551e-08,55.12420968307143,2.9738237556053813e-06,-3.869163108906292e-08,55.11661642137783,-1.3521079252111678e-06,-3.783233909125383e-08,55.13239686872032,-1.3515200593601649e-06,3.782860832452876e-08,55.10843407114021
0.764,2.97424163604601e-06,3.706670779604574e-08,55.12420968324122,2.973823781804422e-06,-3.869163124612292e-08,55.11661642143838,-1.352107899024664e-06,-3.783233890208109e-08,55.132396868940404,-1.3515200328645432e-06,3.782860850520671e-08,55.10843407125756
0.765,2.9742416625870285e-06,3.706670763574298e-08,55.12420968344817,2.9738238080236426e-06,-3.8691631409377586e-08,55.116616421637715,-1.352107872810192e-06,-3.783233872254025e-08,55.13239686898628,-1.3515200063485969e-06,3.7828608695181216e-08,55.1084340713675
0.766,2.974241689136558e-06,3.706670747679002e-08,55.12420968350298,2.9738238342519365e-06,-3.8691631569508027e-08,55.11661642173759,-1.352107846574861e-06,-3.7832338536761205e-08,55.132396869143165,-1.3515199798189397e-06,3.782860888065245e-08,55.1084340714997
0.767,2.9742417157119728e-06,3.7066707313936397e-08,55.124209683615746,2.9738238605309405e-06,-3.8691631728971905e-08,55.116616421951434,-1.3521078203231585e-06,-3.7832338349672485e-08,55.132396869352405,-1.3515199532612999e-06,3.782860906892082e-08,55.10843407175388
0.768,2.974241742304694e-06,3.706670715434345e-08,55.124209683742976,2.973823886803653e-06,-3.869163189148412e-08,55.116616422107796,-1.3521077940430422e-06,-3.783233816195712e-08,55.13239686946251,-1.351519926681212e-06,3.782860925323286e-08,55.10843407191204
0.769,2.9742417689211764e-06,3.706670699232495e-08,55.12420968385919,2.9738239130984456e-06,-3.869163205148785e-08,55.11661642224712,-1.3521077677407507e-06,-3.783233797355105e-08,55.132396869483316,-1.3515199000817305e-06,3.782860943900254e-08,55.10843407199596
0.77,2.974241795573671e-06,3.706670683389665e-08,55.12420968400319,2.973823939427672e-06,-3.869163221100274e-08,55.11661642232485,-1.3521077414178093e-06,-3.783233778815198e-08,55.13239686963139,-1.3515198734559715e-06,3.782860962886635e-08,55.10843407210797
0.771,2.974241822212278e-06,3.7066706671866364e-08,55.12420968403674,2.973823965775106e-06,-3.8691632374962165e-08,55.116616422530086,-1.3521077150747865e-06,-3.783233760194073e-08,55.132396869741626,-1.3515198468095465e-06,3.782860980982308e-08,55.10843407228569
0.772,2.974241848907704e-06,3.706670650900038e-08,55.12420968417314,2.9738239921386237e-06,-3.8691632536767904e-08,55.116616422595115,-1.3521076887113163e-06,-3.7832337413691046e-08,55.13239686992388,-1.351519820144159e-06,3.7828609997725375e-08,55.10843407239176
0.773,2.9742418756160994e-06,3.7066706352077254e-08,55.1242096843571,2.9738240185259498e-06,-3.8691632700376765e-08,55.11661642265713,-1.3521076623231746e-06,-3.7832337227642086e-08,55.132396869948096,-1.351519793451885e-06,3.782861018544397e-08,55.10843407244853
0.774,2.9742419023442545e-06,3.706670618772245e-08,55.12420968439754,2.9738240449363964e-06,-3.869163285193981e-08,55.11661642282972,-1.3521076359117073e-06,-3.783233704076081e-08,55.13239687003339,-1.3515197667373265e-06,3.7828610371604923e-08,55.1084340725518
0.775,2.9742419290949e-06,3.706670602702484e-08,55.124209684540716,2.973824071366162e-06,-3.8691633018505267e-08,55.11661642290822,-1.35210760948313e-06,-3.783233685849184e-08,55.132396870215814,-1.3515197400124841e-06,3.7828610559209725e-08,55.10843407273423
0.776,2.974241955868717e-06,3.706670586768553e-08,55.12420968458929,2.9738240978186115e-06,-3.869163318081017e-08,55.11661642308009,-1.3521075830236053e-06,-3.783233666930499e-08,55.13239687021361,-1.3515197132497455e-06,3.782861074659395e-08,55.1084340728179
0.777,2.9742419826670777e-06,3.706670570468555e-08,55.12420968475115,2.9738241243058264e-06,-3.869163334159397e-08,55.1166164232077,-1.3521075565531735e-06,-3.78323364860393e-08,55.13239687041977,-1.3515196864680367e-06,3.7828610933415805e-08,55.108434072954765
0.778,2.974242009480905e-06,3.706670554644807e-08,55.12420968482519,2.9738241507925975e-06,-3.8691633500150806e-08,55.11661642326655,-1.352107530054693e-06,-3.78323362961932e-08,55.13239687047219,-1.3515196596746397e-06,3.782861111943663e-08,55.10843407307057
0.779,2.974242036306574e-06,3.7066705384710836e-08,55.12420968486329,2.9738241773061687e-06,-3.8691633661772765e-08,55.11661642326028,-1.352107503536653e-06,-3.783233611333496e-08,55.13239687055369,-1.3515196328445915e-06,3.782861130405357e-08,55.108434073058376
0.78,2.97424206316504e-06,3.70667052207049e-08,55.124209684920444,2.97382420384984e-06,-3.8691633824180136e-08,55.116616423376755,-1.3521074769890818e-06,-3.783233592223723e-08,55.13239687060798,-1.3515196060054387e-06,3.782861149338214e-08,55.108434073158804
0.781,2.974242090056283e-06,3.7066705059884606e-08,55.12420968508873,2.973824230415443e-06,-3.869163398392888e-08,55.11661642355374,-1.3521074504301706e-06,-3.783233573461946e-08,55.13239687074572,-1.3515195791424384e-06,3.7828611682372183e-08,55.10843407335159
0.782,2.9742421169620813e-06,3.7066704896842966e-08,55.124209685187594,2.9738242570122875e-06,-3.869163414813456e-08,55.1166164236481,-1.352107423838996e-06,-3.783233554983128e-08,55.13239687077272,-1.3515195522505052e-06,3.7828611865451764e-08,55.108434073393155
0.783,2.974242143882242e-06,3.7066704735584913e-08,55.12420968523037,2.9738242836209432e-06,-3.869163431131453e-08,55.11661642375911,-1.3521073972379847e-06,-3.7832335361119754e-08,55.13239687091631,-1.351519525340842e-06,3.782861205405442e-08,55.10843407353208
0.784,2.974242170815823e-06,3.706670457713761e-08,55.12420968527552,2.973824310226204e-06,-3.869163447171554e-08,55.11661642375931,-1.3521073706049742e-06,-3.7832335175753316e-08,55.132396870934116,-1.3515194984082113e-06,3.782861223969432e-08,55.10843407355392
0.785,2.974242197785101e-06,3.7066704416983555e-08,55.124209685313616,2.9738243368973505e-06,-3.869163463343062e-08,55.116616423885134,-1.352107343957471e-06,-3.7832334988567135e-08,55.132396870996686,-1.3515194714543084e-06,3.782861242593296e-08,55.108434073667055
0.786,2.974242224792381e-06,3.706670425677381e-08,55.124209685566996,2.9738243635407177e-06,-3.869163479411947e-08,55.11661642384655,-1.3521073172882473e-06,-3.783233480275664e-08,55.132396871202914,-1.351519444475943e-06,3.782861261454269e-08,55.10843407363993
0.787,2.974242251794697e-06,3.7066704090549975e-08,55.12420968553796,2.973824390250709e-06,-3.869163495614533e-08,55.11661642407502,-1.352107290590106e-06,-3.783233461380879e-08,55.132396871183644,-1.3515194174830037e-06,3.782861280288576e-08,55.10843407384469
0.788,2.9742422788200216e-06,3.706670392874418e-08,55.1242096855009,2.973824416961944e-06,-3.869163511888199e-08,55.11661642411684,-1.3521072638705575e-06,-3.783233442885496e-08,55.13239687119302,-1.3515193904597618e-06,3.782861298901196e-08,55.10843407393419
0.789,2.9742423058731324e-06,3.70667037666054e-08,55.12420968563063,2.9738244436914576e-06,-3.8691635278950885e-08,55.11661642415949,-1.352107237132864e-06,-3.783233424212732e-08,55.13239687131545,-1.3515193634116374e-06,3.782861317566901e-08,55.10843407396034
0.79,2.9742423329610564e-06,3.7066703604105994e-08,55.12420968575094,2.973824470455832e-06,-3.8691635440963936e-08,55.11661642419942,-1.3521072103720277e-06,-3.783233405384706e-08,55.132396871457516,-1.3515193363506898e-06,3.782861336080963e-08,55.108434074031905
0.791,2.9742423600565087e-06,3.7066703443972907e-08,55.12420968576832,2.9738244972441298e-06,-3.869163560288638e-08,55.11661642432355,-1.35210718358457e-06,-3.783233386737334e-08,55.13239687136223,-1.3515193092681987e-06,3.7828613549504035e-08,55.1084340740217
0.792,2.9742423871754273e-06,3.706670328196163e-08,55.12420968586632,2.9738245240312486e-06,-3.869163576730257e-08,55.116616424328086,-1.3521071567823589e-06,-3.783233368207702e-08,55.13239687152078,-1.3515192821537957e-06,3.7828613737339547e-08,55.108434074084954
0.793,2.9742424143183202e-06,3.706670311979341e-08,55.1242096858941,2.973824550865117e-06,-3.869163592554513e-08,55.11661642445695,-1.352107129956855e-06,-3.783233349339204e-08,55.132396871523014,-1.3515192550237065e-06,3.7828613920978195e-08,55.108434074246176
0.794,2.9742424414752638e-06,3.706670295763798e-08,55.12420968591839,2.973824577704335e-06,-3.869163609025453e-08,55.116616424563176,-1.3521071031081976e-06,-3.783233330611581e-08,55.13239687158237,-1.351519227872222e-06,3.782861411115819e-08,55.108434074336145
0.795,2.9742424686703475e-06,3.706670279509662e-08,55.12420968602072,2.9738246045736633e-06,-3.869163625139259e-08,55.11661642458256,-1.352107076237403e-06,-3.7832333117833726e-08,55.13239687156823,-1.3515192006962254e-06,3.782861429776243e-08,55.10843407430313
0.796,2.9742424958828327e-06,3.7066702632538054e-08,55.124209686091774,2.9738246314637305e-06,-3.869163641576021e-08,55.116616424591925,-1.3521070493449523e-06,-3.7832332932225514e-08,55.13239687181631,-1.351519173503632e-06,3.782861448365403e-08,55.108434074403874
0.797,2.9742425231118046e-06,3.7066702471348955e-08,55.12420968607202,2.973824658383078e-06,-3.86916365767542e-08,55.11661642468172,-1.3521070224255066e-06,-3.783233274506898e-08,55.13239687175454,-1.3515191462881237e-06,3.7828614672537745e-08,55.10843407450575
0.798,2.974242550365452e-06,3.706670230838707e-08,55.12420968613682,2.973824685313003e-06,-3.869163674078205e-08,55.116616424822524,-1.3521069954922627e-06,-3.783233255623595e-08,55.13239687174598,-1.351519119044698e-06,3.7828614859528923e-08,55.10843407453446
0.799,2.974242577633696e-06,3.7066702144802216e-08,55.12420968622547,2.9738247122505516e-06,-3.86916369027726e-08,55.116616424778755,-1.3521069685329845e-06,-3.7832332370770095e-08,55.13239687191434,-1.3515190917830875e-06,3.7828615046892135e-08,55.108434074603096
0.8,2.9742426049291666e-06,3.706670198255139e-08,55.12420968626509,2.9738247392374787e-06,-3.869163706516846e-08,55.11661642487783,-1.3521069415550724e-06,-3.7832332183101105e-08,55.13239687195055,-1.3515190645000986e-06,3.782861523267608e-08,55.1084340746402
0.801,2.9742426322490454e-06,3.706670182016212e-08,55.12420968626806,2.9738247662349158e-06,-3.8691637226373916e-08,55.116616424906496,-1.3521069145500611e-06,-3.783233199489568e-08,55.13239687189247,-1.3515190371878541e-06,3.7828615422811286e-08,55.108434074701506
0.802,2.974242659607339e-06,3.7066701658960396e-08,55.12420968641983,2.9738247932545214e-06,-3.8691637389162267e-08,55.11661642491022,-1.3521068875305266e-06,-3.78323318061455e-08,55.132396872064845,-1.3515190098536833e-06,3.782861560832124e-08,55.10843407468276
0.803,2.9742426869614073e-06,3.706670149755422e-08,55.124209686399894,2.9738248202952825e-06,-3.8691637551015096e-08,55.116616425008345,-1.3521068604803516e-06,-3.7832331621020893e-08,55.13239687200327,-1.3515189825041592e-06,3.7828615796161175e-08,55.10843407477236
0.804,2.9742427143342053e-06,3.706670133304692e-08,55.124209686354064,2.973824847368214e-06,-3.869163771725794e-08,55.116616425114216,-1.3521068334100604e-06,-3.783233143214949e-08,55.13239687200105,-1.3515189551420846e-06,3.782861598606755e-08,55.108434074872264
0.805,2.974242741732035e-06,3.7066701171181995e-08,55.12420968641632,2.9738248744508693e-06,-3.869163787775991e-08,55.11661642514818,-1.35210680632199e-06,-3.783233124434153e-08,55.132396872050634,-1.3515189277509771e-06,3.782861617172351e-08,55.108434074945066
0.806,2.9742427691650603e-06,3.706670100716222e-08,55.12420968641443,2.9738249015628795e-06,-3.86916380385788e-08,55.116616425142894,-1.3521067792075462e-06,-3.783233105650975e-08,55.132396872114526,-1.351518900325337e-06,3.782861635828742e-08,55.10843407493232
0.807,2.9742427966025242e-06,3.706670084444589e-08,55.12420968647176,2.9738249286807985e-06,-3.8691638206412265e-08,55.11661642521547,-1.3521067520758527e-06,-3.783233086913526e-08,55.13239687211133,-1.3515188728896442e-06,3.7828616547305016e-08,55.10843407493212
0.808,2.9742428240884893e-06,3.706670068269836e-08,55.12420968656329,2.9738249558513014e-06,-3.8691638366654117e-08,55.11661642530383,-1.3521067249205541e-06,-3.783233068200358e-08,55.1323968721606,-1.3515188454262983e-06,3.782861673462058e-08,55.108434075077284
0.809,2.9742428515815524e-06,3.7066700516701844e-08,55.12420968658938,2.9738249830070387e-06,-3.869163853057913e-08,55.116616425279716,-1.352106697743663e-06,-3.7832330494525545e-08,55.13239687223269,-1.3515188179452274e-06,3.782861692264842e-08,55.10843407501034
0.81,2.9742428790915054e-06,3.706670035449739e-08,55.1242096866459,2.97382501020507e-06,-3.8691638693811116e-08,55.116616425305494,-1.3521066705429363e-06,-3.783233030688461e-08,55.132396872247185,-1.3515187904411511e-06,3.78286171110871e-08,55.1084340750685
0.811,2.9742429066264866e-06,3.7066700193240555e-08,55.12420968656289,2.973825037422553e-06,-3.869163885636042e-08,55.11661642532606,-1.3521066433172136e-06,-3.783233011819577e-08,55.13239687222551,-1.3515187629132385e-06,3.7828617297395175e-08,55.108434075152104
0.812,2.9742429341830535e-06,3.706670002942708e-08,55.1242096866234,2.9738250646651585e-06,-3.869163902005245e-08,55.11661642538371,-1.3521066160820313e-06,-3.783232993076413e-08,55.13239687235455,-1.3515187353690637e-06,3.782861748607939e-08,55.10843407515671
0.813,2.974242961767657e-06,3.706669986609867e-08,55.12420968665435,2.973825091919721e-06,-3.8691639183711865e-08,55.116616425465025,-1.3521065888112017e-06,-3.7832329743360396e-08,55.13239687229884,-1.3515187077948802e-06,3.782861767456317e-08,55.10843407525809
0.814,2.9742429893652476e-06,3.7066699702728275e-08,55.12420968671384,2.9738251192170755e-06,-3.869163934691772e-08,55.11661642553807,-1.352106561528754e-06,-3.7832329553943977e-08,55.132396872377115,-1.3515186802070111e-06,3.782861786078839e-08,55.108434075337314
0.815,2.97424301699574e-06,3.706669954125971e-08,55.124209686745786,2.9738251465031983e-06,-3.869163951045316e-08,55.11661642550338,-1.352106534216003e-06,-3.7832329366917514e-08,55.13239687232658,-1.3515186525954438e-06,3.782861804976822e-08,55.10843407529384
0.816,2.9742430446370036e-06,3.706669937576562e-08,55.124209686734616,2.9738251738303684e-06,-3.869163967263037e-08,55.11661642556754,-1.3521065068861987e-06,-3.783232917830104e-08,55.132396872398076,-1.351518624953297e-06,3.782861823897317e-08,55.10843407531719
0.817,2.9742430723220654e-06,3.706669921145801e-08,55.12420968680266,2.9738252011791547e-06,-3.8691639837689645e-08,55.11661642550807,-1.352106479535958e-06,-3.783232898967114e-08,55.1323968725257,-1.3515185972984073e-06,3.782861842575802e-08,55.10843407538195
0.818,2.974243099999887e-06,3.706669904917555e-08,55.124209686907605,2.973825228542056e-06,-3.869164000094754e-08,55.11661642556628,-1.3521064521591391e-06,-3.7832328802973486e-08,55.13239687254854,-1.3515185696132235e-06,3.782861861366476e-08,55.10843407530747
0.819,2.9742431277167937e-06,3.706669888506678e-08,55.124209686902745,2.973825255942413e-06,-3.8691640164608946e-08,55.11661642561624,-1.352106424767636e-06,-3.783232861540267e-08,55.13239687256895,-1.3515185419068588e-06,3.782861880136411e-08,55.108434075375456
0.82,2.974243155445e-06,3.7066698720919866e-08,55.12420968691252,2.9738252833540154e-06,-3.869164032770575e-08,55.116616425691944,-1.3521063973405432e-06,-3.7832328427412577e-08,55.132396872526684,-1.3515185141819924e-06,3.7828618989737304e-08,55.10843407543288
0.821,2.9742431832056375e-06,3.706669855828941e-08,55.12420968696998,2.973825310785645e-06,-3.869164049209923e-08,55.11661642568261,-1.3521063699024813e-06,-3.783232823924622e-08,55.132396872600324,-1.3515184864375188e-06,3.782861917775432e-08,55.10843407544657
0.822,2.9742432109874846e-06,3.706669839458396e-08,55.12420968691758,2.973825338244068e-06,-3.8691640655838875e-08,55.11661642578834,-1.3521063424356507e-06,-3.7832328049570316e-08,55.132396872479845,-1.3515184586685406e-06,3.7828619366336146e-08,55.108434075529914
0.823,2.9742432387819086e-06,3.706669822974108e-08,55.12420968691397,2.9738253657072003e-06,-3.869164081823706e-08,55.11661642573763,-1.3521063149551363e-06,-3.783232786263586e-08,55.13239687259967,-1.3515184308862021e-06,3.782861955407393e-08,55.10843407553938
0.824,2.974243266608635e-06,3.706669806685979e-08,55.12420968700155,2.9738253932360184e-06,-3.869164098321213e-08,55.11661642585001,-1.3521062874445659e-06,-3.783232767328816e-08,55.13239687257929,-1.351518403069885e-06,3.7828619743304374e-08,55.108434075548914
0.825,2.9742432944598237e-06,3.706669790193554e-08,55.124209686999095,2.9738254207476045e-06,-3.869164114668862e-08,55.11661642582342,-1.3521062599204284e-06,-3.783232748533221e-08,55.13239687266848,-1.3515183752383322e-06,3.782861993069382e-08,55.1084340756223
0.826,2.9742433223090235e-06,3.706669773798837e-08,55.12420968701993,2.973825448294922e-06,-3.8691641309573054e-08,55.116616425876686,-1.3521062323730408e-06,-3.78323272972261e-08,55.13239687273426,-1.351518347380219e-06,3.782862011976854e-08,55.10843407563134
0.827,2.974243350199772e-06,3.706669757510632e-08,55.12420968699438,2.973825475853176e-06,-3.869164147402871e-08,55.11661642580003,-1.3521062047955073e-06,-3.783232710896892e-08,55.13239687258947,-1.3515183194984227e-06,3.7828620307049085e-08,55.10843407563726
0.828,2.9742433781134108e-06,3.706669741103347e-08,55.12420968708412,2.9738255034429026e-06,-3.8691641637635346e-08,55.11661642586138,-1.3521061772063804e-06,-3.7832326920610076e-08,55.13239687277897,-1.3515182916028995e-06,3.782862049543173e-08,55.10843407562224
0.829,2.9742434060487437e-06,3.706669724688579e-08,55.124209687132534,2.973825531051806e-06,-3.8691641802470075e-08,55.116616425925656,-1.3521061495866562e-06,-3.783232673235703e-08,55.13239687272751,-1.3515182636815832e-06,3.782862068284589e-08,55.10843407568399
0.83,2.974243434002017e-06,3.706669708191588e-08,55.12420968714618,2.9738255586815125e-06,-3.869164196826873e-08,55.11661642587039,-1.352106121953847e-06,-3.7832326542695e-08,55.132396872802715,-1.3515182357360427e-06,3.7828620872261624e-08,55.10843407568629
0.831,2.9742434619766826e-06,3.7066696917674866e-08,55.12420968710454,2.9738255863367452e-06,-3.869164213213048e-08,55.11661642591157,-1.352106094286063e-06,-3.783232635407251e-08,55.13239687272731,-1.3515182077710602e-06,3.7828621060831434e-08,55.10843407569904
0.832,2.9742434899715857e-06,3.70666967535175e-08,55.12420968715209,2.973825614003457e-06,-3.869164229565088e-08,55.116616425853934,-1.3521060666106836e-06,-3.783232616689676e-08,55.13239687280236,-1.3515181797797951e-06,3.782862125047457e-08,55.10843407564066
0.833,2.9742435179967245e-06,3.706669658954338e-08,55.12420968721928,2.9738256417082343e-06,-3.8691642459104125e-08,55.11661642593084,-1.3521060389091893e-06,-3.783232597712178e-08,55.13239687288092,-1.3515181517761532e-06,3.782862143734033e-08,55.108434075676456
0.834,2.9742435460242044e-06,3.70666964240571e-08,55.12420968713573,2.973825669432402e-06,-3.869164262512928e-08,55.11661642594625,-1.3521060111817454e-06,-3.7832325789329786e-08,55.132396872789116,-1.351518123734693e-06,3.7828621626777424e-08,55.10843407572821
0.835,2.9742435741012833e-06,3.706669625987244e-08,55.12420968722765,2.9738256971600593e-06,-3.869164278928892e-08,55.11661642600018,-1.3521059834302906e-06,-3.7832325601198157e-08,55.13239687280311,-1.3515180956837714e-06,3.782862181493264e-08,55.10843407573218
0.836,2.9742436021883266e-06,3.7066696096196135e-08,55.124209687208634,2.973825724930963e-06,-3.86916429552672e-08,55.116616426021736,-1.3521059556662285e-06,-3.7832325411410155e-08,55.13239687285244,-1.3515180676057252e-06,3.782862200444329e-08,55.10843407577859
0.837,2.9742436302884583e-06,3.7066695930983444e-08,55.12420968724976,2.9738257527115937e-06,-3.869164311859871e-08,55.11661642610308,-1.3521059278728668e-06,-3.783232522209694e-08,55.1323968728493,-1.3515180395055588e-06,3.782862219262725e-08,55.108434075852045
0.838,2.9742436584233556e-06,3.7066695766177514e-08,55.12420968722542,2.973825780522528e-06,-3.869164328383877e-08,55.11661642608196,-1.35210590006121e-06,-3.7832325034333003e-08,55.13239687290819,-1.351518011391944e-06,3.782862238156692e-08,55.108434075868786
0.839,2.974243686578697e-06,3.706669560210906e-08,55.12420968724808,2.973825808351494e-06,-3.869164344748051e-08,55.116616426074614,-1.3521058722244022e-06,-3.783232484584422e-08,55.13239687288723,-1.3515179832495302e-06,3.7828622569419586e-08,55.10843407590136
0.84,2.974243714740882e-06,3.706669543652195e-08,55.12420968724534,2.973825836201927e-06,-3.8691643612650264e-08,55.11661642614182,-1.3521058443692985e-06,-3.783232465662754e-08,55.13239687288686,-1.3515179550881741e-06,3.7828622758784045e-08,55.10843407590046
0.841,2.9742437429314295e-06,3.706669527145326e-08,55.1242096872528,2.9738258640758264e-06,-3.869164377714909e-08,55.11661642608627,-1.35210581648612e-06,-3.7832324467610046e-08,55.13239687286912,-1.3515179268980494e-06,3.782862294731971e-08,55.10843407585294
0.842,2.9742437711548485e-06,3.706669510687375e-08,55.12420968728776,2.9738258919701867e-06,-3.869164394238457e-08,55.11661642624915,-1.3521057885863335e-06,-3.783232427851166e-08,55.132396872875844,-1.3515178986848575e-06,3.782862313584637e-08,55.10843407594227
0.843,2.9742437993921115e-06,3.706669494152339e-08,55.12420968721463,2.9738259198786145e-06,-3.869164410721356e-08,55.116616426203535,-1.3521057606665318e-06,-3.7832324089860165e-08,55.13239687286796,-1.3515178704628937e-06,3.782862332418232e-08,55.10843407600197
0.844,2.974243827635683e-06,3.706669477626612e-08,55.12420968727346,2.973825947812853e-06,-3.869164427295419e-08,55.11661642619177,-1.3521057327246225e-06,-3.783232390046762e-08,55.13239687289783,-1.3515178422082962e-06,3.7828623514827495e-08,55.10843407594254
0.845,2.974243855940885e-06,3.706669461250387e-08,55.124209687305296,2.97382597577668e-06,-3.8691644437302907e-08,55.11661642610328,-1.3521057047523513e-06,-3.7832323711737114e-08,55.1323968729303,-1.3515178139284208e-06,3.782862370270221e-08,55.10843407587235
0.846,2.974243884240537e-06,3.706669444689e-08,55.12420968730693,2.973826003755161e-06,-3.8691644603361916e-08,55.11661642612866,-1.3521056767676507e-06,-3.7832323523580365e-08,55.13239687296925,-1.3515177856365911e-06,3.7828623890707207e-08,55.108434075938405
0.847,2.974243912565244e-06,3.7066694281405414e-08,55.12420968731095,2.973826031759717e-06,-3.869164476686556e-08,55.11661642624446,-1.3521056487567582e-06,-3.78323233332946e-08,55.132396872974496,-1.3515177573150662e-06,3.782862408087455e-08,55.10843407597977
0.848,2.974243940922894e-06,3.70666941162405e-08,55.124209687368335,2.973826059790036e-06,-3.8691644932774935e-08,55.1166164262079,-1.3521056207273063e-06,-3.783232314471817e-08,55.132396873013306,-1.3515177289823215e-06,3.782862427098437e-08,55.10843407602752
0.849,2.974243969293131e-06,3.706669395111836e-08,55.124209687324154,2.973826087831753e-06,-3.8691645098219395e-08,55.11661642622042,-1.3521055926749261e-06,-3.7832322955743294e-08,55.13239687301933,-1.3515177006206091e-06,3.78286244587068e-08,55.108434075987404
0.85,2.974243997682887e-06,3.706669378509043e-08,55.12420968743007,2.973826115913853e-06,-3.86916452644372e-08,55.11661642626807,-1.3521055645949708e-06,-3.783232276582321e-08,55.13239687301498,-1.3515176722273126e-06,3.782862464791885e-08,55.1084340760126
0.851,2.974244026097295e-06,3.706669362006689e-08,55.12420968737567,2.9738261439947367e-06,-3.869164542960955e-08,55.116616426267456,-1.3521055364967356e-06,-3.78323225775389e-08,55.13239687299907,-1.3515176438262623e-06,3.7828624837368487e-08,55.10843407602435
0.852,2.9742440545321537e-06,3.7066693455307653e-08,55.12420968736052,2.973826172100913e-06,-3.869164559548176e-08,55.116616426264954,-1.3521055083761184e-06,-3.7832322388439934e-08,55.132396872995585,-1.3515176153989556e-06,3.7828625026281107e-08,55.108434076024594
0.853,2.9742440829963774e-06,3.7066693289195175e-08,55.12420968744014,2.9738262002390865e-06,-3.8691645759488674e-08,55.116616426264144,-1.3521054802392314e-06,-3.783232219900835e-08,55.132396873020056,-1.351517586949715e-06,3.78286252161558e-08,55.10843407598834
0.854,2.9742441114785955e-06,3.7066693123406925e-08,55.12420968738503,2.9738262283853984e-06,-3.8691645925675135e-08,55.11661642625822,-1.3521054520651724e-06,-3.783232201006881e-08,55.132396872951745,-1.3515175584847934e-06,3.782862540592318e-08,55.108434076021126
0.855,2.974244139971615e-06,3.706669295796781e-08,55.12420968732323,2.9738262565606754e-06,-3.869164609281755e-08,55.11661642630055,-1.352105423887611e-06,-3.7832321819596085e-08,55.13239687298149,-1.3515175299814809e-06,3.782862559533277e-08,55.10843407611492
0.856,2.974244168490584e-06,3.7066692792959097e-08,55.124209687401006,2.973826284766903e-06,-3.8691646258012165e-08,55.11661642633419,-1.352105395683689e-06,-3.783232163067857e-08,55.13239687307954,-1.3515175014738958e-06,3.782862578477309e-08,55.108434076127054
0.857,2.9742441970450676e-06,3.7066692626462356e-08,55.12420968744206,2.973826312986087e-06,-3.869164642202784e-08,55.11661642633072,-1.352105367452119e-06,-3.7832321440833206e-08,55.132396873053,-1.3515174729316341e-06,3.7828625973394385e-08,55.108434076065734
0.858,2.974244225607205e-06,3.706669246096517e-08,55.12420968733316,2.9738263412292147e-06,-3.8691646588488e-08,55.116616426335725,-1.3521053391997923e-06,-3.783232125113626e-08,55.13239687303097,-1.3515174443780518e-06,3.782862616219062e-08,55.108434076174376
0.859,2.974244254199029e-06,3.706669229494941e-08,55.124209687400096,2.973826369513532e-06,-3.869164675414451e-08,55.116616426348656,-1.352105310923411e-06,-3.783232106238463e-08,55.13239687298163,-1.351517415791569e-06,3.782862635224488e-08,55.10843407607665
0.86,2.9742442828270893e-06,3.706669212929049e-08,55.12420968742546,2.973826397800736e-06,-3.869164692096913e-08,55.116616426420805,-1.3521052826326223e-06,-3.783232087297933e-08,55.1323968730874,-1.351517387191898e-06,3.782862654090953e-08,55.108434076158815
0.861,2.9742443114606044e-06,3.7066691963416215e-08,55.12420968749021,2.9738264261121448e-06,-3.8691647085034356e-08,55.116616426382535,-1.352105254316747e-06,-3.783232068295254e-08,55.13239687308017,-1.3515173585649271e-06,3.782862673044459e-08,55.10843407611023
0.862,2.974244340104382e-06,3.706669179674798e-08,55.12420968742765,2.9738264544303637e-06,-3.869164725261392e-08,55.11661642636311,-1.3521052259751153e-06,-3.7832320493337995e-08,55.13239687305715,-1.3515173299123258e-06,3.782862691987075e-08,55.10843407615012
0.863,2.974244368787811e-06,3.7066691631267624e-08,55.1242096873614,2.9738264827835414e-06,-3.869164741879292e-08,55.116616426456204,-1.352105197614344e-06,-3.7832320303503565e-08,55.13239687295332,-1.3515173012482159e-06,3.782862711066852e-08,55.10843407623432
0.864,2.9742443974963836e-06,3.706669146503714e-08,55.12420968745022,2.9738265111652675e-06,-3.86916475846088e-08,55.11661642637699,-1.3521051692349413e-06,-3.7832320114484404e-08,55.13239687309951,-1.3515172725505533e-06,3.7828627299378274e-08,55.10843407617797
0.865,2.974244426203333e-06,3.706669129774631e-08,55.12420968748856,2.9738265395573613e-06,-3.869164775102722e-08,55.116616426338524,-1.3521051408295787e-06,-3.78323199241421e-08,55.1323968731716,-1.3515172438367166e-06,3.782862748863484e-08,55.10843407611917
0.866,2.974244454963822e-06,3.7066691131843895e-08,55.12420968754148,2.973826567983797e-06,-3.869164791846726e-08,55.11661642643095,-1.352105112405462e-06,-3.783231973425346e-08,55.13239687314477,-1.3515172151079586e-06,3.782862767913197e-08,55.10843407620932
0.867,2.9742444837062857e-06,3.706669096546947e-08,55.12420968741506,2.9738265964148002e-06,-3.8691648082997404e-08,55.116616426448886,-1.3521050839523912e-06,-3.7832319545904406e-08,55.13239687303255,-1.3515171863454048e-06,3.782862786929288e-08,55.108434076194186
0.868,2.9742445125097596e-06,3.706669079993316e-08,55.12420968751563,2.973826624876771e-06,-3.869164824968904e-08,55.11661642647391,-1.3521050554839518e-06,-3.7832319354745084e-08,55.13239687315948,-1.3515171575728196e-06,3.782862805829904e-08,55.108434076226075
0.869,2.974244541323293e-06,3.706669063360358e-08,55.124209687558476,2.9738266533677337e-06,-3.869164841651083e-08,55.116616426458194,-1.352105026998277e-06,-3.783231916537438e-08,55.13239687318776,-1.3515171287659507e-06,3.782862824775342e-08,55.108434076167924
0.87,2.9742445701513207e-06,3.706669046676228e-08,55.12420968746612,2.973826681864778e-06,-3.869164858239763e-08,55.11661642640854,-1.3521049984761992e-06,-3.783231897546329e-08,55.13239687312304,-1.3515170999445611e-06,3.782862843835275e-08,55.108434076240314
0.871,2.9742445990010054e-06,3.706669029975113e-08,55.12420968747492,2.973826710404659e-06,-3.869164874979961e-08,55.11661642656151,-1.352104969940181e-06,-3.7832318785173026e-08,55.13239687305017,-1.3515170711053602e-06,3.782862862805975e-08,55.1084340762778
0.872,2.974244627875884e-06,3.706669013271599e-08,55.12420968745016,2.973826738946122e-06,-3.869164891749384e-08,55.11661642643578,-1.3521049413846734e-06,-3.7832318596411416e-08,55.132396873104184,-1.3515170422347165e-06,3.782862881747924e-08,55.10843407622286
0.873,2.9742446567708072e-06,3.7066689965815296e-08,55.124209687486115,2.973826767521876e-06,-3.869164908332693e-08,55.11661642647093,-1.352104912802347e-06,-3.783231840583578e-08,55.13239687308118,-1.351517013338777e-06,3.782862900755873e-08,55.1084340761753
0.874,2.9742446856982428e-06,3.706668980033338e-08,55.12420968749417,2.973826796103651e-06,-3.869164924796205e-08,55.116616426433396,-1.3521048842033121e-06,-3.783231821628815e-08,55.1323968731253,-1.351516984433273e-06,3.782862919723339e-08,55.108434076270726
0.875,2.974244714633295e-06,3.7066689632769406e-08,55.1242096874457,2.9738268247219737e-06,-3.8691649415839825e-08,55.1166164264108,-1.3521048555842e-06,-3.7832318025339394e-08,55.13239687310609,-1.35151695549806e-06,3.7828629386019614e-08,55.10843407620209
0.876,2.974244743596455e-06,3.706668946678875e-08,55.12420968750446,2.9738268533597816e-06,-3.869164958325096e-08,55.11661642644711,-1.3521048269369697e-06,-3.783231783504243e-08,55.13239687314025,-1.3515169265476444e-06,3.782862957845449e-08,55.10843407623608
0.877,2.974244772586574e-06,3.7066689299197614e-08,55.12420968754557,2.973826882024298e-06,-3.869164975051072e-08,55.116616426498965,-1.3521047982731622e-06,-3.7832317645515024e-08,55.13239687316735,-1.3515168975702415e-06,3.782862976774123e-08,55.10843407621995
0.878,2.9742448015891585e-06,3.706668913164076e-08,55.12420968756646,2.9738269106958213e-06,-3.869164991663432e-08,55.116616426513815,-1.352104769578969e-06,-3.7832317454941266e-08,55.132396873065645,-1.3515168685700162e-06,3.782862995703753e-08,55.10843407619926
0.879,2.9742448306174045e-06,3.7066688964495986e-08,55.12420968750308,2.9738269394199587e-06,-3.8691650084447055e-08,55.1166164265517,-1.3521047408709963e-06,-3.783231726473602e-08,55.13239687314369,-1.3515168395467982e-06,3.782863014709386e-08,55.10843407630705
0.88,2.9742448596710276e-06,3.706668879782084e-08,55.124209687531376,2.9738269681276942e-06,-3.869165025070406e-08,55.11661642652079,-1.3521047121363879e-06,-3.783231707445965e-08,55.132396873183865,-1.3515168105029566e-06,3.7828630338480634e-08,55.10843407630304
0.881,2.974244888747087e-06,3.7066688631615584e-08,55.12420968749139,2.9738269968795127e-06,-3.8691650417114004e-08,55.11661642653456,-1.3521046833817962e-06,-3.783231688426804e-08,55.13239687311457,-1.3515167814383797e-06,3.7828630527275464e-08,55.10843407626527
0.882,2.974244917855391e-06,3.7066688463570045e-08,55.12420968748664,2.9738270256470217e-06,-3.8691650586381204e-08,55.116616426474465,-1.3521046546064327e-06,-3.783231669447964e-08,55.132396873160786,-1.3515167523519086e-06,3.7828630718350824e-08,55.10843407629268
0.883,2.9742449469622993e-06,3.706668829662025e-08,55.12420968748458,2.9738270544468297e-06,-3.869165075276775e-08,55.11661642650297,-1.3521046258016103e-06,-3.7832316503647484e-08,55.13239687310585,-1.3515167232429497e-06,3.7828630908747816e-08,55.10843407630537
0.884,2.974244976093277e-06,3.7066688129111674e-08,55.12420968747226,2.9738270832432767e-06,-3.869165091956683e-08,55.116616426561436,-1.352104596984926e-06,-3.783231631334308e-08,55.13239687308737,-1.3515166941129903e-06,3.7828631098814095e-08,55.10843407632393
0.885,2.97424500526603e-06,3.7066687961566333e-08,55.124209687497654,2.973827112084972e-06,-3.869165108699337e-08,55.116616426526775,-1.352104568139927e-06,-3.7832316122461455e-08,55.13239687312753,-1.3515166649641064e-06,3.782863128927337e-08,55.10843407631492
0.886,2.9742450344508654e-06,3.7066687794136904e-08,55.12420968753787,2.97382714094475e-06,-3.869165125400188e-08,55.116616426582425,-1.3521045392757099e-06,-3.7832315932473024e-08,55.132396873146575,-1.3515166357833293e-06,3.7828631479162355e-08,55.108434076291516
0.887,2.9742450636534105e-06,3.706668762658235e-08,55.124209687538794,2.9738271698172945e-06,-3.8691651421269737e-08,55.11661642657266,-1.352104510397608e-06,-3.783231574312013e-08,55.13239687320531,-1.3515166065908394e-06,3.7828631670671316e-08,55.10843407629355
0.888,2.9742450928770805e-06,3.70666874595334e-08,55.12420968755502,2.9738271987187972e-06,-3.869165159026676e-08,55.1166164266355,-1.35210448148723e-06,-3.783231555204811e-08,55.13239687317119,-1.351516577365316e-06,3.7828631860459265e-08,55.10843407639035
0.889,2.974245122125047e-06,3.70666872916862e-08,55.124209687567486,2.9738272276483436e-06,-3.8691651758669006e-08,55.1166164265253,-1.3521044525534054e-06,-3.7832315360505715e-08,55.132396873180184,-1.3515165481312164e-06,3.782863204976986e-08,55.10843407635171
0.89,2.974245151390513e-06,3.706668712440497e-08,55.124209687514906,2.973827256580607e-06,-3.869165192501426e-08,55.11661642657768,-1.35210442360671e-06,-3.7832315170812024e-08,55.132396873157845,-1.351516518860852e-06,3.7828632241051365e-08,55.10843407633338
0.891,2.9742451806895994e-06,3.7066686956540804e-08,55.12420968758764,2.973827285554284e-06,-3.8691652093268434e-08,55.11661642658083,-1.3521043946300102e-06,-3.783231497947186e-08,55.13239687308834,-1.3515164895792211e-06,3.782863243242644e-08,55.108434076282435
0.892,2.9742452100076052e-06,3.706668678782084e-08,55.124209687580574,2.973827314536956e-06,-3.869165226006198e-08,55.11661642654646,-1.352104365640161e-06,-3.783231478949185e-08,55.13239687323649,-1.3515164602680856e-06,3.782863262179998e-08,55.10843407624094
0.893,2.9742452393560026e-06,3.706668662132161e-08,55.12420968752812,2.9738273435366945e-06,-3.86916524279212e-08,55.1166164265549,-1.3521043366168092e-06,-3.783231459810904e-08,55.13239687317787,-1.3515164309487915e-06,3.782863281249134e-08,55.10843407634404
0.894,2.9742452687131278e-06,3.7066686453538414e-08,55.12420968761474,2.9738273725672546e-06,-3.869165259576618e-08,55.11661642651015,-1.3521043075822943e-06,-3.7832314407772585e-08,55.132396873272654,-1.3515164015973981e-06,3.7828633004008034e-08,55.10843407631869
0.895,2.9742452980876713e-06,3.706668628484442e-08,55.12420968755845,2.9738274016403865e-06,-3.8691652764821645e-08,55.116616426630955,-1.352104278520228e-06,-3.7832314217168704e-08,55.1323968731795,-1.3515163722273278e-06,3.782863319474254e-08,55.108434076435685
0.896,2.974245327485488e-06,3.7066686116978264e-08,55.12420968756145,2.9738274307134203e-06,-3.8691652932548436e-08,55.11661642660006,-1.3521042494358524e-06,-3.783231402622707e-08,55.132396873130304,-1.3515163428238597e-06,3.782863338460831e-08,55.1084340763079
0.897,2.974245356917684e-06,3.706668594943131e-08,55.12420968752647,2.9738274598027645e-06,-3.8691653100891284e-08,55.116616426601425,-1.3521042203313243e-06,-3.783231383520134e-08,55.13239687319219,-1.3515163134164597e-06,3.7828633574859324e-08,55.108434076355735
0.898,2.9742453863577744e-06,3.7066685782039414e-08,55.12420968761944,2.9738274889190273e-06,-3.869165326857567e-08,55.116616426551545,-1.3521041912050588e-06,-3.7832313644904034e-08,55.132396873196186,-1.3515162839725306e-06,3.782863376649378e-08,55.10843407627185
0.899,2.9742454158246005e-06,3.706668561171917e-08,55.12420968750695,2.973827518059966e-06,-3.869165343416926e-08,55.11661642656743,-1.3521041620482392e-06,-3.783231345322069e-08,55.13239687310066,-1.3515162545121318e-06,3.7828633958492034e-08,55.108434076339606
0.9,2.9742454453178337e-06,3.706668544441904e-08,55.124209687568836,2.9738275472183806e-06,-3.869165360513233e-08,55.11661642656574,-1.3521041328822622e-06,-3.78323132625946e-08,55.13239687316286,-1.3515162250283684e-06,3.782863414795962e-08,55.10843407634741
0.901,2.974245474835441e-06,3.7066685275607494e-08,55.1242096875515,2.973827576414346e-06,-3.869165377288847e-08,55.116616426686434,-1.3521041036913088e-06,-3.783231307154248e-08,55.132396873200875,-1.3515161955263752e-06,3.7828634338856864e-08,55.10843407640658
0.902,2.974245504362979e-06,3.706668510810837e-08,55.124209687537544,2.9738276056179955e-06,-3.8691653940281427e-08,55.1166164266525,-1.3521040744778489e-06,-3.7832312880484804e-08,55.13239687317099,-1.351516166006219e-06,3.782863453089882e-08,55.108434076413985
0.903,2.974245533926872e-06,3.706668493893e-08,55.124209687526985,2.973827634845423e-06,-3.8691654109695375e-08,55.11661642663587,-1.3521040452393346e-06,-3.783231269019112e-08,55.13239687312057,-1.3515161364540543e-06,3.7828634720117034e-08,55.108434076410816
0.904,2.9742455635078374e-06,3.706668477117526e-08,55.12420968748455,2.973827664099871e-06,-3.8691654277874296e-08,55.1166164266355,-1.3521040159761445e-06,-3.7832312498218094e-08,55.1323968730357,-1.3515161068829212e-06,3.782863491182656e-08,55.108434076372845
0.905,2.974245593116843e-06,3.706668460241006e-08,55.12420968756403,2.9738276933676917e-06,-3.869165444523366e-08,55.116616426625356,-1.3521039867052845e-06,-3.783231230708511e-08,55.13239687326147,-1.3515160772885844e-06,3.782863510341106e-08,55.10843407637732
0.906,2.9742456227266822e-06,3.7066684433731256e-08,55.12420968763368,2.973827722656336e-06,-3.869165461593094e-08,55.11661642654889,-1.3521039574027853e-06,-3.7832312115695024e-08,55.132396873279475,-1.3515160476752275e-06,3.78286352941834e-08,55.108434076294316
0.907,2.9742456523835148e-06,3.70666842658876e-08,55.12420968760195,2.9738277519847704e-06,-3.869165478328054e-08,55.11661642664886,-1.3521039280787614e-06,-3.7832311925238316e-08,55.13239687320997,-1.351516018042587e-06,3.782863548580467e-08,55.10843407638275
0.908,2.9742456820386634e-06,3.7066684095889836e-08,55.124209687603596,2.9738277813184057e-06,-3.869165495268877e-08,55.116616426632476,-1.3521038987287597e-06,-3.783231173401618e-08,55.13239687318823,-1.351515988385641e-06,3.7828635676443013e-08,55.10843407637127
0.909,2.9742457117235666e-06,3.706668392780737e-08,55.12420968753031,2.9738278106645093e-06,-3.869165512181581e-08,55.11661642660199,-1.3521038693604334e-06,-3.783231154287134e-08,55.132396873170435,-1.3515159587031671e-06,3.7828635868416625e-08,55.10843407638268
0.91,2.9742457414478535e-06,3.7066683759251494e-08,55.12420968758981,2.973827840046815e-06,-3.8691655288643264e-08,55.116616426619515,-1.3521038399709727e-06,-3.7832311351625036e-08,55.132396873189265,-1.351515929004137e-06,3.782863605887738e-08,55.10843407640064
0.911,2.974245771174905e-06,3.7066683590303334e-08,55.12420968761268,2.97382786945546e-06,-3.8691655460068466e-08,55.11661642665729,-1.3521038105621396e-06,-3.783231115941653e-08,55.13239687319802,-1.3515158992731477e-06,3.782863624927845e-08,55.10843407635255
0.912,2.97424580091866e-06,3.706668342174711e-08,55.12420968757901,2.9738278988760315e-06,-3.869165562668268e-08,55.11661642657893,-1.3521037811278675e-06,-3.7832310967705606e-08,55.132396873225716,-1.3515158695348136e-06,3.782863644099221e-08,55.1084340763322
0.913,2.9742458306899607e-06,3.70666832518777e-08,55.124209687574805,2.9738279283277567e-06,-3.869165579776989e-08,55.11661642662506,-1.352103751669216e-06,-3.7832310777928615e-08,55.132396873185385,-1.351515839762909e-06,3.782863663307668e-08,55.10843407639321
0.914,2.9742458605010346e-06,3.706668308314479e-08,55.1242096875588,2.9738279578061296e-06,-3.869165596632362e-08,55.11661642670714,-1.35210372219425e-06,-3.78323105857564e-08,55.13239687320706,-1.3515158099744002e-06,3.78286368238992e-08,55.10843407644502
0.915,2.974245890315039e-06,3.7066682914494524e-08,55.1242096875872,2.9738279872863253e-06,-3.8691656134362225e-08,55.116616426618194,-1.352103692699111e-06,-3.7832310393875036e-08,55.13239687322762,-1.3515157801598222e-06,3.7828637015162705e-08,55.108434076394886
0.916,2.9742459201651883e-06,3.7066682745303346e-08,55.124209687581,2.973828016798864e-06,-3.8691656303295165e-08,55.116616426734964,-1.3521036631725868e-06,-3.7832310202914396e-08,55.13239687314578,-1.3515157503246578e-06,3.782863720713346e-08,55.108434076459034
0.917,2.9742459500214734e-06,3.7066682576516096e-08,55.12420968750307,2.9738280463347607e-06,-3.86916564739268e-08,55.116616426704354,-1.3521036336303637e-06,-3.7832310011374465e-08,55.13239687311652,-1.3515157204739555e-06,3.782863739850832e-08,55.10843407645271
0.918,2.974245979912558e-06,3.7066682406963896e-08,55.12420968756011,2.9738280758935474e-06,-3.8691656642538266e-08,55.11661642662713,-1.3521036040672376e-06,-3.783230981994653e-08,55.13239687317318,-1.351515690592583e-06,3.782863758990479e-08,55.10843407639814
0.919,2.9742460098209255e-06,3.7066682236393616e-08,55.12420968758795,2.9738281054656123e-06,-3.869165681128078e-08,55.11661642665685,-1.3521035744869624e-06,-3.783230962879398e-08,55.13239687326809,-1.3515156606909673e-06,3.782863778116758e-08,55.10843407644968
0.92,2.9742460397517867e-06,3.70666820680113e-08,55.12420968761376,2.97382813507e-06,-3.8691656980515026e-08,55.11661642661117,-1.3521035448720656e-06,-3.783230943641006e-08,55.13239687320353,-1.3515156307695657e-06,3.782863797264846e-08,55.108434076343684
0.921,2.9742460697166885e-06,3.706668189898077e-08,55.12420968762801,2.9738281646859242e-06,-3.8691657149746835e-08,55.116616426609525,-1.352103515239803e-06,-3.783230924498848e-08,55.1323968732043,-1.35151560082843e-06,3.782863816366373e-08,55.1084340763978
0.922,2.974246099682546e-06,3.706668172916175e-08,55.12420968758829,2.973828194342391e-06,-3.869165731989609e-08,55.11661642665031,-1.352103485587939e-06,-3.783230905271065e-08,55.132396873185456,-1.3515155708557795e-06,3.782863835554396e-08,55.108434076381286
0.923,2.974246129667248e-06,3.706668155946196e-08,55.12420968758225,2.9738282240067417e-06,-3.8691657488339786e-08,55.116616426679045,-1.3521034559142294e-06,-3.7832308861256824e-08,55.13239687314142,-1.3515155408749517e-06,3.782863854823739e-08,55.10843407639621
0.924,2.974246159698852e-06,3.706668138966846e-08,55.12420968758684,2.9738282536863865e-06,-3.869165765858642e-08,55.11661642670302,-1.3521034262160642e-06,-3.783230866969548e-08,55.13239687318328,-1.3515155108681641e-06,3.7828638738888067e-08,55.10843407640469
0.925,2.9742461897414503e-06,3.706668122000691e-08,55.12420968760236,2.973828283396572e-06,-3.869165782803126e-08,55.116616426679286,-1.3521033964990398e-06,-3.7832308478506034e-08,55.1323968732342,-1.3515154808345976e-06,3.782863893182327e-08,55.108434076434534
0.926,2.9742462197991903e-06,3.706668105063524e-08,55.124209687534645,2.9738283131396528e-06,-3.8691657998114257e-08,55.11661642665295,-1.3521033667624506e-06,-3.783230828634917e-08,55.132396873188554,-1.3515154507789718e-06,3.782863912303289e-08,55.10843407644684
0.927,2.9742462498701982e-06,3.706668087998576e-08,55.124209687563706,2.9738283428953544e-06,-3.869165816737968e-08,55.11661642673786,-1.3521033369969336e-06,-3.783230809357927e-08,55.1323968731504,-1.3515154207053626e-06,3.782863931501505e-08,55.10843407643597
0.928,2.974246279992892e-06,3.706668071081822e-08,55.12420968756288,2.9738283726611797e-06,-3.869165833648182e-08,55.11661642667744,-1.3521033072145716e-06,-3.783230790151791e-08,55.13239687315473,-1.351515390605021e-06,3.782863950667613e-08,55.108434076427955
0.929,2.9742463101023926e-06,3.706668054105066e-08,55.12420968754118,2.9738284024496886e-06,-3.8691658508513944e-08,55.1166164265983,-1.3521032774121375e-06,-3.783230771120231e-08,55.13239687322502,-1.3515153604854171e-06,3.782863969751488e-08,55.108434076386004
0.93,2.9742463402759593e-06,3.706668037093013e-08,55.124209687606566,2.9738284322754433e-06,-3.869165867832875e-08,55.11661642668997,-1.3521032475834894e-06,-3.7832307518673815e-08,55.132396873205124,-1.3515153303490216e-06,3.782863989062727e-08,55.1084340763817
0.931,2.9742463704464733e-06,3.7066680200582485e-08,55.124209687625495,2.9738284621245523e-06,-3.8691658847267036e-08,55.11661642661065,-1.3521032177362684e-06,-3.783230732737264e-08,55.132396873237525,-1.3515153001757285e-06,3.782864008306813e-08,55.10843407641342
0.932,2.9742464006249324e-06,3.706668003083986e-08,55.12420968752596,2.9738284919863634e-06,-3.8691659016886046e-08,55.116616426691664,-1.3521031878607218e-06,-3.78323071343931e-08,55.13239687314213,-1.3515152699920313e-06,3.782864027320572e-08,55.108434076414184
0.933,2.9742464308528753e-06,3.7066679860291366e-08,55.12420968757229,2.973828521871136e-06,-3.869165918732313e-08,55.11661642676975,-1.3521031579663168e-06,-3.783230694242274e-08,55.13239687314372,-1.3515152397931477e-06,3.782864046646862e-08,55.10843407652456
0.934,2.9742464610847483e-06,3.706667969001927e-08,55.12420968754091,2.973828551776383e-06,-3.8691659357775435e-08,55.11661642673113,-1.3521031280535457e-06,-3.783230675047274e-08,55.132396873170265,-1.3515152095658435e-06,3.782864065788822e-08,55.108434076440645
0.935,2.9742464913486426e-06,3.7066679520750056e-08,55.124209687586585,2.973828581686414e-06,-3.869165952803999e-08,55.116616426647326,-1.3521030981196614e-06,-3.783230655728536e-08,55.13239687315664,-1.3515151793094777e-06,3.782864084905151e-08,55.10843407642378
0.936,2.974246521631229e-06,3.706667934917705e-08,55.124209687546696,2.973828611644726e-06,-3.869165969810025e-08,55.116616426691266,-1.3521030681593225e-06,-3.7832306365950966e-08,55.132396873228345,-1.3515151490391095e-06,3.782864104257562e-08,55.10843407648753
0.937,2.9742465519323082e-06,3.706667917961529e-08,55.12420968754837,2.9738286416262193e-06,-3.869165986817711e-08,55.116616426727475,-1.3521030381759715e-06,-3.783230617275646e-08,55.132396873178166,-1.351515118741322e-06,3.782864123483452e-08,55.10843407648892
0.938,2.974246582261119e-06,3.706667900986285e-08,55.12420968764809,2.9738286716228375e-06,-3.8691660038947075e-08,55.116616426665445,-1.3521030081754926e-06,-3.7832305982075475e-08,55.13239687316873,-1.3515150884229246e-06,3.7828641425769246e-08,55.108434076346995
0.939,2.974246612611641e-06,3.706667883840014e-08,55.12420968758104,2.97382870164694e-06,-3.8691660209244214e-08,55.11661642679489,-1.3521029781447289e-06,-3.7832305789478156e-08,55.132396873139484,-1.3515150580873967e-06,3.7828641620233955e-08,55.108434076533186
0.94,2.9742466429761494e-06,3.706667866909035e-08,55.12420968759754,2.9738287316787914e-06,-3.869166038053688e-08,55.11661642676492,-1.3521029481048367e-06,-3.7832305596635224e-08,55.13239687322553,-1.3515150277257142e-06,3.782864181102508e-08,55.10843407649452
0.941,2.9742466733666785e-06,3.7066678497011266e-08,55.12420968752018,2.9738287617339768e-06,-3.869166055016047e-08,55.11661642676732,-1.3521029180361352e-06,-3.783230540418648e-08,55.13239687314555,-1.351514997344184e-06,3.782864200374469e-08,55.108434076467546
0.942,2.974246703786437e-06,3.706667832744006e-08,55.1242096875543,2.9738287918067567e-06,-3.869166072035819e-08,55.116616426686136,-1.3521028879459564e-06,-3.783230521225384e-08,55.13239687312006,-1.351514966939091e-06,3.7828642196373563e-08,55.108434076440474
0.943,2.9742467342072357e-06,3.706667815612299e-08,55.124209687510344,2.9738288219145123e-06,-3.869166089074016e-08,55.11661642678632,-1.352102857832718e-06,-3.783230501928653e-08,55.132396873112455,-1.3515149365111307e-06,3.7828642388529764e-08,55.10843407654622
0.944,2.9742467646759696e-06,3.7066677985302675e-08,55.124209687574975,2.9738288520484108e-06,-3.869166106271858e-08,55.116616426734566,-1.352102827694818e-06,-3.783230482699803e-08,55.13239687312418,-1.351514906052755e-06,3.782864257978332e-08,55.10843407641249
0.945,2.9742467951554812e-06,3.7066677814697296e-08,55.12420968753264,2.9738288821914334e-06,-3.869166123326446e-08,55.11661642675665,-1.3521027975421469e-06,-3.783230463522382e-08,55.132396873186025,-1.3515148755920256e-06,3.782864277295273e-08,55.10843407654748
0.946,2.9742468256516353e-06,3.706667764474924e-08,55.12420968752373,2.9738289123635297e-06,-3.869166140308093e-08,55.11661642675733,-1.352102767367169e-06,-3.783230444207778e-08,55.132396873147584,-1.3515148450953446e-06,3.7828642964715906e-08,55.1084340764842
0.947,2.9742468561768427e-06,3.706667747272574e-08,55.12420968753855,2.9738289425424394e-06,-3.8691661574005536e-08,55.11661642666469,-1.3521027371656036e-06,-3.78323042497216e-08,55.132396873151734,-1.3515148145857896e-06,3.7828643157608204e-08,55.108434076460156
0.948,2.9742468867263734e-06,3.706667730111512e-08,55.12420968756729,2.973828972745737e-06,-3.869166174664316e-08,55.11661642666449,-1.3521027069443185e-06,-3.78323040571035e-08,55.13239687317983,-1.3515147840409752e-06,3.782864335091939e-08,55.10843407640445
0.949,2.9742469172888027e-06,3.7066677131335837e-08,55.124209687540414,2.973829003008432e-06,-3.8691661916513526e-08,55.11661642679324,-1.3521026767023234e-06,-3.7832303864571166e-08,55.13239687319738,-1.3515147534932478e-06,3.782864354189906e-08,55.10843407657626
0.95,2.974246947885381e-06,3.70666769597587e-08,55.12420968764576,2.9738290332523802e-06,-3.869166208797295e-08,55.11661642670356,-1.352102646444781e-06,-3.783230367140999e-08,55.13239687328354,-1.3515147229073895e-06,3.782864373617239e-08,55.10843407643179
0.951,2.9742469785033622e-06,3.7066676788715006e-08,55.12420968761076,2.9738290635415974e-06,-3.869166225938418e-08,55.11661642673708,-1.352102616146216e-06,-3.7832303478589105e-08,55.13239687322492,-1.351514692302273e-06,3.782864392835821e-08,55.10843407649388
0.952,2.974247009118572e-06,3.7066676618027306e-08,55.12420968752578,2.9738290938319157e-06,-3.869166243001571e-08,55.11661642676718,-1.3521025858344152e-06,-3.7832303284984055e-08,55.13239687309837,-1.3515146616855625e-06,3.78286441210176e-08,55.10843407649564
0.953,2.9742470397729247e-06,3.706667644614598e-08,55.124209687533906,2.973829124165155e-06,-3.869166260030877e-08,55.11661642680633,-1.3521025555028566e-06,-3.783230309346697e-08,55.13239687305915,-1.3515146310362851e-06,3.782864431408868e-08,55.10843407647289
0.954,2.9742470704674607e-06,3.7066676274227406e-08,55.12420968753304,2.9738291544944774e-06,-3.869166277192781e-08,55.11661642673802,-1.3521025251496554e-06,-3.783230289995673e-08,55.132396873098415,-1.3515146003691828e-06,3.7828644505593404e-08,55.10843407648619
0.955,2.9742471011533535e-06,3.7066676103517656e-08,55.124209687540116,2.973829184858613e-06,-3.869166294403617e-08,55.11661642672192,-1.3521024947791035e-06,-3.783230270630785e-08,55.132396873187204,-1.3515145696671133e-06,3.782864469888108e-08,55.10843407647643
0.956,2.9742471318830177e-06,3.706667593180028e-08,55.124209687593904,2.973829215254241e-06,-3.8691663114606716e-08,55.11661642678408,-1.3521024643807267e-06,-3.783230251424612e-08,55.132396873197976,-1.3515145389619208e-06,3.782864489103384e-08,55.10843407643253
0.957,2.974247162624547e-06,3.70666757602422e-08,55.12420968754314,2.9738292456581195e-06,-3.8691663287352415e-08,55.11661642660181,-1.3521024339671913e-06,-3.783230232261947e-08,55.13239687316138,-1.3515145082292522e-06,3.78286450844657e-08,55.108434076426576
0.958,2.9742471933997613e-06,3.706667558929978e-08,55.12420968749704,2.9738292760988743e-06,-3.869166345862367e-08,55.116616426782514,-1.3521024035214314e-06,-3.783230212879295e-08,55.132396873027304,-1.3515144774713387e-06,3.7828645277651785e-08,55.10843407649526
0.959,2.9742472241670303e-06,3.706667541799841e-08,55.12420968751381,2.9738293065520296e-06,-3.869166363021592e-08,55.116616426740364,-1.3521023730597338e-06,-3.783230193549511e-08,55.1323968731115,-1.3515144466902215e-06,3.7828645471091505e-08,55.108434076498895
0.96,2.9742472549950722e-06,3.706667524573687e-08,55.12420968762626,2.97382933703393e-06,-3.869166380228574e-08,55.11661642675436,-1.3521023425759625e-06,-3.783230174265212e-08,55.132396873283795,-1.3515144158936756e-06,3.782864566338863e-08,55.10843407654019
0.961,2.974247285819963e-06,3.706667507370289e-08,55.124209687557354,2.973829367532198e-06,-3.869166397228197e-08,55.116616426772694,-1.3521023120684827e-06,-3.783230155033115e-08,55.13239687315449,-1.351514385069126e-06,3.782864585658372e-08,55.10843407651245
0.962,2.9742473166691843e-06,3.706667490210905e-08,55.12420968762443,2.9738293980335903e-06,-3.86916641453245e-08,55.11661642674741,-1.3521022815439614e-06,-3.783230135731574e-08,55.132396873196214,-1.3515143542292027e-06,3.7828646050653735e-08,55.10843407649452
0.963,2.9742473475398456e-06,3.706667473144673e-08,55.12420968751084,2.973829428581708e-06,-3.869166431647455e-08,55.11661642681355,-1.3521022509935574e-06,-3.783230116357143e-08,55.13239687313853,-1.351514323366717e-06,3.782864624286645e-08,55.10843407653297
0.964,2.974247378448115e-06,3.7066674559173676e-08,55.12420968756659,2.9738294591432464e-06,-3.869166448875544e-08,55.116616426808775,-1.3521022204217785e-06,-3.783230097062672e-08,55.1323968731208,-1.3515142924684984e-06,3.7828646435767773e-08,55.10843407647721
0.965,2.9742474093520614e-06,3.706667438618877e-08,55.124209687459214,2.9738294897341835e-06,-3.869166466060998e-08,55.11661642682242,-1.3521021898225778e-06,-3.7832300777149547e-08,55.132396873128755,-1.3515142615646623e-06,3.782864662780764e-08,55.10843407659674
0.966,2.974247440297336e-06,3.706667421554191e-08,55.124209687474334,2.9738295203427016e-06,-3.869166483271371e-08,55.116616426799325,-1.3521021592100913e-06,-3.783230058426286e-08,55.13239687310802,-1.3515142306273065e-06,3.782864682064144e-08,55.10843407653617
0.967,2.9742474712681607e-06,3.706667404264761e-08,55.12420968756179,2.9738295509701255e-06,-3.8691665005207124e-08,55.116616426741984,-1.3521021285748019e-06,-3.783230039044682e-08,55.13239687308952,-1.3515141996750802e-06,3.782864701493108e-08,55.10843407645068
0.968,2.9742475022463477e-06,3.70666738711511e-08,55.12420968747263,2.973829581617712e-06,-3.8691665177383114e-08,55.116616426757844,-1.3521020979097926e-06,-3.7832300197724536e-08,55.132396873098315,-1.3515141687004414e-06,3.7828647208341575e-08,55.10843407653795
0.969,2.974247533251416e-06,3.7066673698299416e-08,55.12420968753351,2.973829612297547e-06,-3.8691665348973514e-08,55.116616426732975,-1.3521020672320245e-06,-3.783230000358673e-08,55.13239687308733,-1.3515141376968248e-06,3.782864740167536e-08,55.108434076452866
0.97,2.974247564292321e-06,3.7066673526267687e-08,55.124209687514465,2.973829642979022e-06,-3.8691665522148447e-08,55.11661642677896,-1.3521020365241206e-06,-3.783229981053807e-08,55.13239687315031,-1.3515141066836714e-06,3.7828647595551463e-08,55.10843407655196
0.971,2.9742475953331984e-06,3.7066673353682844e-08,55.12420968749622,2.9738296736961533e-06,-3.869166569301373e-08,55.11661642674149,-1.3521020058085138e-06,-3.783229961660067e-08,55.132396873153056,-1.3515140756421323e-06,3.7828647787070615e-08,55.10843407652689
0.972,2.9742476264070324e-06,3.706667318180215e-08,55.124209687560466,2.9738297044355685e-06,-3.8691665866631955e-08,55.116616426748436,-1.3521019750628094e-06,-3.783229942353605e-08,55.13239687317636,-1.3515140445737871e-06,3.7828647982092646e-08,55.108434076495
0.973,2.9742476575065043e-06,3.7066673009003856e-08,55.124209687569575,2.9738297352011875e-06,-3.869166603815515e-08,55.11661642681037,-1.352101944285946e-06,-3.7832299229997705e-08,55.13239687308827,-1.3515140134880278e-06,3.7828648175113693e-08,55.108434076499776
0.974,2.974247688616005e-06,3.7066672837272056e-08,55.124209687582535,2.973829765982236e-06,-3.869166621220149e-08,55.116616426817785,-1.3521019135012442e-06,-3.783229903592274e-08,55.132396873162634,-1.3515139823858665e-06,3.782864836884498e-08,55.108434076525114
0.975,2.974247719758066e-06,3.70666726635997e-08,55.124209687554995,2.9738297967900813e-06,-3.869166638225021e-08,55.116616426873804,-1.3521018826880067e-06,-3.7832298843095184e-08,55.13239687316759,-1.3515139512480866e-06,3.782864856172875e-08,55.10843407655143
0.976,2.9742477509255885e-06,3.706667249124957e-08,55.12420968752093,2.9738298276044623e-06,-3.869166655529523e-08,55.11661642676029,-1.3521018518494938e-06,-3.783229864908954e-08,55.13239687308187,-1.351513920098129e-06,3.782864875567913e-08,55.10843407655979
0.977,2.974247782108483e-06,3.706667231975578e-08,55.124209687527824,2.973829858463804e-06,-3.869166672828064e-08,55.11661642685981,-1.3521018209909112e-06,-3.7832298456471204e-08,55.132396873139086,-1.3515138889240402e-06,3.782864894851994e-08,55.10843407656293
0.978,2.9742478133014336e-06,3.706667214609386e-08,55.12420968746808,2.9738298893170297e-06,-3.869166690055968e-08,55.116616426740194,-1.3521017901110453e-06,-3.783229826208437e-08,55.13239687307258,-1.3515138577307136e-06,3.7828649143410974e-08,55.108434076461364
0.979,2.974247844541364e-06,3.7066671973798516e-08,55.124209687536364,2.9738299202200307e-06,-3.8691667074858095e-08,55.11661642682144,-1.3521017592136516e-06,-3.783229806796599e-08,55.13239687315409,-1.3515138265122462e-06,3.7828649335666383e-08,55.10843407658821
0.98,2.974247875775094e-06,3.7066671800764376e-08,55.12420968757158,2.9738299511311734e-06,-3.8691667246237053e-08,55.116616426781505,-1.3521017282912943e-06,-3.783229787452238e-08,55.13239687313826,-1.3515137952734788e-06,3.782864952979342e-08,55.1084340764822
0.981,2.974247907059331e-06,3.7066671627613636e-08,55.12420968756966,2.973829982074151e-06,-3.8691667419567047e-08,55.11661642676765,-1.3521016973526112e-06,-3.783229768076071e-08,55.132396873179644,-1.3515137640067797e-06,3.782864972490227e-08,55.10843407648362
0.982,2.974247938349331e-06,3.7066671454752396e-08,55.12420968752103,2.973830013031931e-06,-3.8691667592093205e-08,55.11661642683842,-1.352101666381291e-06,-3.783229748699353e-08,55.13239687314588,-1.3515137327316636e-06,3.782864991774303e-08,55.10843407659023
0.983,2.9742479696643763e-06,3.706667128212348e-08,55.12420968753237,2.9738300440081293e-06,-3.869166776531025e-08,55.11661642677677,-1.3521016353951064e-06,-3.783229729304551e-08,55.13239687309945,-1.351513701421654e-06,3.782865010988409e-08,55.10843407645656
0.984,2.9742480010063504e-06,3.7066671108551634e-08,55.12420968757564,2.9738300749954406e-06,-3.869166793795211e-08,55.116616426801954,-1.3521016043885523e-06,-3.7832297099718684e-08,55.132396873178195,-1.3515136700893115e-06,3.782865030470921e-08,55.10843407651154
0.985,2.9742480323584686e-06,3.706667093603654e-08,55.12420968756685,2.973830106024839e-06,-3.8691668111671315e-08,55.11661642674031,-1.352101573355719e-06,-3.783229690584147e-08,55.1323968731127,-1.3515136387431133e-06,3.782865049934592e-08,55.10843407647262
0.986,2.974248063738105e-06,3.706667076330066e-08,55.124209687528946,2.9738301370709277e-06,-3.869166828421772e-08,55.11661642681929,-1.3521015422938849e-06,-3.783229671069572e-08,55.13239687305894,-1.3515136073811771e-06,3.782865069278699e-08,55.108434076568045
0.987,2.9742480951271675e-06,3.706667058975843e-08,55.12420968750243,2.973830168143471e-06,-3.8691668457604573e-08,55.11661642679725,-1.3521015112232832e-06,-3.783229651761779e-08,55.13239687309701,-1.3515135759801479e-06,3.7828650885906004e-08,55.10843407653212
0.988,2.974248126572317e-06,3.706667041548696e-08,55.124209687551826,2.973830199230664e-06,-3.869166863033047e-08,55.1166164268129,-1.3521014801302284e-06,-3.783229632419091e-08,55.13239687317821,-1.3515135445592278e-06,3.782865108038294e-08,55.10843407650708
0.989,2.9742481580106665e-06,3.706667024186869e-08,55.12420968747304,2.973830230347619e-06,-3.8691668803298995e-08,55.116616426815966,-1.3521014490060891e-06,-3.7832296129407106e-08,55.132396873090585,-1.3515135131247314e-06,3.782865127331211e-08,55.108434076586946
0.99,2.974248189479421e-06,3.706667006939102e-08,55.12420968748738,2.9738302614698456e-06,-3.869166897737242e-08,55.116616426772055,-1.3521014178691647e-06,-3.78322959349172e-08,55.132396873073816,-1.3515134816641016e-06,3.782865146933356e-08,55.108434076512154
0.991,2.9742482209618096e-06,3.706666989540463e-08,55.12420968747634,2.973830292633126e-06,-3.8691669150556987e-08,55.11661642681453,-1.352101386702545e-06,-3.7832295740951496e-08,55.13239687306617,-1.351513450187606e-06,3.782865166170928e-08,55.10843407657319
0.992,2.9742482524760058e-06,3.706666972326199e-08,55.12420968750638,2.9738303238089192e-06,-3.869166932453663e-08,55.11661642681263,-1.3521013555206975e-06,-3.783229554700197e-08,55.13239687311315,-1.3515134186808161e-06,3.7828651856186136e-08,55.108434076510434
0.993,2.9742482840092433e-06,3.706666954915998e-08,55.12420968748033,2.973830355024079e-06,-3.8691669497514096e-08,55.1166164269264,-1.3521013243088336e-06,-3.78322953530432e-08,55.132396873069055,-1.351513387160434e-06,3.78286520500724e-08,55.108434076648535
0.994,2.9742483155668517e-06,3.7066669374470845e-08,55.124209687448825,2.9738303862269533e-06,-3.869166967198451e-08,55.11661642687841,-1.3521012930825684e-06,-3.783229515813698e-08,55.13239687306458,-1.351513355613068e-06,3.782865224322778e-08,55.10843407659567
0.995,2.9742483471482617e-06,3.7066669201661486e-08,55.12420968753234,2.973830417451173e-06,-3.869166984454598e-08,55.116616426735504,-1.3521012618323144e-06,-3.783229496402686e-08,55.13239687312607,-1.351513324043442e-06,3.782865243837819e-08,55.10843407653556
0.996,2.9742483787519723e-06,3.706666902780281e-08,55.12420968748563,2.973830448725994e-06,-3.86916700187206e-08,55.11661642680588,-1.3521012305635757e-06,-3.783229477066623e-08,55.132396873094905,-1.3515132924470522e-06,3.782865263333082e-08,55.108434076553664
0.997,2.9742484103837774e-06,3.706666885421336e-08,55.124209687533536,2.9738304800196976e-06,-3.869167019251781e-08,55.11661642688746,-1.352101199263893e-06,-3.783229457641132e-08,55.132396873073745,-1.3515132608345146e-06,3.782865282675278e-08,55.10843407656141
0.998,2.9742484420282676e-06,3.706666868050959e-08,55.124209687511694,2.9738305113213495e-06,-3.8691670366479e-08,55.11661642686009,-1.352101167948338e-06,-3.783229438197239e-08,55.132396873069865,-1.3515132292062874e-06,3.782865302148467e-08,55.108434076571186
0.999,2.9742484736803303e-06,3.7066668507565684e-08,55.124209687557936,2.973830542642019e-06,-3.869167054050949e-08,55.11661642687149,-1.3521011366141616e-06,-3.783229418768749e-08,55.13239687312053,-1.351513197537545e-06,3.782865321557076e-08,55.108434076543915
1.0,2.974248505355151e-06,3.706666833296175e-08,55.12420968746578,2.973830573997986e-06,-3.869167071532653e-08,55.11661642685844,-1.3521011052540966e-06,-3.783229399291846e-08,55.132396873119305,-1.3515131658602855e-06,3.7828653410826067e-08,55.10843407660825
1.001,2.9742485370739126e-06,3.706666815802176e-08,55.12420968744604,2.973830605381221e-06,-3.8691670888171624e-08,55.11661642686532,-1.3521010738716851e-06,-3.7832293798288764e-08,55.132396873013036,-1.3515131341700233e-06,3.7828653604243155e-08,55.10843407655345
1.002,2.993176760482258e-06,3.767576912123599e-08,55.385932875017545,2.9833057913912846e-06,-3.728050996441355e-08,55.248472876740536,-1.4055660831209398e-06,-3.761461494415172e-08,56.72127996796307,-1.4102431705883814e-06,3.7783778650343855e-08,56.850227742200104
1.003,3.028502528520731e-06,3.9051448837986404e-08,55.880983213492954,3.0076684978543356e-06,-3.664102506762187e-08,55.58654361307349,-1.4970088867554378e-06,-4.25408747648229e-08,59.384011825007505,-1.5087442907932277e-06,3.924641067104511e-08,59.698361622726864
1.004,3.065996784182374e-06,4.147469980453581e-08,56.42100060738382,3.03677673598053e-06,-3.475359692297796e-08,55.99437478148724,-1.5530990192192735e-06,-2.276707362830713e-08,61.1193880528442,-1.5671155338352153e-06,3.5381023596438457e-08,61.510502273189786
1.005,3.0984807083222757e-06,4.48578961576429e-08,56.90742124119936,3.057524136416704e-06,-3.334207812387743e-08,56.29418658450423,-1.5815170732173686e-06,-3.558279717774278e-08,62.1422720610765,-1.5887180368890758e-06,5.294260705823963e-08,62.43293963032794
1.006,3.124179886923475e-06,4.785087282485038e-08,57.31176928842997,3.0765521656753507e-06,-3.272374585891414e-08,56.57682596457023,-1.5873079281484798e-06,-2.2183271775782135e-08,62.61789627060452,-1.5957795029018821e-06,6.529080364134341e-08,62.97113104238517
1.007,3.139010366990725e-06,4.499595363954045e-08,57.57490923269059,3.08152692606628e-06,-2.3589418577641127e-08,56.66549087481728,-1.5820573550985515e-06,-3.73312807120247e-08,62.778712542533924,-1.5751919683130408e-06,5.158294586099473e-08,62.81916963718828
1.008,3.1565581134062103e-06,4.325852411755533e-08,57.87700064138231,3.0712621421436058e-06,-2.073030543017375e-08,56.53688862611837,-1.5751441286677825e-06,-2.6046331377678627e-08,62.84689193105898,-1.5583957254697279e-06,6.602298383313449e-08,62.66005012623907
1.009,3.1643368142644253e-06,5.568741149146781e-08,58.04239539924714,3.037721572897033e-06,-3.3821708589664577e-08,56.05832649073598,-1.5641381663423815e-06,-2.2878169083231316e-08,62.7719558684236,-1.526433795543532e-06,6.58439526156704e-08,62.06574691626851
1.01,3.1733605789268123e-06,4.886425810253812e-08,58.21245710488216,3.0500468222269966e-06,-1.3838939802442472e-08,56.20212085685833,-1.553881968261409e-06,-2.0697267142441804e-08,62.67201494230976,-1.4969452633862271e-06,4.9346660093930616e-08,61.480817003979524
1.011,3.186465130187651e-06,5.287629795131768e-08,58.43737041570506,2.9680898237150005e-06,-3.265713687512799e-08,55.00309873547843,-1.5487571800422318e-06,-2.694717547782183e-08,62.6863868766503,-1.4645689301042199e-06,7.255690457348324e-08,60.68809875549296
1.012,3.2014581601945554e-06,4.887600561189211e-08,58.672116335649605,2.91821866601577e-06,-2.778335704412285e-08,54.16508564174278,-1.5472859970372545e-06,-2.9571613937711286e-08,62.77146954809085,-1.4155703070391588e-06,5.483210230511087e-08,59.39930261937617
1.013,3.2376032929031012e-06,6.674902428410945e-08,59.18955920595441,2.889126595471843e-06,-2.8627517774943804e-08,53.607868987186,-1.552169448163093e-06,-2.507088289228258e-08,63.00004455636331,-1.3909216409814184e-06,4.182109364052095e-08,58.65881096871786
1.014,3.285539707477721e-06,6.780636729683044e-08,59.85800679862818,2.8269209202946528e-06,-2.9122059692777703e-09,52.536288035641284,-1.560266679903824e-06,-2.3270514468590916e-08,63.32773913064254,-1.3402806000162982e-06,4.932877150947446e-08,57.14471528132222
1.015,3.3257463579695034e-06,5.7365745361148975e-08,60.43245505203548,2.755900210409447e-06,3.561581476471469e-09,51.271481539721584,-1.5708293081380124e-06,-2.221871604370269e-08,63.743886275827876,-1.3040413743532111e-06,5.108515814345713e-08,55.943060170495585
1.016,3.3809254116709366e-06,7.285822412498288e-08,61.20563856413092,2.6595550789755607e-06,-2.2431822613641067e-08,49.50679230685557,-1.5962999415225126e-06,-3.4483357099608245e-09,64.53510793872381,-1.271062762269613e-06,6.118598925765132e-08,54.73600941406478
1.017,3.4729944739299492e-06,7.516292712494935e-08,62.4351363697656,2.6101714370932597e-06,-2.1528865775336327e-08,48.48015440979947,-1.6186003200077617e-06,-2.2505503387552434e-08,65.29339460321913,-1.2082285691482557e-06,5.1199291762663176e-08,52.5435563115351
1.018,3.5799334257829573e-06,9.454737517811013e-08,63.86948842835258,2.5166229978786824e-06,1.3874505726802564e-08,46.67766023420372,-1.65394901465263e-06,-1.3530245895613653e-08,66.3929827309154,-1.1661504860092108e-06,5.243657136822985e-08,50.891543088620075
1.019,3.6590433071764417e-06,7.94158151473368e-08,64.98824693422294,2.4247555012071837e-06,-1.627064442275174e-08,44.80505328401026,-1.6931923726484783e-06,-1.4720099819791154e-08,67.63427503311924,-1.1270327852069185e-06,4.4411855311076785e-08,49.21473234961036
1.02,3.8061990319607773e-06,6.593358533777158e-08,66.8848058985322,2.283288067131721e-06,-8.47557113094745e-09,41.83858826473035,-1.7517457513244908e-06,-6.8419529866618426e-09,69.38291533367564,-1.0519111835218795e-06,5.28217885586602e-08,46.10740558523887
1.021,3.96311252823128e-06,9.654821159175667e-08,68.88335589923568,2.2279752221147473e-06,4.326455647425618e-08,40.648462690880756,-1.8052240685282468e-06,2.5909916933928507e-08,70.98715973280262,-1.0239027194469783e-06,4.998819556777455e-08,44.678765858959295
1.022,4.159219702905901e-06,1.0435084221995856e-07,71.35863461728067,2.132769272618145e-06,9.068034215645504e-08,38.725202989228016,-1.8518727399907206e-06,2.6175236109113994e-08,72.51434239036134,-9.609818731320977e-07,5.308112942029869e-08,41.8487400410245
1.023,4.3217754275691585e-06,1.0385413804417737e-07,73.46608563803535,1.9517078183986303e-06,5.2016915993797305e-08,34.400364153911696,-1.9372407217691462e-06,2.6057649132587217e-08,74.92069510836455,-9.020038927307321e-07,5.3210067290922296e-08,38.862831838680314
1.024,4.522059491870213e-06,1.0632890127323256e-07,75.94698972572954,1.8839147791768929e-06,1.529803038915879e-07,33.52119376294469,-1.9888120391135046e-06,1.1439017416069998e-08,76.70943431629276,-8.805672494492178e-07,5.177994672157651e-08,37.557393569184306
1.025,4.538600566088799e-06,6.075908220796504e-08,76.76566386215868,3.8826028219429584e-06,6.295049217261086e-07,64.03331038414743,-1.6786618280142773e-06,-4.4288579654705185e-08,70.15643347167199,-1.121798589223032e-06,1.5204649503058798e-07,47.706870266682685
1.026,4.255985670998911e-06,7.387948564476408e-08,74.6671261339561,2.319236508168465e-06,7.467887558762935e-08,44.82440282537004,-1.7418156413863718e-06,-4.076166472972978e-08,71.76088836676848,-1.0081111777463393e-06,5.468552614018114e-08,44.41426754016937
1.027,3.5815276634416155e-06,6.34568283650749e-08,67.59042717284352,3.0470839029226174e-06,4.23036930323168e-08,55.449283181046354,-1.6479371044711136e-06,-1.624437726580733e-08,69.50097133033415,-2.5160966785672795e-06,8.69352386241093e-07,72.16342547845912
1.028,3.3707394040139006e-06,7.505858916749828e-08,64.63806377934547,3.0391623068761157e-06,1.771496917527675e-07,55.65007531391129,-1.5341629075286018e-06,-1.5669930576332234e-08,66.37700471040176,-1.8009335581753307e-06,1.3647243054754267e-07,61.08339630030085
1.029,3.0633501666287907e-06,6.756141617755108e-08,59.9037170670244,3.1526711367483246e-06,1.5173650080109943e-07,57.264377797405245,-1.4375712654322738e-06,-1.4942740239466604e-08,63.30033848633079,-2.1535285412581637e-06,2.308732801556362e-07,69.30926628806816
1.03,2.9123838018395073e-06,9.193797611552373e-08,56.95936864519483,3.250095152728769e-06,1.2983603670631904e-07,58.71186679291118,-1.3515241058334154e-06,-7.308391691687492e-09,60.148572737669824,-2.0617305405927947e-06,2.3098481671951952e-07,68.99925197292544
1.031,2.769615456235719e-06,7.00121317177496e-08,53.874567027048336,3.184107952312293e-06,1.649957984155676e-07,58.10269567227844,-1.2745252672923252e-06,4.9324234297284345e-09,56.963520299212036,-1.880114733474429e-06,2.4358205164343237e-07,66.59784628273744
1.032,2.703806173656702e-06,7.160555104573851e-08,52.04547354505761,3.152335652752008e-06,1.4909580962217854e-07,57.878607149517805,-1.2111780301908031e-06,4.300929960651863e-09,54.06759622398479,-1.7626086936055472e-06,2.593206615823759e-07,64.95387378268407
1.033,2.6884412092186305e-06,9.317133822548485e-08,51.21880301741135,3.0838377072557808e-06,1.1152927967932913e-07,57.00402530188816,-1.177270771479993e-06,6.151822683984092e-09,52.196309328496305,-1.6531730393996232e-06,2.3529285382534097e-07,63.010956585223596
1.034,2.6050079263312964e-06,7.546741440364351e-08,49.20967528763723,3.0785631045877253e-06,1.1221852762983839e-07,56.90024891968203,-1.1475236105881758e-06,9.821874196025106e-09,50.52650003494628,-1.6745456131830752e-06,3.04172534518023e-07,63.9072458872204
1.035,2.5965061761674076e-06,7.794899150842954e-08,48.60287387185834,3.0397851519178052e-06,7.31236724338311e-08,56.359131014943785,-1.1334576534071567e-06,1.2780683164893989e-08,49.555410760905055,-1.5585341138174418e-06,1.8997496167244294e-07,61.55441091873945
1.036,2.6204609790320887e-06,8.085204401860914e-08,48.63752630422313,2.9844906871801925e-06,1.2533775019023029e-07,55.45864532604463,-1.1252916760852479e-06,1.6395504012363016e-08,48.90264915633425,-1.5212178529129057e-06,3.0332540336987033e-07,60.81150214816387
1.037,2.7008358147994883e-06,1.1103278389534976e-07,49.72236769477389,2.906811178931032e-06,1.2652094140118098e-07,54.203362548824074,-1.1416846341002882e-06,2.8216334963630705e-08,49.26789695075522,-1.444685470733516e-06,2.1983814755547594e-07,58.98216836297472
1.038,2.7082340671954526e-06,8.976641005484437e-08,49.553492808163625,2.9562305037332747e-06,1.8426955243370677e-07,54.81442994317875,-1.145877278913089e-06,3.7633357654415784e-08,49.24779711259057,-1.4402813405144396e-06,1.9317291903405944e-07,59.00888359947534
1.039,2.7586616728904267e-06,9.425805521295211e-08,50.14617259136589,2.8893228325864206e-06,1.850865285938047e-07,53.710885074150966,-1.1513479768846597e-06,2.2728249445473943e-08,49.41535694557077,-1.4181507526638963e-06,1.6044987939359754e-07,58.439104308850276
1.04,2.8601791247119873e-06,1.0087008150476091e-07,51.50575359141054,2.83864397172536e-06,7.605605104479441e-08,52.7996302189183,-1.1881657027061318e-06,3.661652060706119e-08,50.625659088638805,-1.3345521677111254e-06,2.295744334092607e-07,56.102488408182836
1.041,3.008825916741752e-06,9.662658514425091e-08,53.59821180955629,2.519848052830379e-06,1.2018876782529887e-07,47.22408123701661,-1.255973347338373e-06,3.576111870897787e-08,52.978809249207636,-1.2739592112840893e-06,1.7448422589951875e-07,54.013837601007225
1.042,3.1301149002545285e-06,1.1726515525924877e-07,55.12888954166844,2.877330244476913e-06,2.8773655634235225e-07,52.90803538781579,-1.2600986056625728e-06,4.403723375942176e-08,53.16784288243444,-1.256449095681839e-06,2.0106147839031267e-07,53.581405744553216
1.043,3.3094742935394593e-06,8.88837078812466e-08,57.64820161566739,2.3435969569576e-06,1.5632674373785306e-07,43.6844312209783,-1.370569524728245e-06,4.4081909716729447e-08,56.706798157106846,-1.1771535602627357e-06,1.5396061347186097e-07,50.5988518756603
1.044,3.5460649170559325e-06,1.5271643420075034e-07,60.43743972030407,2.114054158608859e-06,1.0203717977270847e-07,38.077549409876276,-1.5006473994815706e-06,8.66673765001805e-08,60.55704876750957,-1.0377288222247822e-06,1.681335097556412e-07,44.85193824445849
1.045,4.80653629514012e-06,9.08342575079821e-07,76.55500684117507,2.282948276356601e-06,-9.214589458482879e-09,42.06046416415748,-1.7205119673957412e-06,3.378176801703186e-08,66.66688485229885,-1.0349845676302144e-06,1.2788865889393784e-07,44.35317591851654
1.046,4.274449180754607e-06,2.919171647237309e-07,72.31811254117451,1.8146380715435267e-06,8.667316282852856e-08,29.26612655594151,-1.9171006503822434e-06,1.3688228906269509e-07,71.78282728533344,-8.731264922478072e-07,1.445383442439739e-07,35.740388466602575
1.047,4.5951559793150956e-06,3.74951495839262e-07,76.41392232670034,2.0332436398234506e-06,2.5736324917284295e-07,35.86698805426475,-1.8902768484620821e-06,7.68271902416268e-08,72.64740687482985,-8.736325495691407e-07,1.211194736463953e-07,36.15830231936846
1.048,4.396529904440433e-06,2.873083869774101e-07,75.77311592857778,6.107117828643741e-06,2.0138640979910637e-07,82.4911705064008,-1.4822413110360036e-06,2.773797265860905e-08,63.48256794359885,-1.2691026411465689e-06,1.0032130286527401e-07,52.186552419988104
1.049,4.133452100694198e-06,4.929515134251737e-07,74.46114648584559,3.1736865693277082e-06,1.2725919832892666e-07,57.932389503794965,-1.4834581031413135e-06,4.430788048807165e-08,63.49170392189154,-1.129492859829742e-06,1.913273177948669e-07,48.98259705702407
1.05,3.5331358356897065e-06,2.964947095144857e-07,68.5662096455901,3.0542339153856285e-06,1.0606272851504975e-07,56.669660627700836,-1.495266100141574e-06,6.026634864971158e-08,63.82498109647703,-1.7502149858835937e-06,2.2007467966869838e-07,63.07851872201702
1.051,2.930537957901408e-06,2.0738572690914652e-07,60.27024254540176,3.0633600552795613e-06,1.463335129263453e-07,56.77236520448275,-1.3799234769097118e-06,7.277116094934866e-08,60.656710759989465,-2.4974935923954194e-06,8.389222169401336e-07,74.21374550331707
1.052,2.6785662372551707e-06,1.8525063799764083e-07,55.488167969509036,3.469808067541608e-06,1.2186581545610949e-07,61.7196546936478,-1.2944146012641004e-06,4.70314361543791e-08,58.0560132296163,-3.021985969148906e-06,3.406306972758537e-07,84.0577689768348
1.053,2.7544847283956814e-06,1.9146507108812872e-07,55.858364250107684,3.0033205252381174e-06,1.528400688539816e-07,56.09565317235305,-1.259407566151734e-06,3.3215386181207155e-08,56.39587156943213,-1.6712999353368632e-06,2.109964692444414e-07,61.92090630563561
1.054,2.6649391748018934e-06,1.8232031006779897e-07,53.68307363435833,3.2189049566776844e-06,1.443795987752514e-07,58.73301131771373,-1.224650579576731e-06,8.852333123345405e-08,54.93026887551824,-2.3275600445745516e-06,1.9057598826352133e-07,76.40517891318034
1.055,2.632861721867949e-06,1.8652645823604085e-07,52.49898809110687,2.994986855137141e-06,1.5975400795799592e-07,55.74605665749877,-1.1564224838892524e-06,7.318618811494208e-08,52.44055221898586,-1.6747239629366301e-06,2.440783060796052e-07,64.33518269932377
1.056,2.7259931897747823e-06,2.2062496782835809e-07,53.49055989423236,2.754398996022234e-06,1.5067488996171365e-07,52.014401389685226,-1.1771509802787602e-06,9.781197706030888e-08,52.59278811886529,-1.4937953606740833e-06,2.8275501773170565e-07,59.9070697804152
1.057,2.770102801520418e-06,2.1202327438557848e-07,53.7914116499713,2.982884791004626e-06,1.7361392627904974e-07,55.55931132325358,-1.1796380819081515e-06,1.4208181050929652e-07,52.01056871935856,-1.4336937740738528e-06,1.6853796192224642e-07,58.347050122563346
1.058,2.7658836764399156e-06,1.9753424870298372e-07,53.41831051231698,3.2172343951690964e-06,2.8507383801255493e-10,59.073981329334316,-1.1278677577078617e-06,1.092318538138385e-07,50.04105668104434,-1.4030689125704742e-06,2.455788683664716e-07,57.71952539115786
1.059,2.860115062401474e-06,2.247280160064052e-07,54.607437528396076,2.810468793458827e-06,-1.6940297263251857e-07,53.709290070778614,-1.178618735507902e-06,1.5628565840522178e-07,51.344318748844515,-1.3198333493569628e-06,2.1074043780937343e-07,55.19338867442694
1.06,2.8231773548392124e-06,1.9377784151514334e-07,53.85905265686675,2.4573197560921286e-06,-9.662054959092593e-08,47.62662950846339,-1.1962719540619372e-06,1.5460444993288907e-07,52.15842660291347,-1.2119993574835522e-06,1.8079437415044253e-07,51.41704962787528
1.061,2.9510634970903365e-06,2.1870066693672632e-07,55.5178823376921,2.3897869524836538e-06,-1.1707272940395454e-07,45.93655369304657,-1.2916280652527242e-06,1.3129873164196338e-07,54.94172559556354,-1.2085316637883502e-06,1.4307015068595426e-07,50.7894152933031
1.062,3.430334916443885e-06,2.1294127343147394e-07,61.57536423115742,2.25675220608818e-06,-1.209889409674481e-07,42.845978377367395,-1.6106978539311647e-06,5.384122293239086e-07,65.41060746338671,-1.1216481467805743e-06,2.0439770541672638e-07,47.31354532506748
1.063,3.4632895439469212e-06,2.739747319973495e-07,62.281574220361506,2.119579868373729e-06,-7.844507855916182e-08,39.46605784519586,-1.3562737895357879e-06,2.698684818471461e-07,56.44962002357025,-1.0154616252975397e-06,1.3540152192411434e-07,42.67351739579112
1.064,3.652576094889788e-06,2.93008979460178e-07,64.68122901930398,2.025976734025799e-06,-6.587199781778181e-08,36.996965710603895,-1.664348379120087e-06,3.29385875057247e-07,63.307217034583815,-1.0599372758169434e-06,2.1051802766001908e-07,43.797663433733355
1.065,3.7763595120942303e-06,3.0959038589755436e-07,66.46708597228177,2.8067229006431142e-06,4.1814226687291523e-07,51.64745598993304,-1.5024041699004134e-06,3.0996117917076956e-07,60.16379609751412,-1.2377881174040333e-06,1.8010929249333763e-07,49.96152815220592
1.066,3.699464519513881e-06,2.7844330619196427e-07,65.98364446324985,2.8251264712788325e-06,5.996555097842401e-07,52.59836082000787,-1.5792509562109288e-06,2.9273738243691404e-07,61.17791485993531,-1.3843077376593093e-06,1.0201372577643038e-07,54.23484181359092
1.067,3.72876339659306e-06,2.754488003842579e-07,66.6248933385484,1.6944875409416302e-06,1.777506967732648e-07,25.921507380048375,-1.8222281111869445e-06,2.7734493644428597e-07,67.04888022017391,-1.0924773655649778e-06,2.3287845460372052e-08,44.40837835380311
1.068,4.032710452228621e-06,2.906252027830923e-07,70.1537318089016,2.056727273038459e-06,3.501544402092787e-07,38.76154198214976,-1.8225125791214585e-06,2.242628891232565e-07,67.46256512211876,-1.0072165026878121e-06,-6.659890066578225e-09,40.8554428488327
1.069,3.845350689235106e-06,2.1713494002673756e-07,68.62619505522191,4.13512541696968e-06,8.143045432818431e-07,65.36168766946095,-1.5536700233502535e-06,1.6016774362182526e-07,61.00856745332884,-1.5376381077386989e-06,2.597778871398774e-07,58.24010077332893
1.07,3.8069562353957303e-06,2.9327152593313676e-07,68.42362106489956,1.8445901371501808e-06,2.433915104614866e-07,32.555072667053096,-1.738598641671002e-06,1.936865754176055e-07,65.54747481485533,-1.0400723315662162e-06,-2.2554960394668642e-08,43.077662486216404
1.071,3.711149917154031e-06,2.309481877707216e-07,67.58587909387938,2.016723282466489e-06,2.7877538025256324e-07,37.5027051626491,-1.8141024681923224e-06,2.0396538343418313e-07,67.45108262191977,-1.3203151189884856e-06,1.3123795062579888e-07,53.29040263641684
1.072,4.103508144336326e-06,2.713949940079686e-07,71.83347172588068,1.709923726931208e-06,2.3918013465711155e-07,29.194491067011747,-1.891613621710492e-06,2.4101592457715116e-07,69.42300396869807,-8.11626711678503e-07,2.3205192155936155e-08,29.717568868113524
1.073,4.270682979958939e-06,2.740958758542552e-07,73.88354923953904,1.6106175695200604e-06,2.3120485255869026e-07,26.499895260642326,-2.0069694172498475e-06,1.927335830375399e-07,72.30200825208786,-9.287471254615015e-07,2.0630964692723568e-07,36.762241066241955
1.074,4.438703295896612e-06,3.6908432421947924e-07,76.11624640614691,1.6139470411383745e-06,2.3426543909800226e-07,27.636853460838772,-2.1648582656531496e-06,2.665431670349222e-07,75.83772361058948,-1.2588495936286547e-06,5.6369332193831e-07,47.59597947723293
1.075,4.491397771312814e-06,3.2468298652493337e-07,76.94379516247847,1.472595325299538e-06,2.0841742405694887e-07,23.445210275297747,-2.161469270154931e-06,2.2237251745231763e-07,76.52293261708033,-8.641988335421617e-07,3.1545644877242456e-07,32.02752711605321
1.076,8.48403260235635e-06,1.7896884158414002e-06,106.31289295602204,1.325843600594974e-06,1.899391088930268e-07,19.526769184627554,-2.676932077866098e-06,3.129245510688856e-07,86.49410866291173,-7.536981547227317e-07,2.558913776079789e-07,25.62820977302931
1.077,4.1178642870653864e-06,1.8543437877597486e-07,76.0851833201566,1.2039276650263435e-06,1.7119333990303747e-07,15.674832977045329,-2.381190747897688e-06,2.6478710164656364e-07,82.73833863419475,-7.099148958552705e-07,2.4676976767537794e-07,24.189182473783553
1.078,5.036827374330354e-06,3.8051913811585184e-07,84.89108449945056,1.1005734067445377e-06,1.5647443309913182e-07,13.596534820399468,-2.5740976084978185e-06,2.0997695425269253e-07,86.89241361686318,-6.925571382200974e-07,2.3455127226878494e-07,24.882915724970637
1.079,5.339566200380618e-06,2.3425319629197276e-07,87.91597814566974,1.0372556652090903e-06,1.541156607535604e-07,14.665397968001527,-2.5670143064706278e-06,3.184150102916108e-07,87.90052567055977,-6.414172465352028e-07,2.2326707028050886e-07,22.128276635159565
1.08,5.702380238640406e-06,2.976210171643297e-07,91.599270482,1.0509442205266312e-06,1.648634373543486e-07,17.87264731756393,-2.561960666969112e-06,2.1687978669993057e-07,88.80224225615348,-5.935459740566238e-07,2.1039728184632135e-07,19.678283643644114
1.081,7.032025645336437e-06,4.162468783391244e-07,102.00881275979988,3.724055084767371e-06,6.539089552192852e-07,57.71790437669058,-3.276864356831688e-06,1.343110579817337e-06,101.01673434315416,-8.526540563347272e-07,3.049840274358262e-07,35.65089699251518
1.082,5.54125018936332e-06,2.0482451584624248e-07,92.90057150982943,1.5012384549650188e-06,2.441442704314054e-07,28.420189667119196,-1.6343519971006684e-06,6.758980796664498e-08,71.82800753782502,-7.138869530230787e-07,2.6026054845863023e-07,29.35874551810413
1.083,5.026781565190322e-06,2.426851630507401e-07,89.1021049761032,1.3032348525318692e-06,2.0813833036652417e-07,22.591877589507334,-1.9443366866591505e-06,4.1828305674556966e-08,78.55039214564063,-6.360391363288589e-07,2.370084926704213e-07,24.893438878888496
1.084,4.943195584578606e-06,2.9049097038495665e-07,88.49406144704193,1.1467917235511443e-06,1.8228758441142047e-07,16.85327718410383,-2.0790072334477766e-06,1.2619390971328474e-07,81.45953228275265,-5.74101151402134e-07,2.1719787706014192e-07,20.844418523542565
1.085,5.000334678296456e-06,3.372013184141837e-07,88.77883957829374,1.01940520937777e-06,1.6240120134956651e-07,11.504383623426408,-2.3384554301222277e-06,1.5044408607742423e-07,86.54027068505367,-5.267333852641054e-07,1.9915875454978306e-07,17.941313628958866
1.086,5.336163071379179e-06,2.482472442686169e-07,91.90570796628562,9.060584541941968e-07,1.4492252346717718e-07,7.176976271310748,-2.5137446536378254e-06,1.4878899438989292e-07,90.250010856934,-4.755116908948485e-07,1.7951263419516938e-07,14.2232489078287
1.087,5.709293349164495e-06,3.7159216140499293e-07,94.9500249927295,7.922548208125649e-07,1.266400627015889e-07,3.7742295455093853,-2.6437440465595852e-06,2.8776957405638484e-07,93.39020463555971,-4.2661354089308725e-07,1.6110690868177012e-07,10.559818497603105
1.088,6.669244185792436e-06,6.753245374387737e-07,103.8789331033889,6.757956836191248e-07,1.0794594676983187e-07,0.8661017004346228,-2.842304078860664e-06,2.1756887837305048e-07,97.99921187188879,-3.784722722223698e-07,1.429773455118934e-07,6.172416614776823
1.089,6.09522817184748e-06,3.501387914755294e-07,99.53946527633101,5.482441667764327e-07,8.755851464472808e-08,0.13156707856187033,-2.893208768612272e-06,2.790625426601282e-07,100.00470230573048,-3.2916807613602564e-07,1.254892092482333e-07,5.108787763388726
1.09,9.024285889688076e-06,1.4687743964834204e-06,122.53609689192581,4.373986994756957e-07,6.985222670949209e-08,0.10551419171794407,-3.3597018129806545e-06,2.029038008157389e-07,108.40600230044714,-2.8650913237493915e-07,1.1033518172607962e-07,4.988774194328929
1.091,6.810998681309658e-06,1.0571665425664963e-06,110.72227137810636,3.4914890186994075e-07,5.575785087445131e-08,0.08462029236785007,-3.473431031522444e-06,2.2993618908093908e-07,111.3459993914819,-4.2150686305176464e-07,1.6864570199684405e-07,19.47235538564346
1.092,6.4902638319744565e-06,1.0355908264911244e-06,110.21095126955962,3.4914890186994075e-07,5.575785087445131e-08,0.08462029236785007,-3.3404517878733225e-06,2.548745094218644e-07,111.99996126049362,-9.250077105870496e-07,3.5407374119731925e-07,36.98852699915624
1.093,5.546599110358706e-06,5.219670687969536e-07,102.90876483675463,3.4914890186994075e-07,5.575785087445131e-08,0.08462029236785007,-2.979562861550808e-06,3.3264763156026877e-07,108.27511230611337,-3.981884287890002e-07,1.5701609253001938e-07,12.040880053097757
1.094,6.456486357375428e-06,4.5856820604038337e-07,110.25280355605577,3.4914890186994075e-07,5.575785087445131e-08,0.08462029236785007,-2.900131596913609e-06,3.322126053596784e-07,107.69736304785606,-3.439726843918039e-07,1.34263294021402e-07,2.3801216349159127
1.095,6.63268395344046e-06,4.855960152080835e-07,112.34722733505832,3.4914890186994075e-07,5.575785087445131e-08,0.08462029236785007,-2.8561564636092378e-06,2.310921989860036e-07,108.00416126074363,-2.869262342131991e-07,1.1198756050440815e-07,0.6277565518766526
1.096,7.015268064806206e-06,5.532756107697739e-07,116.14670142992833,3.4914890186994075e-07,5.575785087445131e-08,0.08462029236785007,-2.937799473985192e-06,4.523166804783244e-07,109.84293929583836,-2.3161726974540212e-07,9.03909199499781e-08,0.11647249325977604
1.097,6.801919888738849e-06,4.6563615066731743e-07,115.83623877073077,3.4914890186994075e-07,5.575785087445131e-08,0.08462029236785007,-2.8804512905846e-06,3.4392862070445386e-07,110.02831608385671,-1.8485538245080343e-07,7.214017094244265e-08,0.09340863320833392
1.098,6.482811541475564e-06,5.17514455953694e-07,114.30315834718745,3.4914890186994075e-07,5.575785087445131e-08,0.08462029236785007,-2.8828968422996135e-06,3.1288991503807577e-07,110.33792617182425,-1.4760788053457938e-07,5.7602820331320595e-08,0.07491187415716993
1.099,9.635813900890679e-06,3.117666676852611e-06,134.48650153830107,3.4914890186994075e-07,5.575785087445131e-08,0.08462029236785007,-3.072215080474251e-06,3.3082775904711904e-07,114.02945427193438,-1.4760788053457938e-07,5.7602820331320595e-08,0.07491187415716993
1.1,5.106721757309628e-06,2.468208211061501e-07,107.32169958417373,3.4914890186994075e-07,5.575785087445131e-08,0.08462029236785007,-2.6656729472786704e-06,3.002314785739213e-07,108.78816720931475,-1.4760788053457938e-07,5.7602820331320595e-08,0.07491187415716993
1.101,5.819865321516637e-06,2.4092120368215675e-07,112.33180859254826,3.4914890186994075e-07,5.575785087445131e-08,0.08462029236785007,-2.658746048098564e-06,2.371737732352313e-07,108.65266534403442,-1.4760788053457938e-07,5.7602820331320595e-08,0.07491187415716993
1.102,6.125294766810962e-06,3.8934758468300126e-07,114.6051171570508,3.4914890186994075e-07,5.575785087445131e-08,0.08462029236785007,-2.6542302864014986e-06,2.494868626741716e-07,108.79662092174347,-1.4760788053457938e-07,5.7602820331320595e-08,0.07491187415716993
1.103,5.796450577002924e-06,3.2205466453558373e-07,112.08870679324936,3.4914890186994075e-07,5.575785087445131e-08,0.08462029236785007,-2.5553326989313743e-06,2.844051959487244e-07,107.42540772198377,-1.4760788053457938e-07,5.7602820331320595e-08,0.07491187415716993
1.104,5.655924555001134e-06,3.0232658634612576e-07,110.69204988581399,3.4914890186994075e-07,5.575785087445131e-08,0.08462029236785007,-2.5255006380920926e-06,2.7990123164977843e-07,106.89349254790218,-1.4760788053457938e-07,5.7602820331320595e-08,0.07491187415716993
1.105,6.594371779823681e-06,4.805599088443046e-07,117.64120532294692,3.4914890186994075e-07,5.575785087445131e-08,0.08462029236785007,-2.6822285368465574e-06,2.773342063967787e-07,109.27417773343079,-1.4760788053457938e-07,5.7602820331320595e-08,0.07491187415716993
1.106,6.1691327534179875e-06,3.9014292787053075e-07,114.7588272135605,3.4914890186994075e-07,5.575785087445131e-08,0.08462029236785007,-2.665617700412144e-06,2.323074500506564e-07,109.33142790506096,-1.4760788053457938e-07,5.7602820331320595e-08,0.07491187415716993
1.107,6.137167288787463e-06,2.579119932304026e-07,114.4058490933197,3.4914890186994075e-07,5.575785087445131e-08,0.08462029236785007,-2.6928765026369203e-06,2.7361230449987604e-07,109.77664740082304,-1.4760788053457938e-07,5.7602820331320595e-08,0.07491187415716993
1.108,8.085962660042258e-06,3.447707005908407e-07,127.1450849932528,3.4914890186994075e-07,5.575785087445131e-08,0.08462029236785007,-4.911375080448106e-06,2.4939501823933503e-06,140.04658863403927,-1.4760788053457938e-07,5.7602820331320595e-08,0.07491187415716993
1.109,7.454284457232319e-06,6.521460101422989e-08,125.22659997107249,3.4914890186994075e-07,5.575785087445131e-08,0.08462029236785007,-1.8903114891135829e-06,2.570874666962506e-08,98.80048968379613,-1.4760788053457938e-07,5.7602820331320595e-08,0.07491187415716993
1.11,5.617605057562752e-06,4.226610680394963e-07,112.84349959612443,3.4914890186994075e-07,5.575785087445131e-08,0.08462029236785007,-2.201188292563434e-06,1.479949488459013e-07,103.2999877226114,-1.4760788053457938e-07,5.7602820331320595e-08,0.07491187415716993
1.111,5.375757703418273e-06,3.3927388167318694e-07,109.98140364686753,3.4914890186994075e-07,5.575785087445131e-08,0.08462029236785007,-2.3454641796509427e-06,1.8394380025685227e-07,104.94401314460822,-1.4760788053457938e-07,5.7602820331320595e-08,0.07491187415716993
1.112,5.640336325497895e-06,4.1128142072458727e-07,111.29334304039055,3.4914890186994075e-07,5.575785087445131e-08,0.08462029236785007,-2.4037531003446665e-06,2.1522128508292081e-07,105.56924520764542,-1.4760788053457938e-07,5.7602820331320595e-08,0.07491187415716993
1.113,5.578524366308383e-06,3.4935256938763424e-07,110.1650626294351,3.4914890186994075e-07,5.575785087445131e-08,0.08462029236785007,-2.3230050730409266e-06,1.7268516232089782e-07,104.42936249351503,-1.4760788053457938e-07,5.7602820331320595e-08,0.07491187415716993
1.114,5.950499370605897e-06,3.197492315009218e-07,112.55377029820359,3.4914890186994075e-07,5.575785087445131e-08,0.08462029236785007,-2.4621648654645737e-06,1.8325443497433236e-07,106.32082686154189,-1.4760788053457938e-07,5.7602820331320595e-08,0.07491187415716993
1.115,5.93657870410496e-06,3.500209549809603e-07,112.21958392135717,3.4914890186994075e-07,5.575785087445131e-08,0.08462029236785007,-2.470702500319196e-06,1.7250182455256437e-07,106.67385520231106,-1.4760788053457938e-07,5.7602820331320595e-08,0.07491187415716993
1.116,5.753535551509658e-06,3.366897360673007e-07,110.48463613886564,3.4914890186994075e-07,5.575785087445131e-08,0.08462029236785007,-2.44673376859659e-06,2.0867687631636912e-07,106.22899734270098,-1.4760788053457938e-07,5.7602820331320595e-08,0.07491187415716993
1.117,5.979556917293997e-06,2.3378608573057652e-07,111.84609927284521,3.4914890186994075e-07,5.575785087445131e-08,0.08462029236785007,-2.5920753850920438e-06,1.9209311383603776e-07,108.17509717338717,-1.4760788053457938e-07,5.7602820331320595e-08,0.07491187415716993
1.118,5.9249676324175715e-06,2.741060630693789e-07,111.17728354625729,3.4914890186994075e-07,5.575785087445131e-08,0.08462029236785007,-2.629716318169485e-06,1.4136436985941388e-07,108.69661769643932,-1.4760788053457938e-07,5.7602820331320595e-08,0.07491187415716993
1.119,5.7382966438292296e-06,3.128046507771988e-07,109.43975058982433,3.4914890186994075e-07,5.575785087445131e-08,0.08462029236785007,-2.334302210576471e-06,2.2955879709805532e-07,104.7333386400553,-1.4760788053457938e-07,5.7602820331320595e-08,0.07491187415716993
1.12,6.012273949820507e-06,2.8739927478726684e-07,111.24157127134592,3.4914890186994075e-07,5.575785087445131e-08,0.08462029236785007,-2.4103568933240257e-06,2.1898020609872415e-07,105.87931872807397,-1.4760788053457938e-07,5.7602820331320595e-08,0.07491187415716993
1.121,5.854588916934968e-06,2.9206104299853586e-07,109.86099051498749,3.4914890186994075e-07,5.575785087445131e-08,0.08462029236785007,-2.409870551179792e-06,2.417560261287832e-07,105.80421291800967,-1.4760788053457938e-07,5.7602820331320595e-08,0.07491187415716993
1.122,5.89160140563497e-06,2.872645612257227e-07,109.86974701905918,3.4914890186994075e-07,5.575785087445131e-08,0.08462029236785007,-2.4113073342225154e-06,2.0864488274318625e-07,105.79587806849801,-1.4760788053457938e-07,5.7602820331320595e-08,0.07491187415716993
1.123,5.9378404065395875e-06,1.9241070958381899e-07,109.99851787811598,3.4914890186994075e-07,5.575785087445131e-08,0.08462029236785007,-2.4267242489594705e-06,2.428989637775724e-07,106.05848347098465,-1.4760788053457938e-07,5.7602820331320595e-08,0.07491187415716993
1.124,6.0157169922024964e-06,1.7753066516480652e-07,110.41155416821215,3.4914890186994075e-07,5.575785087445131e-08,0.08462029236785007,-2.5069929440231254e-06,1.8400061387660017e-07,107.14978114015669,-1.4760788053457938e-07,5.7602820331320595e-08,0.07491187415716993
1.125,6.1385749166933685e-06,8.203761817432626e-08,111.27112617708202,3.4914890186994075e-07,5.575785087445131e-08,0.08462029236785007,-2.511998748854077e-06,2.1281285999187522e-07,107.38084240984055,-1.4760788053457938e-07,5.7602820331320595e-08,0.07491187415716993
1.126,6.190513261411081e-06,1.5274432012790587e-07,111.64139276586097,3.4914890186994075e-07,5.575785087445131e-08,0.08462029236785007,-2.660647478933704e-06,1.7646712810595504e-07,109.44969726564054,-1.4760788053457938e-07,5.7602820331320595e-08,0.07491187415716993
1.127,6.2290402459803875e-06,1.643580967682933e-07,111.94772971592097,3.4914890186994075e-07,5.575785087445131e-08,0.08462029236785007,-2.6582194114264366e-06,1.6236233584449924e-07,109.60627185934995,-1.4760788053457938e-07,5.7602820331320595e-08,0.07491187415716993
1.128,6.0241429212228796e-06,9.562975227626182e-08,110.49803345816372,3.4914890186994075e-07,5.575785087445131e-08,0.08462029236785007,-2.3471353060124098e-06,1.9132023844906565e-07,105.56204514869655,-1.4760788053457938e-07,5.7602820331320595e-08,0.07491187415716993
1.129,5.9467821963853405e-06,1.0680373730177527e-07,109.74642138098417,3.4914890186994075e-07,5.575785087445131e-08,0.08462029236785007,-2.4838808377734037e-06,2.432556275026475e-07,107.22540854168084,-1.4760788053457938e-07,5.7602820331320595e-08,0.07491187415716993
1.13,8.260916925787812e-06,-8.711682230690313e-08,124.97988168421352,3.4914890186994075e-07,5.575785087445131e-08,0.08462029236785007,-4.340915299411285e-06,2.371998112103902e-06,135.602042312385,-1.4760788053457938e-07,5.7602820331320595e-08,0.07491187415716993
1.131,6.1688637988968034e-06,3.600853528035128e-08,112.85973002428473,3.4914890186994075e-07,5.575785087445131e-08,0.08462029236785007,-1.6859404386768485e-06,7.25307342982179e-08,94.4966305210099,-1.4760788053457938e-07,5.7602820331320595e-08,0.07491187415716993
1.132,4.353100070202942e-06,9.96381974981526e-08,97.57167165115129,3.4914890186994075e-07,5.575785087445131e-08,0.08462029236785007,-2.040042264493938e-06,1.3032294842096782e-07,100.39376406994735,-1.003279086222067e-06,4.144233272696795e-07,40.73963520103728
1.133,4.61272485577223e-06,8.737139496272833e-08,98.16760289899655,3.4914890186994075e-07,5.575785087445131e-08,0.08462029236785007,-1.912975049400254e-06,1.0855891163724558e-07,97.78320527781452,-2.5344067221345937e-07,1.032379791182912e-07,3.8838638563821632
1.134,5.316548003524518e-06,6.577776954435123e-08,102.87542211816117,3.4914890186994075e-07,5.575785087445131e-08,0.08462029236785007,-2.481028426404577e-06,3.9016172046473155e-07,104.46172260551916,-2.158492849689784e-07,8.798715068341769e-08,1.4436338731533969
1.135,7.046891903903475e-06,2.9360457290309223e-08,114.85764665781956,3.4914890186994075e-07,5.575785087445131e-08,0.08462029236785007,-3.495739090116819e-06,1.8628387074194102e-06,124.31960995508769,-1.7767167730033078e-07,7.24996673445653e-08,0.606119674174666
1.136,5.720673391053103e-06,2.8018707762680936e-08,106.21646294193447,3.4914890186994075e-07,5.575785087445131e-08,0.08462029236785007,-1.6406184921839728e-06,6.10855151106727e-08,90.34675119918687,-1.4364128691086526e-07,5.860200226870774e-08,0.07432153236414862
1.137,5.474906793966286e-06,1.776502546710345e-08,103.99123263939828,3.4914890186994075e-07,5.575785087445131e-08,0.08462029236785007,-2.0324855174718044e-06,2.9146350431021507e-07,96.73009135855547,-1.1474589857354642e-07,4.681246218569322e-08,0.05960439724252886
1.138,5.493034517918346e-06,5.217724412175859e-09,103.6380588456796,3.4914890186994075e-07,5.575785087445131e-08,0.08462029236785007,-2.1852207630979e-06,1.715860499279431e-07,99.24178445334368,-1.1474589857354642e-07,4.681246218569322e-08,0.05960439724252886
1.139,5.802299030520665e-06,-3.182910000049737e-08,105.63002725199166,3.4914890186994075e-07,5.575785087445131e-08,0.08462029236785007,-2.476706237829927e-06,2.1504899574068205e-07,103.22263299026783,-1.1474589857354642e-07,4.681246218569322e-08,0.05960439724252886
1.14,6.347592914593181e-06,1.9558703883619968e-07,109.9890270706973,3.4914890186994075e-07,5.575785087445131e-08,0.08462029236785007,-2.7284989472981995e-06,3.0279137150161166e-07,106.80649095443246,-1.1474589857354642e-07,4.681246218569322e-08,0.05960439724252886
1.141,6.373528391879867e-06,1.9663476153222695e-07,110.5350337472564,3.4914890186994075e-07,5.575785087445131e-08,0.08462029236785007,-2.743190518919157e-06,2.559844415332741e-07,107.48246286731461,-1.1474589857354642e-07,4.681246218569322e-08,0.05960439724252886
1.142,6.333996709785786e-06,2.1939450217987119e-07,110.5863508635265,3.4914890186994075e-07,5.575785087445131e-08,0.08462029236785007,-2.7482529486453277e-06,2.2373767430581124e-07,107.93838953608315,-1.1474589857354642e-07,4.681246218569322e-08,0.05960439724252886
1.143,6.446059843134028e-06,2.1912062807553313e-07,111.66672863553275,3.4914890186994075e-07,5.575785087445131e-08,0.08462029236785007,-2.853437501304893e-06,1.992380980527791e-07,109.56135340769055,-1.1474589857354642e-07,4.681246218569322e-08,0.05960439724252886
1.144,6.451888452424731e-06,2.1632747054870399e-07,112.05863903602842,3.4914890186994075e-07,5.575785087445131e-08,0.08462029236785007,-2.7941677728429213e-06,2.5454313069558115e-07,109.12263065209395,-1.1474589857354642e-07,4.681246218569322e-08,0.05960439724252886
1.145,6.351268401973939e-06,2.116965412691954e-07,111.6803986568727,3.4914890186994075e-07,5.575785087445131e-08,0.08462029236785007,-2.6826874615115002e-06,2.3540212848186984e-07,107.945415361128,-1.1474589857354642e-07,4.681246218569322e-08,0.05960439724252886
1.146,6.6938491148873825e-06,-6.467087545065616e-08,114.68812881500158,3.4914890186994075e-07,5.575785087445131e-08,0.08462029236785007,-2.9307331810828294e-06,2.5229181084489063e-07,111.40936249261578,-1.1474589857354642e-07,4.681246218569322e-08,0.05960439724252886
1.147,6.475219574574609e-06,-9.346872158148639e-08,113.66792888869877,3.4914890186994075e-07,5.575785087445131e-08,0.08462029236785007,-2.8083273368730757e-06,2.605411835326235e-07,110.25168949431848,-1.1474589857354642e-07,4.681246218569322e-08,0.05960439724252886
1.148,6.310388589888849e-06,-1.1212834488700535e-07,112.76449027152304,3.4914890186994075e-07,5.575785087445131e-08,0.08462029236785007,-2.725064867276679e-06,2.4207870150589583e-07,109.43098351785173,-1.1474589857354642e-07,4.681246218569322e-08,0.05960439724252886
1.149,6.288678923509119e-06,-1.2810060552958116e-07,112.69802928324798,3.4914890186994075e-07,5.575785087445131e-08,0.08462029236785007,-2.814795460220683e-06,2.597667310705313e-07,110.650444153435,-1.1474589857354642e-07,4.681246218569322e-08,0.05960439724252886
1.15,6.031856192787672e-06,-9.106320429870828e-08,110.8379931373383,3.4914890186994075e-07,5.575785087445131e-08,0.08462029236785007,-2.7989385316274546e-06,2.2038791568525806e-07,110.55551473096341,-1.4492173585788338e-07,6.091766728209649e-08,8.401234530297307
1.151,6.446988144970307e-06,-2.927621194276789e-07,113.87549951175845,3.4914890186994075e-07,5.575785087445131e-08,0.08462029236785007,-2.752293745998381e-06,2.526382952220514e-07,110.23012910111406,-1.0533529780053924e-07,4.37894601038278e-08,0.2990733194029538
1.152,6.037480170018706e-06,1.0812474761222637e-07,110.89697102624322,3.4914890186994075e-07,5.575785087445131e-08,0.08462029236785007,-2.69642294869413e-06,2.4613065280426867e-07,109.31352108622383,-8.467817401601634e-08,3.5200680830818847e-08,0.044494100413679405
1.153,5.872531318287802e-06,-2.391113596514581e-08,109.31666974331984,3.4914890186994075e-07,5.575785087445131e-08,0.08462029236785007,-2.641529412486564e-06,2.392697549627103e-07,108.2707862338738,-6.768415654344654e-08,2.8136039656389002e-08,0.03568338746046429
1.154,6.388955749989642e-06,2.7415600335900615e-07,113.08234875442372,3.4914890186994075e-07,5.575785087445131e-08,0.08462029236785007,-2.683926467702104e-06,2.4066047226506907e-07,108.7799060787388,-6.768415654344654e-08,2.8136039656389002e-08,0.03568338746046429
1.155,6.039577224297156e-06,8.822983902493537e-08,110.40257907185425,3.4914890186994075e-07,5.575785087445131e-08,0.08462029236785007,-2.754782612179812e-06,2.598466269713422e-07,109.3793912997713,-6.768415654344654e-08,2.8136039656389002e-08,0.03568338746046429
1.156,6.208072897094318e-06,-4.229694773955584e-08,111.51056726188195,3.4914890186994075e-07,5.575785087445131e-08,0.08462029236785007,-2.7348398934457784e-06,2.2051143205943272e-07,109.00520393177383,-6.768415654344654e-08,2.8136039656389002e-08,0.03568338746046429
1.157,5.757222352871229e-06,-2.1944761808351926e-08,107.8754509384437,3.4914890186994075e-07,5.575785087445131e-08,0.08462029236785007,-2.6344978822410864e-06,2.440109060461024e-07,107.22272285662106,-6.768415654344654e-08,2.8136039656389002e-08,0.03568338746046429
1.158,5.800677094421823e-06,-1.1623581548756873e-08,107.75623035713863,3.4914890186994075e-07,5.575785087445131e-08,0.08462029236785007,-2.508582557937928e-06,2.1276209616070972e-07,105.16852038587159,-6.768415654344654e-08,2.8136039656389002e-08,0.03568338746046429
1.159,6.029173235176698e-06,-1.0903067194371029e-07,109.20943171521796,3.4914890186994075e-07,5.575785087445131e-08,0.08462029236785007,-2.595096057631675e-06,2.1695891201004436e-07,106.21002162405054,-6.768415654344654e-08,2.8136039656389002e-08,0.03568338746046429
1.16,6.204993650135842e-06,-7.772610519614599e-08,110.46424864702426,3.4914890186994075e-07,5.575785087445131e-08,0.08462029236785007,-2.6742089432089043e-06,2.2074051366393e-07,107.28560563119866,-6.768415654344654e-08,2.8136039656389002e-08,0.03568338746046429
1.161,5.931213620158395e-06,2.2709536454876849e-07,108.33852613038702,3.4914890186994075e-07,5.575785087445131e-08,0.08462029236785007,-2.647864266835047e-06,2.1458097022561086e-07,106.65663437782537,-6.768415654344654e-08,2.8136039656389002e-08,0.03568338746046429
1.162,5.880702683312637e-06,1.1230975617206796e-07,107.60943839810213,3.4914890186994075e-07,5.575785087445131e-08,0.08462029236785007,-2.6737660112889553e-06,2.6019113777137427e-07,106.64435753763883,-6.768415654344654e-08,2.8136039656389002e-08,0.03568338746046429
1.163,5.989635498222852e-06,1.130820767903203e-07,108.14525817896323,3.4914890186994075e-07,5.575785087445131e-08,0.08462029236785007,-2.659944761100623e-06,2.103432698407582e-07,106.23113654120104,-6.768415654344654e-08,2.8136039656389002e-08,0.03568338746046429
1.164,6.035918323970516e-06,-1.1460519787459385e-07,108.30570364984325,3.4914890186994075e-07,5.575785087445131e-08,0.08462029236785007,-2.6916547998964726e-06,1.704198645907493e-07,106.58019620509188,-6.768415654344654e-08,2.8136039656389002e-08,0.03568338746046429
1.165,5.97246174861557e-06,1.1177309937814533e-07,107.6676202701702,3.4914890186994075e-07,5.575785087445131e-08,0.08462029236785007,-2.619441204870859e-06,1.8594941853978583e-07,105.44748479494658,-6.768415654344654e-08,2.8136039656389002e-08,0.03568338746046429
1.166,6.294709183806059e-06,6.782021724403101e-10,109.92207673037372,3.4914890186994075e-07,5.575785087445131e-08,0.08462029236785007,-2.803729807575304e-06,1.8643781402277394e-07,108.27217771854185,-6.768415654344654e-08,2.8136039656389002e-08,0.03568338746046429
1.167,8.262933799872845e-06,-2.6366479970034877e-07,122.51107511949374,3.4914890186994075e-07,5.575785087445131e-08,0.08462029236785007,-4.973316878795659e-06,2.0810569686722037e-06,136.92550447361265,-6.768415654344654e-08,2.8136039656389002e-08,0.03568338746046429
1.168,6.124223044202815e-06,1.5439320134145355e-09,109.98121605360186,3.4914890186994075e-07,5.575785087445131e-08,0.08462029236785007,-1.9069347583048366e-06,-3.430024866117601e-08,95.66249733181205,-6.768415654344654e-08,2.8136039656389002e-08,0.03568338746046429
1.169,6.13950779975639e-06,-2.6220710070353247e-09,110.0802252272594,3.4914890186994075e-07,5.575785087445131e-08,0.08462029236785007,-2.4035855421120646e-06,3.965769509812726e-09,103.9022889180218,-6.768415654344654e-08,2.8136039656389002e-08,0.03568338746046429
1.17,6.128872455118695e-06,-1.1533103121918353e-08,109.97144250573224,3.4914890186994075e-07,5.575785087445131e-08,0.08462029236785007,-2.5515518385411984e-06,4.7557422314730446e-08,106.11583434457273,-6.768415654344654e-08,2.8136039656389002e-08,0.03568338746046429
1.171,5.889891919157343e-06,-6.956468576849564e-08,108.01160318640947,3.4914890186994075e-07,5.575785087445131e-08,0.08462029236785007,-2.587972508715157e-06,2.401219097106363e-08,106.72829385663417,-6.768415654344654e-08,2.8136039656389002e-08,0.03568338746046429
1.172,5.741530324568627e-06,1.681939231402978e-08,106.42394650092939,3.4914890186994075e-07,5.575785087445131e-08,0.08462029236785007,-2.5430424320694777e-06,6.576952757218597e-08,106.01804616570239,-6.768415654344654e-08,2.8136039656389002e-08,0.03568338746046429
1.173,5.869701113428118e-06,2.7205092831190626e-09,106.93121898090529,3.4914890186994075e-07,5.575785087445131e-08,0.08462029236785007,-2.535658462027445e-06,1.4890513167764758e-07,105.73097122376686,-6.768415654344654e-08,2.8136039656389002e-08,0.03568338746046429
1.174,5.946353780712679e-06,8.486565499087931e-09,107.13635957631912,3.4914890186994075e-07,5.575785087445131e-08,0.08462029236785007,-2.581251270253903e-06,6.457853005398313e-08,106.33816932263686,-6.768415654344654e-08,2.8136039656389002e-08,0.03568338746046429
1.175,5.9651509125948135e-06,-1.0251845788840428e-07,106.96619600180308,3.4914890186994075e-07,5.575785087445131e-08,0.08462029236785007,-2.6236013942210997e-06,1.6468049751738865e-07,106.91936479681516,-6.768415654344654e-08,2.8136039656389002e-08,0.03568338746046429
1.176,6.3983289545831525e-06,1.0572164937212327e-07,109.94559347268633,3.4914890186994075e-07,5.575785087445131e-08,0.08462029236785007,-2.7369847296511796e-06,5.910833542407578e-08,108.67531440475953,-6.768415654344654e-08,2.8136039656389002e-08,0.03568338746046429
1.177,7.728885036670325e-06,1.2754675756961202e-06,122.0341595366531,3.4914890186994075e-07,5.575785087445131e-08,0.08462029236785007,-3.152183279248535e-06,-1.6589991697422943e-07,114.86145934170739,-6.768415654344654e-08,2.8136039656389002e-08,0.03568338746046429
1.178,6.818388939086844e-06,-4.7996174877564353e-08,117.27252052223601,3.4914890186994075e-07,5.575785087445131e-08,0.08462029236785007,-3.0035202148048185e-06,-4.737032401271237e-08,113.86735406430238,-6.768415654344654e-08,2.8136039656389002e-08,0.03568338746046429
1.179,6.496691414155489e-06,-4.1832760136079024e-08,115.26120662161638,3.4914890186994075e-07,5.575785087445131e-08,0.08462029236785007,-3.014148049610503e-06,-5.589859738097981e-08,114.61272382200129,-6.768415654344654e-08,2.8136039656389002e-08,0.03568338746046429
1.18,6.499080592807147e-06,-1.5481742687579468e-08,115.36048174808556,3.4914890186994075e-07,5.575785087445131e-08,0.08462029236785007,-2.9383601326382744e-06,-5.690576302632248e-08,114.14010009315133,-6.768415654344654e-08,2.8136039656389002e-08,0.03568338746046429
1.181,7.415579944859154e-06,-4.3188395069419846e-07,122.19409918239467,3.4914890186994075e-07,5.575785087445131e-08,0.08462029236785007,-3.116458068132723e-06,-6.440394410371948e-08,117.2914393549826,-6.768415654344654e-08,2.8136039656389002e-08,0.03568338746046429
1.182,7.587421338511627e-06,-4.876381252156525e-07,124.6179398113722,3.4914890186994075e-07,5.575785087445131e-08,0.08462029236785007,-3.2107092501437075e-06,-6.357283629029624e-08,119.5254620442214,-6.768415654344654e-08,2.8136039656389002e-08,0.03568338746046429
1.183,6.225261168521409e-06,-1.2312655300349164e-07,115.97277547345615,3.4914890186994075e-07,5.575785087445131e-08,0.08462029236785007,-3.0024190783187014e-06,-6.293420926234618e-08,117.37329487336586,-6.768415654344654e-08,2.8136039656389002e-08,0.03568338746046429
1.184,5.531694908294412e-06,-1.3699282565280227e-07,110.15828009080771,3.4914890186994075e-07,5.575785087445131e-08,0.08462029236785007,-2.771820921234647e-06,-1.2375848517295148e-07,114.23940578853323,-6.768415654344654e-08,2.8136039656389002e-08,0.03568338746046429
1.185,6.163582370456548e-06,1.6750389740142306e-07,114.43047487754517,3.4914890186994075e-07,5.575785087445131e-08,0.08462029236785007,-2.701417767132391e-06,-1.1734423069041302e-07,113.1883381637409,-6.768415654344654e-08,2.8136039656389002e-08,0.03568338746046429
1.186,5.734905512702021e-06,-3.321079507038038e-07,111.06438987030616,3.4914890186994075e-07,5.575785087445131e-08,0.08462029236785007,-2.5959294794262853e-06,-5.9572462210130644e-08,111.48808104188824,-6.768415654344654e-08,2.8136039656389002e-08,0.03568338746046429
1.187,5.751340535508124e-06,-1.3377612222216333e-07,110.62517899782375,3.4914890186994075e-07,5.575785087445131e-08,0.08462029236785007,-2.565695879324921e-06,-6.793987744566304e-08,110.74337557639173,-6.768415654344654e-08,2.8136039656389002e-08,0.03568338746046429
1.188,5.607412283564997e-06,1.2445041022672566e-07,108.99749337619848,3.4914890186994075e-07,5.575785087445131e-08,0.08462029236785007,-2.500519770604012e-06,-7.605453203436304e-08,109.36617138401496,-6.768415654344654e-08,2.8136039656389002e-08,0.03568338746046429
1.189,5.3960142550663526e-06,-3.159709079048505e-08,106.655044535563,3.4914890186994075e-07,5.575785087445131e-08,0.08462029236785007,-2.438500722170913e-06,-8.442776265436991e-08,107.92186746772678,-6.768415654344654e-08,2.8136039656389002e-08,0.03568338746046429
1.19,5.578186565865329e-06,-3.631960174882912e-07,107.58895701215361,3.4914890186994075e-07,5.575785087445131e-08,0.08462029236785007,-2.5087434133718306e-06,-1.0868932623091616e-07,108.59859594286864,-6.768415654344654e-08,2.8136039656389002e-08,0.03568338746046429
1.191,5.595312446099934e-06,-1.5793809320225084e-07,107.12892170955351,3.4914890186994075e-07,5.575785087445131e-08,0.08462029236785007,-2.457037797131419e-06,-1.017431568255295e-07,107.5211817484631,-6.768415654344654e-08,2.8136039656389002e-08,0.03568338746046429
1.192,5.4508609967694966e-06,-3.360350657704695e-07,105.6561245455922,3.4914890186994075e-07,5.575785087445131e-08,0.08462029236785007,-2.4655327526672186e-06,-1.1156190210534049e-07,107.32941205942751,-6.768415654344654e-08,2.8136039656389002e-08,0.03568338746046429
1.193,5.877376302124482e-06,-1.832912890723676e-08,108.57896240800662,3.4914890186994075e-07,5.575785087445131e-08,0.08462029236785007,-2.5718491444560197e-06,-1.7153965961632038e-07,108.76214492554834,-6.768415654344654e-08,2.8136039656389002e-08,0.03568338746046429
1.194,5.529175269545643e-06,1.3966637247235237e-07,105.67867789445974,3.4914890186994075e-07,5.575785087445131e-08,0.08462029236785007,-2.4493894796834017e-06,-1.2540758317355597e-07,106.71052123452957,-6.768415654344654e-08,2.8136039656389002e-08,0.03568338746046429
1.195,5.322745385553032e-06,-3.3662660462087476e-07,103.35487678552022,3.4914890186994075e-07,5.575785087445131e-08,0.08462029236785007,-2.454967702434705e-06,-1.4939997319063256e-07,106.48253518732616,-6.768415654344654e-08,2.8136039656389002e-08,0.03568338746046429
1.196,5.457084960451935e-06,-5.5149394896973096e-08,103.84889539289638,3.4914890186994075e-07,5.575785087445131e-08,0.08462029236785007,-2.4317874274972816e-06,-1.579868111699277e-07,105.84267210477917,-6.768415654344654e-08,2.8136039656389002e-08,0.03568338746046429
1.197,5.802047404369028e-06,7.6046162261259e-08,106.22702873177757,3.4914890186994075e-07,5.575785087445131e-08,0.08462029236785007,-2.4732218269057125e-06,-1.5775552583657508e-07,106.33549607117914,-6.768415654344654e-08,2.8136039656389002e-08,0.03568338746046429
1.198,6.211794152938843e-06,4.3690239630024794e-07,109.71720584716655,3.4914890186994075e-07,5.575785087445131e-08,0.08462029236785007,-2.558303745060342e-06,-1.7034003139269203e-07,107.68018168292109,-6.768415654344654e-08,2.8136039656389002e-08,0.03568338746046429
1.199,5.219963755062414e-06,9.749430781466508e-08,101.84624858130913,3.4914890186994075e-07,5.575785087445131e-08,0.08462029236785007,-2.414613222606128e-06,-1.760350033442341e-07,105.26101595239713,-6.768415654344654e-08,2.8136039656389002e-08,0.03568338746046429
1.2,6.019834504056973e-06,-4.372801142170142e-07,108.02160839829888,3.4914890186994075e-07,5.575785087445131e-08,0.08462029236785007,-2.5626366730249394e-06,-1.8892691400136977e-07,107.65382631386734,-6.768415654344654e-08,2.8136039656389002e-08,0.03568338746046429
1.201,5.740797826706999e-06,-2.6415659263111083e-07,105.45438682722471,3.4914890186994075e-07,5.575785087445131e-08,0.08462029236785007,-2.5620458220195933e-06,-1.987809201558775e-07,107.74469919841472,-6.768415654344654e-08,2.8136039656389002e-08,0.03568338746046429
1.202,5.2620645442689754e-06,5.6674497040075615e-08,101.27575075767302,3.4914890186994075e-07,5.575785087445131e-08,0.08462029236785007,-2.449740941401231e-06,-1.9806642143625427e-07,105.83139102164486,-6.768415654344654e-08,2.8136039656389002e-08,0.03568338746046429
1.203,6.52635762357035e-06,1.7045936582854357e-07,110.91227637490267,3.4914890186994075e-07,5.575785087445131e-08,0.08462029236785007,-2.584694803756824e-06,-2.205057152250229e-07,108.13275289357887,-6.768415654344654e-08,2.8136039656389002e-08,0.03568338746046429
1.204,6.081626114802513e-06,6.704101984193565e-08,107.69197630841641,3.4914890186994075e-07,5.575785087445131e-08,0.08462029236785007,-2.623299696319931e-06,-2.4751844692779157e-07,108.89995145086594,-6.768415654344654e-08,2.8136039656389002e-08,0.03568338746046429
1.205,5.100416921374366e-06,-8.939292826734235e-08,99.7963648025627,3.4914890186994075e-07,5.575785087445131e-08,0.08462029236785007,-2.4071641542665644e-06,-2.3420645031471564e-07,105.40455439399659,-6.768415654344654e-08,2.8136039656389002e-08,0.03568338746046429
1.206,6.347966423345239e-06,-3.11573430033696e-07,108.83215428876045,3.4914890186994075e-07,5.575785087445131e-08,0.08462029236785007,-2.5607832026650445e-06,-2.461977514560638e-07,107.96176141599938,-6.768415654344654e-08,2.8136039656389002e-08,0.03568338746046429
1.207,7.518507644944559e-06,4.3482708685521767e-07,117.48866065701888,3.4914890186994075e-07,5.575785087445131e-08,0.08462029236785007,-2.8515454154241185e-06,-2.820636218045194e-07,112.83985004820552,-6.768415654344654e-08,2.8136039656389002e-08,0.03568338746046429
1.208,6.027032571609054e-06,-1.2595446904113456e-07,107.85634777704598,3.4914890186994075e-07,5.575785087445131e-08,0.08462029236785007,-2.6803042511754873e-06,-2.64234668432845e-07,110.78724721927522,-6.768415654344654e-08,2.8136039656389002e-08,0.03568338746046429
1.209,5.937096111917627e-06,-2.2377539390796127e-07,107.03005534180026,3.4914890186994075e-07,5.575785087445131e-08,0.08462029236785007,-2.6083536256846966e-06,-2.7029338850732967e-07,109.91140386103991,-6.768415654344654e-08,2.8136039656389002e-08,0.03568338746046429
1.21,6.477071464668668e-06,1.6146558242881672e-08,110.72101312317623,3.4914890186994075e-07,5.575785087445131e-08,0.08462029236785007,-2.6341841630244796e-06,-2.606431890017277e-07,110.55855181122274,-6.768415654344654e-08,2.8136039656389002e-08,0.03568338746046429
1.211,7.625404738796984e-06,2.3899823428232223e-07,119.70643739002418,3.4914890186994075e-07,5.575785087445131e-08,0.08462029236785007,-2.827655184078813e-06,-2.8580925330868917e-07,114.09699543524498,-6.768415654344654e-08,2.8136039656389002e-08,0.03568338746046429
1.212,6.619356674018295e-06,-4.561985666565984e-07,114.12262033575469,3.4914890186994075e-07,5.575785087445131e-08,0.08462029236785007,-2.8769453299330372e-06,-2.715074597270731e-07,115.42829736693137,-6.768415654344654e-08,2.8136039656389002e-08,0.03568338746046429
1.213,6.300072163883082e-06,-1.224813910199626e-07,112.00103646830263,3.4914890186994075e-07,5.575785087445131e-08,0.08462029236785007,-2.734164052400399e-06,-2.951580883543958e-07,113.84038951709128,-6.768415654344654e-08,2.8136039656389002e-08,0.03568338746046429
1.214,6.214520052748456e-06,-1.1952194236081926e-07,111.35752305388246,3.4914890186994075e-07,5.575785087445131e-08,0.08462029236785007,-2.694249604582925e-06,-2.8289757515586133e-07,113.48588550416213,-6.768415654344654e-08,2.8136039656389002e-08,0.03568338746046429
1.215,6.102483153949551e-06,-1.1655500038540105e-07,110.44221972814715,3.4914890186994075e-07,5.575785087445131e-08,0.08462029236785007,-2.5943408141304836e-06,-3.0237263833241037e-07,112.13138455037682,-6.768415654344654e-08,2.8136039656389002e-08,0.03568338746046429
1.216,6.0106733619065626e-06,-1.3374554394349075e-08,109.54229274041471,3.4914890186994075e-07,5.575785087445131e-08,0.08462029236785007,-2.541465615162581e-06,-3.053251391713036e-07,111.29629391833872,-6.768415654344654e-08,2.8136039656389002e-08,0.03568338746046429
1.217,6.6829378783730015e-06,-3.9358146681878634e-07,114.67708074648321,3.4914890186994075e-07,5.575785087445131e-08,0.08462029236785007,-2.667771283647762e-06,-3.096467642360488e-07,113.48007958230448,-6.768415654344654e-08,2.8136039656389002e-08,0.03568338746046429
1.218,5.324109208101253e-06,2.303450745152124e-08,104.06546669026095,3.4914890186994075e-07,5.575785087445131e-08,0.08462029236785007,-2.442625563803491e-06,-3.102649401618893e-07,109.7740527865773,-6.768415654344654e-08,2.8136039656389002e-08,0.03568338746046429
1.219,7.479882491667308e-06,-5.078838939072506e-07,119.58546692126191,3.4914890186994075e-07,5.575785087445131e-08,0.08462029236785007,-4.185793752662808e-06,-1.9028939086157713e-06,132.49154844420673,-6.768415654344654e-08,2.8136039656389002e-08,0.03568338746046429
1.22,7.497472702700929e-06,-4.92709836487883e-07,120.93233790125981,3.4914890186994075e-07,5.575785087445131e-08,0.08462029236785007,-3.492625788492816e-06,-1.5339827340997639e-06,126.16894557437823,-6.768415654344654e-08,2.8136039656389002e-08,0.03568338746046429
1.221,5.215693933430558e-06,-3.011977865231686e-07,104.8547926344505,3.4914890186994075e-07,5.575785087445131e-08,0.08462029236785007,-1.7092634147626722e-06,-8.40180855708475e-08,98.88022608385218,-6.768415654344654e-08,2.8136039656389002e-08,0.03568338746046429
1.222,4.803120386665048e-06,-1.5456235606668966e-07,100.01033187034349,3.4914890186994075e-07,5.575785087445131e-08,0.08462029236785007,-1.931222878681164e-06,-1.2198414531608754e-07,101.66937922576422,-6.768415654344654e-08,2.8136039656389002e-08,0.03568338746046429
1.223,5.301278749404915e-06,-3.092865756080827e-07,103.25073492363335,3.4914890186994075e-07,5.575785087445131e-08,0.08462029236785007,-2.1304438788950234e-06,-1.5195908657116407e-07,104.3901474330708,-6.768415654344654e-08,2.8136039656389002e-08,0.03568338746046429
1.224,5.275656373308508e-06,-6.305998361984585e-07,102.30456232775124,3.4914890186994075e-07,5.575785087445131e-08,0.08462029236785007,-2.254232306215367e-06,-1.8491857355646597e-07,105.98730012261814,-6.768415654344654e-08,2.8136039656389002e-08,0.03568338746046429
1.225,5.6360895611951825e-06,4.3702267492258415e-07,104.56558088470591,3.4914890186994075e-07,5.575785087445131e-08,0.08462029236785007,-2.294133905332327e-06,-2.1268723144625343e-07,106.26196306864406,-6.768415654344654e-08,2.8136039656389002e-08,0.03568338746046429
1.226,6.020891747930855e-06,2.2499951472247728e-07,107.391017983767,3.4914890186994075e-07,5.575785087445131e-08,0.08462029236785007,-2.393591399824802e-06,-2.3467072931153456e-07,107.7973244781022,-6.768415654344654e-08,2.8136039656389002e-08,0.03568338746046429
1.227,6.41638671069156e-06,6.50227253779824e-07,110.51630653183096,3.4914890186994075e-07,5.575785087445131e-08,0.08462029236785007,-2.6249420270101637e-06,-4.2050571460426845e-07,110.96694144907923,-6.768415654344654e-08,2.8136039656389002e-08,0.03568338746046429
1.228,5.870224352814982e-06,1.2750672907319074e-07,106.62982946619623,3.4914890186994075e-07,5.575785087445131e-08,0.08462029236785007,-2.5597933477953734e-06,-4.37811326266328e-07,110.08278590596568,-6.768415654344654e-08,2.8136039656389002e-08,0.03568338746046429
1.229,6.057664189167627e-06,4.3902231845474405e-07,108.02834192316678,3.4914890186994075e-07,5.575785087445131e-08,0.08462029236785007,-2.5309488225290306e-06,-4.5564880858725255e-07,109.68780731050305,-6.768415654344654e-08,2.8136039656389002e-08,0.03568338746046429
1.23,6.104784300534167e-06,-4.8708123252029285e-08,108.4287320345247,3.4914890186994075e-07,5.575785087445131e-08,0.08462029236785007,-2.5785305672618996e-06,-4.5675373421046196e-07,110.56012194669168,-6.768415654344654e-08,2.8136039656389002e-08,0.03568338746046429
1.231,5.689950656250097e-06,-2.0226267707265863e-07,105.21913150044665,3.4914890186994075e-07,5.575785087445131e-08,0.08462029236785007,-2.495031647107036e-06,-4.880347468475614e-07,109.25927919128765,-6.768415654344654e-08,2.8136039656389002e-08,0.03568338746046429
1.232,6.025735618885031e-06,4.550728952088276e-07,107.71692957355229,3.4914890186994075e-07,5.575785087445131e-08,0.08462029236785007,-2.484689223066547e-06,-5.022466536925585e-07,109.05586860579717,-6.768415654344654e-08,2.8136039656389002e-08,0.03568338746046429
1.233,5.197670438760469e-06,-2.8593620388502886e-07,100.64577067701526,3.4914890186994075e-07,5.575785087445131e-08,0.08462029236785007,-2.4630444995606525e-06,-3.6966206700471604e-07,107.95437984238855,-6.768415654344654e-08,2.8136039656389002e-08,0.03568338746046429
1.234,5.999863939580311e-06,-2.6817317922881233e-08,106.50858282471256,3.4914890186994075e-07,5.575785087445131e-08,0.08462029236785007,-2.494766596277133e-06,-3.600562923444811e-07,108.35716216924398,-6.768415654344654e-08,2.8136039656389002e-08,0.03568338746046429
1.235,8.15259497391955e-06,2.1327115345017287e-07,121.36968108057229,3.4914890186994075e-07,5.575785087445131e-08,0.08462029236785007,-4.08444645570503e-06,-1.606395644148979e-06,133.5411044656833,-6.768415654344654e-08,2.8136039656389002e-08,0.03568338746046429
1.236,5.438730811731007e-06,-1.8659041469566775e-08,103.79114999973905,3.4914890186994075e-07,5.575785087445131e-08,0.08462029236785007,-1.9137091796141628e-06,-1.9811905055531578e-07,99.27656849411414,-6.768415654344654e-08,2.8136039656389002e-08,0.03568338746046429
1.237,5.907143569290743e-06,3.784498883956171e-08,107.27938992595688,3.4914890186994075e-07,5.575785087445131e-08,0.08462029236785007,-2.2446766834882765e-06,-2.1756211442009768e-07,104.58310915149391,-6.768415654344654e-08,2.8136039656389002e-08,0.03568338746046429
1.238,5.1012213233853635e-06,-2.898939687535644e-07,100.34587499801384,3.4914890186994075e-07,5.575785087445131e-08,0.08462029236785007,-2.29271030249883e-06,-2.2030209190231825e-07,104.93882402740908,-6.768415654344654e-08,2.8136039656389002e-08,0.03568338746046429
1.239,5.294262356756241e-06,2.1043451968373153e-07,101.02652304082596,3.4914890186994075e-07,5.575785087445131e-08,0.08462029236785007,-2.307103184037666e-06,-2.161412380170061e-07,104.9088865787665,-6.768415654344654e-08,2.8136039656389002e-08,0.03568338746046429
1.24,6.10849677050348e-06,-6.434372058941835e-08,107.01421028267879,3.4914890186994075e-07,5.575785087445131e-08,0.08462029236785007,-2.4383171803556353e-06,-2.2987157589083728e-07,107.03051263049649,-6.768415654344654e-08,2.8136039656389002e-08,0.03568338746046429
1.241,5.465304305915931e-06,-1.34317291926726e-07,101.96824897100294,3.4914890186994075e-07,5.575785087445131e-08,0.08462029236785007,-2.476026938007158e-06,-2.962820063639211e-07,107.53854482008019,-6.768415654344654e-08,2.8136039656389002e-08,0.03568338746046429
1.242,7.5799303372861755e-06,7.348543809348415e-07,117.64004728904975,3.4914890186994075e-07,5.575785087445131e-08,0.08462029236785007,-2.658086816912963e-06,-2.1368456378105011e-07,111.08689546633921,-6.768415654344654e-08,2.8136039656389002e-08,0.03568338746046429
1.243,5.640432979864629e-06,-5.181174998263374e-08,104.52956052117624,3.4914890186994075e-07,5.575785087445131e-08,0.08462029236785007,-2.520720577176645e-06,-2.1143491177598754e-07,109.16212386903341,-6.768415654344654e-08,2.8136039656389002e-08,0.03568338746046429
1.244,5.953881786487227e-06,4.387308688009893e-07,106.5410967314905,3.4914890186994075e-07,5.575785087445131e-08,0.08462029236785007,-2.5847530915114143e-06,-3.2862590782623043e-09,109.97903514687812,-6.768415654344654e-08,2.8136039656389002e-08,0.03568338746046429
1.245,6.539188997296952e-06,6.394869738895872e-07,111.27102652502286,3.4914890186994075e-07,5.575785087445131e-08,0.08462029236785007,-2.523444298911636e-06,-1.602345567639125e-07,109.32459239099916,-6.768415654344654e-08,2.8136039656389002e-08,0.03568338746046429
1.246,2.0420477327857793e-05,-1.0218631436444652e-06,175.60950158682536,3.4914890186994075e-07,5.575785087445131e-08,0.08462029236785007,-4.461964755504343e-06,-4.184969319582834e-07,137.6281888368821,-6.768415654344654e-08,2.8136039656389002e-08,0.03568338746046429
1.247,2.5238066339107714e-06,1.0938435528026336e-07,78.47143910167216,3.4914890186994075e-07,5.575785087445131e-08,0.08462029236785007,-2.4113757208850253e-06,-2.159109410734798e-07,111.12108613604609,-6.768415654344654e-08,2.8136039656389002e-08,0.03568338746046429
1.248,3.858160586063011e-06,1.2211915364995811e-07,91.38296020768433,3.4914890186994075e-07,5.575785087445131e-08,0.08462029236785007,-2.0074389262703056e-06,-1.772634207070352e-07,102.97509164185654,-6.768415654344654e-08,2.8136039656389002e-08,0.03568338746046429
1.249,5.129970863041963e-06,3.075931772775192e-07,100.81820246372301,3.4914890186994075e-07,5.575785087445131e-08,0.08462029236785007,-2.0435992893228962e-06,-4.358815480172506e-09,102.34726783466374,-6.768415654344654e-08,2.8136039656389002e-08,0.03568338746046429
1.25,6.972395734817285e-06,3.050348255567368e-07,114.25168085259556,3.4914890186994075e-07,5.575785087445131e-08,0.08462029236785007,-2.3010757351413406e-06,-8.035276912219063e-08,106.52887149615327,-6.768415654344654e-08,2.8136039656389002e-08,0.03568338746046429
1.251,6.022595864438348e-06,4.718502888528764e-07,107.93815245994719,3.4914890186994075e-07,5.575785087445131e-08,0.08462029236785007,-2.3106817386807665e-06,-7.556346456521512e-08,106.4169385161691,-6.768415654344654e-08,2.8136039656389002e-08,0.03568338746046429
1.252,6.2836621251011605e-06,5.613498326510318e-07,109.76595461906017,3.4914890186994075e-07,5.575785087445131e-08,0.08462029236785007,-2.3547929796555806e-06,-6.93165610974098e-08,106.96814134859824,-6.768415654344654e-08,2.8136039656389002e-08,0.03568338746046429
1.253,5.874821610744356e-06,5.103183017619737e-07,106.52900147459249,3.4914890186994075e-07,5.575785087445131e-08,0.08462029236785007,-2.2982210168835234e-06,-6.283305184772348e-08,105.7990552789575,-6.768415654344654e-08,2.8136039656389002e-08,0.03568338746046429
1.254,6.242737921249793e-06,3.1737757910079206e-07,109.1532700573897,3.4914890186994075e-07,5.575785087445131e-08,0.08462029236785007,-2.2876239497339755e-06,-1.6793693458661738e-07,105.64532530460812,-6.768415654344654e-08,2.8136039656389002e-08,0.03568338746046429
1.255,6.322125773530572e-06,4.834413825276374e-07,109.74502236846538,3.4914890186994075e-07,5.575785087445131e-08,0.08462029236785007,-2.4480083346704385e-06,-6.64609229241367e-08,107.91137361703733,-6.768415654344654e-08,2.8136039656389002e-08,0.03568338746046429
1.256,6.541619372918504e-06,2.532257948329588e-07,111.52863501004845,3.4914890186994075e-07,5.575785087445131e-08,0.08462029236785007,-2.409633762615938e-06,2.120719302432599e-08,107.72670452513384,-6.768415654344654e-08,2.8136039656389002e-08,0.03568338746046429
1.257,6.376241345110056e-06,2.3445504574977654e-07,110.57146106492904,3.4914890186994075e-07,5.575785087445131e-08,0.08462029236785007,-2.4499652314640614e-06,-2.280958003080197e-08,108.49265703887234,-6.768415654344654e-08,2.8136039656389002e-08,0.03568338746046429
1.258,5.68176726499873e-06,5.126975068466571e-07,104.9905714721536,3.4914890186994075e-07,5.575785087445131e-08,0.08462029236785007,-2.3026354513203637e-06,-1.4417954029768055e-08,105.66018398680302,-6.768415654344654e-08,2.8136039656389002e-08,0.03568338746046429
1.259,7.039751092603299e-06,1.6275598720553642e-07,114.84619780784422,3.4914890186994075e-07,5.575785087445131e-08,0.08462029236785007,-2.5263522480735534e-06,9.417097767892311e-08,109.42927368654816,-6.768415654344654e-08,2.8136039656389002e-08,0.03568338746046429
1.26,6.377077403130912e-06,1.9373201640538746e-07,110.75396109312821,3.4914890186994075e-07,5.575785087445131e-08,0.08462029236785007,-2.4642246792390864e-06,9.068553393546231e-08,108.63835798768513,-6.768415654344654e-08,2.8136039656389002e-08,0.03568338746046429
1.261,6.260225809285967e-06,1.971329476869475e-07,109.98962779531877,3.4914890186994075e-07,5.575785087445131e-08,0.08462029236785007,-2.3446935105520996e-06,4.261421116262081e-09,107.10310926848874,-6.768415654344654e-08,2.8136039656389002e-08,0.03568338746046429
1.262,2.0144033015577945e-05,2.606984320984566e-06,172.40173220178096,3.4914890186994075e-07,5.575785087445131e-08,0.08462029236785007,-3.807536897167715e-06,-3.6344832433250463e-07,130.3986679023852,-6.768415654344654e-08,2.8136039656389002e-08,0.03568338746046429
1.263,2.7371452591994623e-06,3.5584002331929677e-09,81.98702168634726,3.4914890186994075e-07,5.575785087445131e-08,0.08462029236785007,-2.2592805801655704e-06,-7.429233640433373e-08,108.27242559150416,-6.768415654344654e-08,2.8136039656389002e-08,0.03568338746046429
1.264,4.124577974405806e-06,2.392229384763029e-08,94.5192215814563,3.4914890186994075e-07,5.575785087445131e-08,0.08462029236785007,-1.9114316556760833e-06,3.403536723968839e-08,100.8009372908146,-6.768415654344654e-08,2.8136039656389002e-08,0.03568338746046429
1.265,5.238219127032064e-06,1.768652551061089e-07,102.62201162972987,3.4914890186994075e-07,5.575785087445131e-08,0.08462029236785007,-2.0867563436260723e-06,1.5045658938087308e-07,102.51021002362864,-6.768415654344654e-08,2.8136039656389002e-08,0.03568338746046429
1.266,5.525935729815395e-06,1.9737526093072027e-07,104.07968905704422,3.4914890186994075e-07,5.575785087445131e-08,0.08462029236785007,-2.0078766928654725e-06,1.196333976783944e-07,100.75156956032066,-6.768415654344654e-08,2.8136039656389002e-08,0.03568338746046429
1.267,8.742721726615651e-06,2.078603741726488e-06,126.72765727336997,3.4914890186994075e-07,5.575785087445131e-08,0.08462029236785007,-2.317698411112785e-06,3.198393515889039e-08,106.73098709056936,-6.768415654344654e-08,2.8136039656389002e-08,0.03568338746046429
1.268,5.31172135971887e-06,3.3953118067632777e-07,104.26369282920676,3.4914890186994075e-07,5.575785087445131e-08,0.08462029236785007,-2.297592355322957e-06,1.3080196234681298e-07,105.96779008831898,-6.768415654344654e-08,2.8136039656389002e-08,0.03568338746046429
1.269,6.912476186561053e-06,1.3088045013609387e-06,115.81022537905444,3.4914890186994075e-07,5.575785087445131e-08,0.08462029236785007,-2.3566425395877043e-06,1.3882582137049207e-07,107.02891898634614,-6.768415654344654e-08,2.8136039656389002e-08,0.03568338746046429
1.27,4.670332507388086e-06,3.7091610669380034e-07,97.79866303559737,3.4914890186994075e-07,5.575785087445131e-08,0.08462029236785007,-1.9852934448798646e-06,7.244139430357775e-08,99.94703711400885,-6.768415654344654e-08,2.8136039656389002e-08,0.03568338746046429
1.271,6.641483031209004e-06,9.776419486638315e-07,112.52561116585044,3.4914890186994075e-07,5.575785087445131e-08,0.08462029236785007,-2.1834195710602944e-06,3.603899874302208e-08,103.33795235590166,-6.768415654344654e-08,2.8136039656389002e-08,0.03568338746046429
1.272,1.3212619912510547e-05,2.1792301837864567e-06,143.37766515060483,3.4914890186994075e-07,5.575785087445131e-08,0.08462029236785007,-2.8550011002620584e-06,4.488965049776016e-08,115.66509801750928,-6.768415654344654e-08,2.8136039656389002e-08,0.03568338746046429
1.273,3.992887033844365e-06,8.586681843564261e-07,95.46646374483282,3.4914890186994075e-07,5.575785087445131e-08,0.08462029236785007,-2.145634826618225e-06,1.1538580425798298e-07,103.73820282278355,-6.768415654344654e-08,2.8136039656389002e-08,0.03568338746046429
1.274,5.092413178526493e-06,-1.26377552683742e-07,102.99823217872036,3.4914890186994075e-07,5.575785087445131e-08,0.08462029236785007,-2.154733941851386e-06,2.0164325554612042e-07,103.29077404317232,-6.768415654344654e-08,2.8136039656389002e-08,0.03568338746046429
1.275,1.0533801332658163e-05,2.009405691741718e-06,131.16297052937526,3.4914890186994075e-07,5.575785087445131e-08,0.08462029236785007,-2.489438458002523e-06,2.6426554718583137e-07,109.60188908076394,-6.768415654344654e-08,2.8136039656389002e-08,0.03568338746046429
1.276,3.982354457656345e-06,9.928574289476177e-08,94.36935158583115,3.4914890186994075e-07,5.575785087445131e-08,0.08462029236785007,-2.0129301722706258e-06,1.1522832958283006e-07,100.718484793874,-6.768415654344654e-08,2.8136039656389002e-08,0.03568338746046429
1.277,5.551838031368517e-06,8.771826230696346e-08,106.23314952421372,3.4914890186994075e-07,5.575785087445131e-08,0.08462029236785007,-2.097582749523008e-06,2.421815293305338e-07,101.80451901964581,-6.768415654344654e-08,2.8136039656389002e-08,0.03568338746046429
1.278,1.3808980743597812e-05,3.822789304304655e-06,149.5079290421705,3.4914890186994075e-07,5.575785087445131e-08,0.08462029236785007,-3.150328153303022e-06,5.755095482623221e-07,117.66910406672856,-6.768415654344654e-08,2.8136039656389002e-08,0.03568338746046429
1.279,3.739965146967622e-06,-1.1204042585147346e-07,93.81711830273919,3.4914890186994075e-07,5.575785087445131e-08,0.08462029236785007,-2.4964191176428312e-06,4.426581852370274e-07,107.3262126598625,-6.768415654344654e-08,2.8136039656389002e-08,0.03568338746046429
1.28,4.889637501180873e-06,4.502506085014826e-07,102.06095400188177,3.4914890186994075e-07,5.575785087445131e-08,0.08462029236785007,-1.7533731229603428e-06,6.755239903401834e-08,95.99957230717443,-6.768415654344654e-08,2.8136039656389002e-08,0.03568338746046429
1.281,5.206223777683589e-06,1.854269520522072e-07,103.62356398645898,3.4914890186994075e-07,5.575785087445131e-08,0.08462029236785007,-1.8419476955663008e-06,1.2325198800497468e-07,97.00550160671324,-6.768415654344654e-08,2.8136039656389002e-08,0.03568338746046429
1.282,6.939260349785021e-06,8.408712673183242e-07,115.75653109490716,3.4914890186994075e-07,5.575785087445131e-08,0.08462029236785007,-2.602626140217084e-06,5.855444197077515e-07,107.79554927939283,-6.768415654344654e-08,2.8136039656389002e-08,0.03568338746046429
1.283,5.630592415403109e-06,-7.342869192068162e-08,106.12293088901,3.4914890186994075e-07,5.575785087445131e-08,0.08462029236785007,-2.612400010863447e-06,6.864845556138938e-07,106.42686755243405,-6.768415654344654e-08,2.8136039656389002e-08,0.03568338746046429
1.284,6.26471262562601e-06,1.5569380440835715e-07,110.16750792055988,3.4914890186994075e-07,5.575785087445131e-08,0.08462029236785007,-2.3436021183074037e-06,5.32496507997331e-07,102.9854201605799,-6.768415654344654e-08,2.8136039656389002e-08,0.03568338746046429
1.285,7.899227786470052e-06,2.4716054554465094e-07,121.76317915262356,3.4914890186994075e-07,5.575785087445131e-08,0.08462029236785007,-2.590896863733362e-06,3.269132108178341e-07,108.14010317469871,-6.768415654344654e-08,2.8136039656389002e-08,0.03568338746046429
1.286,1.6324054115998115e-05,4.66269230348099e-06,162.65666427027531,3.4914890186994075e-07,5.575785087445131e-08,0.08462029236785007,-3.76854589737286e-06,1.0058296289100048e-06,125.22964437183407,-6.768415654344654e-08,2.8136039656389002e-08,0.03568338746046429
1.287,3.233712983747645e-06,-1.5038231167040473e-07,89.67216314617906,3.4914890186994075e-07,5.575785087445131e-08,0.08462029236785007,-2.0989533532252644e-06,3.8638538638951736e-07,102.30506594629114,-6.768415654344654e-08,2.8136039656389002e-08,0.03568338746046429
1.288,4.864054250772399e-06,1.6631834022477166e-07,102.8059148420634,3.4914890186994075e-07,5.575785087445131e-08,0.08462029236785007,-2.2404432955570976e-06,5.313046471440048e-07,102.96386805946818,-6.768415654344654e-08,2.8136039656389002e-08,0.03568338746046429
1.289,5.594064683656896e-06,-2.3654633953062955e-07,106.82939982653782,3.4914890186994075e-07,5.575785087445131e-08,0.08462029236785007,-2.3648087234104368e-06,6.20054921120255e-07,104.10939299304967,-6.768415654344654e-08,2.8136039656389002e-08,0.03568338746046429
1.29,5.439599124586314e-06,-3.5254022349110496e-07,104.80677123265257,3.4914890186994075e-07,5.575785087445131e-08,0.08462029236785007,-2.1286697065827863e-06,4.977860027970927e-07,100.15060396088921,-6.768415654344654e-08,2.8136039656389002e-08,0.03568338746046429
1.291,5.76909340099361e-06,-2.91351219197515e-07,106.49471310717907,3.4914890186994075e-07,5.575785087445131e-08,0.08462029236785007,-2.2040013927273857e-06,5.169415744010243e-07,101.17403288018286,-6.768415654344654e-08,2.8136039656389002e-08,0.03568338746046429
1.292,6.716755714122134e-06,-1.0037012947551189e-07,113.26177360103574,3.4914890186994075e-07,5.575785087445131e-08,0.08462029236785007,-2.3794790627983102e-06,5.642703660585928e-07,104.16166719940958,-6.768415654344654e-08,2.8136039656389002e-08,0.03568338746046429
1.293,5.7927561926926664e-06,-2.0564219308587966e-07,106.46044241274372,3.4914890186994075e-07,5.575785087445131e-08,0.08462029236785007,-2.3329720054742922e-06,5.56203832924009e-07,103.51821288037362,-6.768415654344654e-08,2.8136039656389002e-08,0.03568338746046429
1.294,6.777155725078062e-06,2.055339035542135e-08,112.89123797708885,3.4914890186994075e-07,5.575785087445131e-08,0.08462029236785007,-2.7126980328836857e-06,2.468837641457033e-07,109.32694762951921,-6.768415654344654e-08,2.8136039656389002e-08,0.03568338746046429
1.295,7.647677019323202e-06,4.5836339812993414e-07,119.38591357464969,3.4914890186994075e-07,5.575785087445131e-08,0.08462029236785007,-2.852533633194991e-06,3.956304056823377e-07,111.94448647445071,-6.768415654344654e-08,2.8136039656389002e-08,0.03568338746046429
1.296,7.213987617881804e-06,5.258895269672911e-07,117.52482762185956,3.4914890186994075e-07,5.575785087445131e-08,0.08462029236785007,-2.845804903728498e-06,4.923067461117118e-07,112.16799362360543,-6.768415654344654e-08,2.8136039656389002e-08,0.03568338746046429
1.297,6.647356550984327e-06,3.785719007663939e-07,113.81588592580432,3.4914890186994075e-07,5.575785087445131e-08,0.08462029236785007,-2.508418553387689e-06,3.6179518328130946e-07,107.82318860995302,-6.768415654344654e-08,2.8136039656389002e-08,0.03568338746046429
1.298,7.0085596988761245e-06,7.772142548761025e-07,116.5039711495917,3.4914890186994075e-07,5.575785087445131e-08,0.08462029236785007,-2.4322409221876764e-06,5.173712815542287e-07,106.74365331749978,-6.768415654344654e-08,2.8136039656389002e-08,0.03568338746046429
1.299,7.469228263927934e-06,6.839622414564308e-07,120.12453833084507,3.4914890186994075e-07,5.575785087445131e-08,0.08462029236785007,-2.6162952733811614e-06,4.1926770206325165e-07,109.7136562967549,-6.768415654344654e-08,2.8136039656389002e-08,0.03568338746046429
1.3,6.8885647276804775e-06,4.5937526568654535e-07,116.92573554782777,3.4914890186994075e-07,5.575785087445131e-08,0.08462029236785007,-2.5229481778433905e-06,5.000740386458208e-07,108.40145708257315,-6.768415654344654e-08,2.8136039656389002e-08,0.03568338746046429
1.301,6.31492862874765e-06,4.6536774177538455e-07,112.88550966222392,3.4914890186994075e-07,5.575785087445131e-08,0.08462029236785007,-2.456637882115616e-06,3.5327669459151786e-07,107.44018824339531,-6.768415654344654e-08,2.8136039656389002e-08,0.03568338746046429
1.302,1.1652963088963644e-05,1.9074042886432284e-07,142.9190740506856,3.4914890186994075e-07,5.575785087445131e-08,0.08462029236785007,-5.36947997379163e-06,3.7993012122946327e-06,156.86742322826535,-6.768415654344654e-08,2.8136039656389002e-08,0.03568338746046429
1.303,5.858975276082709e-06,-2.5533465112477423e-07,112.14725887782186,3.4914890186994075e-07,5.575785087445131e-08,0.08462029236785007,-1.2485116514281506e-06,2.3069607033509947e-07,83.58226363270582,-6.768415654344654e-08,2.8136039656389002e-08,0.03568338746046429
1.304,5.515410813633563e-06,4.458155298767612e-07,109.18125981210297,3.4914890186994075e-07,5.575785087445131e-08,0.08462029236785007,-1.8028170752153015e-06,4.5205914935193565e-07,94.45176632385565,-6.768415654344654e-08,2.8136039656389002e-08,0.03568338746046429
1.305,5.3651793274046784e-06,4.226028754828413e-07,106.79239282855877,3.4914890186994075e-07,5.575785087445131e-08,0.08462029236785007,-1.9733431503924188e-06,2.767019449811408e-07,97.0062726558259,-6.768415654344654e-08,2.8136039656389002e-08,0.03568338746046429
1.306,8.338868121264423e-06,1.9486324340983735e-06,127.4736983097749,3.4914890186994075e-07,5.575785087445131e-08,0.08462029236785007,-2.4886724053966623e-06,5.6351254321208864e-08,105.99784172907493,-6.768415654344654e-08,2.8136039656389002e-08,0.03568338746046429
1.307,5.25525427294782e-06,9.8628399678074e-07,106.72208519972327,3.4914890186994075e-07,5.575785087445131e-08,0.08462029236785007,-2.250132221810107e-06,5.204294748880455e-07,101.72367906825376,-6.768415654344654e-08,2.8136039656389002e-08,0.03568338746046429
1.308,5.465401134116933e-06,7.269505835301579e-07,106.75099423109,3.4914890186994075e-07,5.575785087445131e-08,0.08462029236785007,-2.327444931368939e-06,2.9199775730154472e-08,102.82335006840191,-6.768415654344654e-08,2.8136039656389002e-08,0.03568338746046429
1.309,6.179843241431375e-06,1.0690299676828316e-06,111.45760506883722,3.4914890186994075e-07,5.575785087445131e-08,0.08462029236785007,-2.248241330331437e-06,3.884254816870394e-07,101.4794221571556,-6.768415654344654e-08,2.8136039656389002e-08,0.03568338746046429
1.31,6.783752205400485e-06,1.0581210330065302e-06,115.4415132401831,3.4914890186994075e-07,5.575785087445131e-08,0.08462029236785007,-2.486101023116189e-06,5.236800045804671e-07,105.02634387211192,-6.768415654344654e-08,2.8136039656389002e-08,0.03568338746046429
1.311,5.940406112813125e-06,7.038672363032398e-07,109.2733415481119,3.4914890186994075e-07,5.575785087445131e-08,0.08462029236785007,-2.3395309155609846e-06,4.946136134345453e-07,102.62731499750899,-6.768415654344654e-08,2.8136039656389002e-08,0.03568338746046429
1.312,5.762200994376013e-06,6.115968708712675e-07,107.08832597936009,3.4914890186994075e-07,5.575785087445131e-08,0.08462029236785007,-2.1446189845885456e-06,3.622455637520957e-07,99.4003929227799,-6.768415654344654e-08,2.8136039656389002e-08,0.03568338746046429
1.313,8.366325782577057e-06,1.658403859978698e-06,124.88603675950446,3.4914890186994075e-07,5.575785087445131e-08,0.08462029236785007,-2.5793235950167663e-06,3.159550388509494e-07,106.56857945778079,-6.768415654344654e-08,2.8136039656389002e-08,0.03568338746046429
1.314,4.894645444963099e-06,4.50493194752088e-07,100.57342681490816,3.4914890186994075e-07,5.575785087445131e-08,0.08462029236785007,-2.0053192076774942e-06,3.997337890842944e-07,97.11433447083442,-6.768415654344654e-08,2.8136039656389002e-08,0.03568338746046429
1.315,6.561200090863116e-06,4.219482141200228e-07,112.52985820313387,3.4914890186994075e-07,5.575785087445131e-08,0.08462029236785007,-2.2245568497129005e-06,4.112723686910835e-07,100.90005821976914,-6.768415654344654e-08,2.8136039656389002e-08,0.03568338746046429
1.316,6.180260446820223e-06,7.620186337152056e-07,109.57238467214412,3.4914890186994075e-07,5.575785087445131e-08,0.08462029236785007,-2.5221705736826104e-06,2.8995911810614245e-07,105.13002503455206,-6.768415654344654e-08,2.8136039656389002e-08,0.03568338746046429
1.317,7.807134179194206e-06,6.607527499553338e-07,120.9771437573846,3.4914890186994075e-07,5.575785087445131e-08,0.08462029236785007,-2.5934667142874906e-06,1.6064664226402122e-07,107.39525170704314,-6.768415654344654e-08,2.8136039656389002e-08,0.03568338746046429
1.318,4.746853975886301e-06,8.112134405598384e-07,98.3578569478643,3.4914890186994075e-07,5.575785087445131e-08,0.08462029236785007,-2.033360892617032e-06,2.0667335601134387e-07,97.58582772770778,-6.768415654344654e-08,2.8136039656389002e-08,0.03568338746046429
1.319,8.628369612446226e-06,-7.231065483672798e-08,125.16815695065984,3.4914890186994075e-07,5.575785087445131e-08,0.08462029236785007,-2.8536320628460637e-06,4.661205214498125e-07,111.0063146143793,-6.768415654344654e-08,2.8136039656389002e-08,0.03568338746046429
1.32,6.683715116671734e-06,3.498579067918964e-07,114.17781670861645,3.4914890186994075e-07,5.575785087445131e-08,0.08462029236785007,-2.5661374880760343e-06,6.504357762394561e-07,107.1479597259587,-6.768415654344654e-08,2.8136039656389002e-08,0.03568338746046429
1.321,6.645081785049031e-06,3.702166044732076e-07,114.00792201410381,3.4914890186994075e-07,5.575785087445131e-08,0.08462029236785007,-2.546124683542861e-06,1.879393857918068e-07,107.530376927387,-6.768415654344654e-08,2.8136039656389002e-08,0.03568338746046429
1.322,6.786522281759696e-06,5.877317210091654e-07,115.36001202068466,3.4914890186994075e-07,5.575785087445131e-08,0.08462029236785007,-2.4024268721315096e-06,3.4119464960326256e-07,105.69317551533473,-6.768415654344654e-08,2.8136039656389002e-08,0.03568338746046429
1.323,4.773050901520388e-06,3.802332248837963e-07,99.0282358727197,3.4914890186994075e-07,5.575785087445131e-08,0.08462029236785007,-2.1088985865550632e-06,4.135922551083941e-07,99.66876157508963,-6.768415654344654e-08,2.8136039656389002e-08,0.03568338746046429
1.324,8.100320441529262e-06,2.1241810758856043e-07,122.15352292225529,3.4914890186994075e-07,5.575785087445131e-08,0.08462029236785007,-2.500168670788189e-06,2.787196712593423e-07,106.54904045166408,-6.768415654344654e-08,2.8136039656389002e-08,0.03568338746046429
1.325,6.548358719169324e-06,7.204598853236091e-08,113.21217018056137,3.4914890186994075e-07,5.575785087445131e-08,0.08462029236785007,-2.653292825752788e-06,2.855177529600069e-07,109.4046610678803,-6.768415654344654e-08,2.8136039656389002e-08,0.03568338746046429
1.326,6.049769294536801e-06,2.6628869747850275e-07,109.59798949003824,3.4914890186994075e-07,5.575785087445131e-08,0.08462029236785007,-2.278599281461279e-06,7.705738378862808e-08,103.99877344468511,-6.768415654344654e-08,2.8136039656389002e-08,0.03568338746046429
1.327,6.13797095690983e-06,6.476917613729442e-07,109.71829012084132,3.4914890186994075e-07,5.575785087445131e-08,0.08462029236785007,-2.24969764706125e-06,2.3968173111645847e-07,103.27414652655504,-6.768415654344654e-08,2.8136039656389002e-08,0.03568338746046429
1.328,6.159222735659743e-06,4.0794217438687196e-07,109.55441725282115,3.4914890186994075e-07,5.575785087445131e-08,0.08462029236785007,-2.419186046999389e-06,2.3022480709512585e-07,105.5286115153833,-6.768415654344654e-08,2.8136039656389002e-08,0.03568338746046429
1.329,6.955853238372673e-06,5.001247378430069e-07,115.3439856853786,3.4914890186994075e-07,5.575785087445131e-08,0.08462029236785007,-2.2474617998678133e-06,1.4673395201107806e-07,103.31734949491525,-6.768415654344654e-08,2.8136039656389002e-08,0.03568338746046429
1.33,1.1873630782287134e-05,8.856606039370905e-07,141.6353987338285,3.4914890186994075e-07,5.575785087445131e-08,0.08462029236785007,-8.42631880183554e-06,3.193729159833328e-06,173.0202577337635,-6.768415654344654e-08,2.8136039656389002e-08,0.03568338746046429
1.331,7.614353879827377e-06,-7.573951485465653e-07,122.86769430286864,3.4914890186994075e-07,5.575785087445131e-08,0.08462029236785007,-1.129900817427561e-06,5.396552864791512e-08,80.37419145547382,-6.768415654344654e-08,2.8136039656389002e-08,0.03568338746046429
1.332,4.453053576467948e-06,2.3489597868511973e-07,99.64022276503528,3.4914890186994075e-07,5.575785087445131e-08,0.08462029236785007,-1.4527616936141698e-06,9.127685063292924e-08,87.81240052561195,-6.768415654344654e-08,2.8136039656389002e-08,0.03568338746046429
1.333,5.082370822059884e-06,1.4860158639552138e-07,103.07409150781228,3.4914890186994075e-07,5.575785087445131e-08,0.08462029236785007,-1.99770176586803e-06,-2.770328097781632e-09,97.77431209818079,-6.768415654344654e-08,2.8136039656389002e-08,0.03568338746046429
1.334,5.8931446026923615e-06,3.0445074467995597e-07,108.58141612265199,3.4914890186994075e-07,5.575785087445131e-08,0.08462029236785007,-2.0184875874647308e-06,-1.8190211382587983e-07,98.41615581922912,-6.768415654344654e-08,2.8136039656389002e-08,0.03568338746046429
1.335,5.152271329705659e-06,2.5237546677990903e-07,101.51221192497907,3.4914890186994075e-07,5.575785087445131e-08,0.08462029236785007,-2.1579100172546396e-06,1.0542545426858577e-07,99.70700599749615,-6.768415654344654e-08,2.8136039656389002e-08,0.03568338746046429
1.336,5.551528266438109e-06,-1.6298236615056535e-07,103.65653105282185,3.4914890186994075e-07,5.575785087445131e-08,0.08462029236785007,-2.275618958203655e-06,-3.168704776362914e-07,102.10364332780924,-6.768415654344654e-08,2.8136039656389002e-08,0.03568338746046429
1.337,6.817070611678342e-06,6.275080305333115e-07,112.88976133531791,3.4914890186994075e-07,5.575785087445131e-08,0.08462029236785007,-2.269438294688915e-06,1.0559779537794233e-07,102.61136748436267,-6.768415654344654e-08,2.8136039656389002e-08,0.03568338746046429
1.338,5.497561314464925e-06,-2.358346058045394e-07,102.84516392823215,3.4914890186994075e-07,5.575785087445131e-08,0.08462029236785007,-2.3931404003114896e-06,-3.463541155093593e-08,103.9279656603766,-6.768415654344654e-08,2.8136039656389002e-08,0.03568338746046429
1.339,6.76311643999182e-06,-6.499637393220771e-08,111.68449666290547,3.4914890186994075e-07,5.575785087445131e-08,0.08462029236785007,-2.440271144955962e-06,-3.5254159446630044e-08,106.04754380272453,-6.768415654344654e-08,2.8136039656389002e-08,0.03568338746046429
1.34,6.4527150375636355e-06,3.016919696927552e-07,109.94714432246529,3.4914890186994075e-07,5.575785087445131e-08,0.08462029236785007,-2.2558720002548146e-06,2.6537350646044696e-07,103.12496417681993,-6.768415654344654e-08,2.8136039656389002e-08,0.03568338746046429
1.341,6.950308044138503e-06,2.820084942584447e-07,113.25796131399704,3.4914890186994075e-07,5.575785087445131e-08,0.08462029236785007,-2.818763523783368e-06,3.215999304969864e-07,111.39174351882264,-6.768415654344654e-08,2.8136039656389002e-08,0.03568338746046429
1.342,6.440471095141886e-06,4.806323947105688e-07,110.1660731330368,3.4914890186994075e-07,5.575785087445131e-08,0.08462029236785007,-2.1782447605802475e-06,1.7327882590718568e-07,102.59143110229586,-6.768415654344654e-08,2.8136039656389002e-08,0.03568338746046429
1.343,6.938238467926931e-06,5.313080577504507e-07,113.21149362725949,3.4914890186994075e-07,5.575785087445131e-08,0.08462029236785007,-2.883191570083472e-06,1.0939277909990491e-07,113.00553816334305,-6.768415654344654e-08,2.8136039656389002e-08,0.03568338746046429
1.344,2.8569794152799908e-05,5.274859291444215e-06,197.3910882733031,3.4914890186994075e-07,5.575785087445131e-08,0.08462029236785007,-3.9026188222981975e-06,7.264466753885568e-07,133.0397331754834,-6.768415654344654e-08,2.8136039656389002e-08,0.03568338746046429
1.345,2.4414755992891037e-06,8.125624597182034e-08,79.44834827211535,3.4914890186994075e-07,5.575785087445131e-08,0.08462029236785007,-2.5207369302756755e-06,-4.3153476259285627e-07,112.01175808600635,-6.768415654344654e-08,2.8136039656389002e-08,0.03568338746046429
1.346,3.957645016100227e-06,4.0025282874284174e-08,93.83334539974757,3.4914890186994075e-07,5.575785087445131e-08,0.08462029236785007,-1.772110542897616e-06,8.100644090185378e-08,98.35288884213274,-6.768415654344654e-08,2.8136039656389002e-08,0.03568338746046429
1.347,5.688586007560948e-06,1.335274152388943e-07,106.60441275229832,3.4914890186994075e-07,5.575785087445131e-08,0.08462029236785007,-2.2250427653021162e-06,-9.408108438151769e-09,105.1202305323696,-6.768415654344654e-08,2.8136039656389002e-08,0.03568338746046429
1.348,5.6197312778097385e-06,1.9709122195811074e-07,104.95490085340691,3.4914890186994075e-07,5.575785087445131e-08,0.08462029236785007,-2.0289834709475986e-06,1.2928192632786322e-07,101.40863094425883,-6.768415654344654e-08,2.8136039656389002e-08,0.03568338746046429
1.349,6.149569759286705e-06,3.7138711461558967e-07,108.1591358487325,3.4914890186994075e-07,5.575785087445131e-08,0.08462029236785007,-2.1996328034417545e-06,1.3708129969634743e-08,103.85641897424983,-6.768415654344654e-08,2.8136039656389002e-08,0.03568338746046429
1.35,6.380871086478966e-06,2.4122875255433184e-07,109.33615948838415,3.4914890186994075e-07,5.575785087445131e-08,0.08462029236785007,-2.3334394503592734e-06,-1.3669962013241518e-08,105.84278997738629,-6.768415654344654e-08,2.8136039656389002e-08,0.03568338746046429
1.351,6.6084019414573735e-06,3.318850357340703e-07,111.08214184939541,3.4914890186994075e-07,5.575785087445131e-08,0.08462029236785007,-2.222895164487725e-06,4.1092358979307025e-08,104.27572429617938,-6.768415654344654e-08,2.8136039656389002e-08,0.03568338746046429
1.352,8.984869119801865e-06,1.2747407364324648e-06,126.79485379097022,3.4914890186994075e-07,5.575785087445131e-08,0.08462029236785007,-3.025327353062506e-06,6.865459159519063e-07,115.63659630840424,-6.768415654344654e-08,2.8136039656389002e-08,0.03568338746046429
1.353,6.8057406393164105e-06,6.813160302080267e-07,114.61502282773827,3.4914890186994075e-07,5.575785087445131e-08,0.08462029236785007,-2.588130523334216e-06,5.132979508606473e-07,110.25698503276668,-6.768415654344654e-08,2.8136039656389002e-08,0.03568338746046429
1.354,7.300693638752977e-06,4.471857806093498e-07,117.88317326545007,3.4914890186994075e-07,5.575785087445131e-08,0.08462029236785007,-2.5728487851351623e-06,3.679784132616206e-07,110.47392103885356,-6.768415654344654e-08,2.8136039656389002e-08,0.03568338746046429
1.355,5.607107807217461e-06,1.9131971862148494e-07,105.61061943806517,3.4914890186994075e-07,5.575785087445131e-08,0.08462029236785007,-2.1648542413578415e-06,3.9092400875997976e-07,103.85092849185668,-6.768415654344654e-08,2.8136039656389002e-08,0.03568338746046429
1.356,8.236655574364509e-06,8.58560590129586e-07,123.43528567294757,3.4914890186994075e-07,5.575785087445131e-08,0.08462029236785007,-2.2819939412080223e-06,3.634114481357542e-07,106.01683932411478,-6.768415654344654e-08,2.8136039656389002e-08,0.03568338746046429
1.357,6.380510043850094e-06,2.9928517926837176e-07,112.14891433678228,3.4914890186994075e-07,5.575785087445131e-08,0.08462029236785007,-2.4588374742772697e-06,4.1953517101693956e-07,108.46880076708946,-6.768415654344654e-08,2.8136039656389002e-08,0.03568338746046429
1.358,7.3292237371544515e-06,9.786172785452034e-07,118.59812313404547,3.4914890186994075e-07,5.575785087445131e-08,0.08462029236785007,-2.4197822856064766e-06,3.15121807987057e-07,108.18461705774223,-6.768415654344654e-08,2.8136039656389002e-08,0.03568338746046429
1.359,6.75351021467225e-06,8.103178153022489e-07,115.11217897688906,3.4914890186994075e-07,5.575785087445131e-08,0.08462029236785007,-2.420970944755183e-06,4.263380992191925e-07,107.99192530561734,-6.768415654344654e-08,2.8136039656389002e-08,0.03568338746046429
1.36,5.739416349315817e-06,3.9050195430559e-07,107.4278779786079,3.4914890186994075e-07,5.575785087445131e-08,0.08462029236785007,-2.1659721764134283e-06,3.5030304267768743e-07,103.62400147233026,-6.768415654344654e-08,2.8136039656389002e-08,0.03568338746046429
1.361,7.3440847008551785e-06,-6.037179213008889e-07,118.16966997335281,3.4914890186994075e-07,5.575785087445131e-08,0.08462029236785007,-2.4517137010121187e-06,4.278940086664405e-07,108.20840303494433,-6.768415654344654e-08,2.8136039656389002e-08,0.03568338746046429
1.362,6.267668070790162e-06,4.592670352088969e-07,111.23669310392769,3.4914890186994075e-07,5.575785087445131e-08,0.08462029236785007,-2.149243168239118e-06,3.911896106350968e-07,103.44997671594366,-6.768415654344654e-08,2.8136039656389002e-08,0.03568338746046429
1.363,6.579219991983281e-06,2.5735642209846076e-07,113.15105292226235,3.4914890186994075e-07,5.575785087445131e-08,0.08462029236785007,-2.227628089298254e-06,4.2465000700921525e-07,104.59358621344329,-6.768415654344654e-08,2.8136039656389002e-08,0.03568338746046429
1.364,6.284560961893618e-06,8.647469701504664e-08,110.85535120164829,3.4914890186994075e-07,5.575785087445131e-08,0.08462029236785007,-2.396723414095546e-06,3.8099629904224625e-07,106.95421452825269,-6.768415654344654e-08,2.8136039656389002e-08,0.03568338746046429
1.365,6.298477071392075e-06,1.265428885899518e-07,110.62657647325972,3.4914890186994075e-07,5.575785087445131e-08,0.08462029236785007,-2.228902759974007e-06,3.179815342010766e-07,104.35282587269195,-6.768415654344654e-08,2.8136039656389002e-08,0.03568338746046429
1.366,6.365664207440023e-06,3.1691618252180525e-07,110.89712790034038,3.4914890186994075e-07,5.575785087445131e-08,0.08462029236785007,-2.054935226682946e-06,3.759925937713709e-07,101.42238015065637,-6.768415654344654e-08,2.8136039656389002e-08,0.03568338746046429
1.367,5.927076908597003e-06,6.880931490312867e-07,107.23163873663806,3.4914890186994075e-07,5.575785087445131e-08,0.08462029236785007,-2.3102213349291443e-06,1.5646843085889622e-07,105.02649785981406,-6.768415654344654e-08,2.8136039656389002e-08,0.03568338746046429
1.368,7.1487852972873555e-06,6.22603365799539e-07,115.62006446956006,3.4914890186994075e-07,5.575785087445131e-08,0.08462029236785007,-2.1899643037273828e-06,4.844163203812833e-07,103.28506794752124,-6.768415654344654e-08,2.8136039656389002e-08,0.03568338746046429
1.369,6.365338623623239e-06,4.6947330067779453e-08,110.57512315819405,3.4914890186994075e-07,5.575785087445131e-08,0.08462029236785007,-2.410217548093098e-06,3.6694251791780446e-07,106.57012891299537,-6.768415654344654e-08,2.8136039656389002e-08,0.03568338746046429
1.37,6.220654130316948e-06,3.3968770657330703e-07,109.24990152176333,3.4914890186994075e-07,5.575785087445131e-08,0.08462029236785007,-2.4083209612250266e-06,7.628718733443044e-08,106.48674006035291,-6.768415654344654e-08,2.8136039656389002e-08,0.03568338746046429
1.371,5.975878863072849e-06,2.6540477892428426e-07,106.95084988205699,3.4914890186994075e-07,5.575785087445131e-08,0.08462029236785007,-2.0204830885907005e-06,3.5176710574918218e-09,100.26359506297892,-6.768415654344654e-08,2.8136039656389002e-08,0.03568338746046429
1.372,7.358383005291063e-06,5.790078112693382e-07,116.39878819869222,3.4914890186994075e-07,5.575785087445131e-08,0.08462029236785007,-2.473856268232278e-06,1.868724786973319e-07,107.44599860217872,-6.768415654344654e-08,2.8136039656389002e-08,0.03568338746046429
1.373,6.816257871862614e-06,2.5849456299729375e-07,113.57107856878271,3.4914890186994075e-07,5.575785087445131e-08,0.08462029236785007,-2.4102401047440795e-06,-1.1584857990564758e-07,106.92428565517788,-6.768415654344654e-08,2.8136039656389002e-08,0.03568338746046429
1.374,5.9219525919405495e-06,6.65122706712922e-08,106.98850460786151,3.4914890186994075e-07,5.575785087445131e-08,0.08462029236785007,-2.3236868467982763e-06,2.1082455856802675e-07,105.38513694234403,-6.768415654344654e-08,2.8136039656389002e-08,0.03568338746046429
1.375,5.940717982609199e-06,2.6018228420195655e-07,106.44514004896703,3.4914890186994075e-07,5.575785087445131e-08,0.08462029236785007,-2.233915314707448e-06,2.3455563686070094e-07,103.67002359507657,-6.768415654344654e-08,2.8136039656389002e-08,0.03568338746046429
1.376,6.162885159103945e-06,2.615751055889619e-07,107.53683117667406,3.4914890186994075e-07,5.575785087445131e-08,0.08462029236785007,-2.188349111938231e-06,-8.079063714783939e-09,102.76091659735366,-6.768415654344654e-08,2.8136039656389002e-08,0.03568338746046429
1.377,7.120746219245805e-06,6.56900448149395e-07,114.34237387328415,3.4914890186994075e-07,5.575785087445131e-08,0.08462029236785007,-2.2667410296064734e-06,-6.271683867915794e-08,104.33705729906465,-6.768415654344654e-08,2.8136039656389002e-08,0.03568338746046429
1.378,7.027737043346289e-06,2.1742657846455298e-07,114.12075687069307,3.4914890186994075e-07,5.575785087445131e-08,0.08462029236785007,-2.3035479400541914e-06,7.731903522036388e-08,105.25763096181969,-6.768415654344654e-08,2.8136039656389002e-08,0.03568338746046429
1.379,5.184663108730384e-06,1.0186636194002031e-08,100.43584627738895,3.4914890186994075e-07,5.575785087445131e-08,0.08462029236785007,-2.174129989767946e-06,1.4816952136682137e-07,102.66209522304291,-6.768415654344654e-08,2.8136039656389002e-08,0.03568338746046429
1.38,9.482922968073946e-06,-1.1679658026525448e-07,126.8927020503543,3.4914890186994075e-07,5.575785087445131e-08,0.08462029236785007,-3.6252257633608055e-06,1.6300746502337163e-06,137.39535864495036,-6.768415654344654e-08,2.8136039656389002e-08,0.03568338746046429
1.381,7.87691157048788e-06,3.6969457805823823e-08,120.93744277156523,3.4914890186994075e-07,5.575785087445131e-08,0.08462029236785007,-1.7512951967322934e-06,-4.7892243535979074e-08,94.93719579597312,-6.768415654344654e-08,2.8136039656389002e-08,0.03568338746046429
1.382,5.0964484445789225e-06,1.215811477621697e-07,101.388183556499,3.4914890186994075e-07,5.575785087445131e-08,0.08462029236785007,-2.0039195249306458e-06,-1.3229715554864054e-07,98.88939626867942,-6.768415654344654e-08,2.8136039656389002e-08,0.03568338746046429
1.383,6.471665903000844e-06,4.5087493419983044e-07,110.96954592629295,3.4914890186994075e-07,5.575785087445131e-08,0.08462029236785007,-2.236081053286604e-06,2.5703916509458766e-07,102.50886773336866,-6.768415654344654e-08,2.8136039656389002e-08,0.03568338746046429
1.384,2.8428153188884964e-05,3.896482519682557e-06,197.15280576246695,3.4914890186994075e-07,5.575785087445131e-08,0.08462029236785007,-4.553556741189211e-06,2.261066472958482e-07,137.36484084453434,-6.768415654344654e-08,2.8136039656389002e-08,0.03568338746046429
1.385,2.2034629184126877e-06,-2.9313675314984904e-08,73.872480023886,3.4914890186994075e-07,5.575785087445131e-08,0.08462029236785007,-2.3750206018384083e-06,4.342317972608811e-07,108.27777388855507,-6.768415654344654e-08,2.8136039656389002e-08,0.03568338746046429
1.386,4.264224487939385e-06,-4.0988283634741997e-08,96.59005296338972,3.4914890186994075e-07,5.575785087445131e-08,0.08462029236785007,-1.6896576364325037e-06,-5.8390521270674e-08,95.28904394365813,-6.768415654344654e-08,2.8136039656389002e-08,0.03568338746046429
1.387,4.727165429826397e-06,1.524666262615393e-07,98.06029225805783,3.4914890186994075e-07,5.575785087445131e-08,0.08462029236785007,-1.7451362006940347e-06,3.870213241142111e-08,94.85114374114634,-6.768415654344654e-08,2.8136039656389002e-08,0.03568338746046429
1.388,5.399645950942007e-06,4.975201306734021e-09,101.7095146253649,3.4914890186994075e-07,5.575785087445131e-08,0.08462029236785007,-2.0350568169074173e-06,-1.441514151900963e-07,99.53090265488919,-6.768415654344654e-08,2.8136039656389002e-08,0.03568338746046429
1.389,5.527152252718438e-06,-1.8887128980252426e-08,101.29199449031819,3.4914890186994075e-07,5.575785087445131e-08,0.08462029236785007,-2.0943511957283864e-06,-4.790884693705678e-08,100.0362336625175,-6.768415654344654e-08,2.8136039656389002e-08,0.03568338746046429
1.39,6.538178602003003e-06,2.1448248358939846e-07,108.26181282556342,3.4914890186994075e-07,5.575785087445131e-08,0.08462029236785007,-2.079810091947128e-06,1.919900954634367e-07,99.87883284996374,-6.768415654344654e-08,2.8136039656389002e-08,0.03568338746046429
1.391,6.42206030045922e-06,2.589938058414589e-07,107.44593412561906,3.4914890186994075e-07,5.575785087445131e-08,0.08462029236785007,-2.1962985009836057e-06,1.8506161309301662e-07,101.8487608693974,-6.768415654344654e-08,2.8136039656389002e-08,0.03568338746046429
1.392,6.514334589802315e-06,4.4908898385076754e-07,107.70696173221708,3.4914890186994075e-07,5.575785087445131e-08,0.08462029236785007,-2.419005414049368e-06,1.408276202592387e-07,105.14851107299653,-6.768415654344654e-08,2.8136039656389002e-08,0.03568338746046429
1.393,7.136326062331751e-06,9.68848095048466e-08,112.2245009340467,3.4914890186994075e-07,5.575785087445131e-08,0.08462029236785007,-2.263171309308666e-06,1.867244479325476e-07,103.47558813902647,-6.768415654344654e-08,2.8136039656389002e-08,0.03568338746046429
1.394,7.182459646751664e-06,1.824361178033923e-07,113.08021291787949,3.4914890186994075e-07,5.575785087445131e-08,0.08462029236785007,-2.572376961214205e-06,-6.646757577934562e-09,108.41118118999452,-6.768415654344654e-08,2.8136039656389002e-08,0.03568338746046429
1.395,5.708413985946049e-06,-5.076493504362174e-08,102.16746094816484,3.4914890186994075e-07,5.575785087445131e-08,0.08462029236785007,-2.1169009977924316e-06,5.741656054249412e-08,101.0760165321505,-6.768415654344654e-08,2.8136039656389002e-08,0.03568338746046429
1.396,7.4992639843336236e-06,2.1780004778240742e-07,114.71573696352463,3.4914890186994075e-07,5.575785087445131e-08,0.08462029236785007,-2.5665573146180004e-06,1.2284032866223077e-08,108.62134842181149,-6.768415654344654e-08,2.8136039656389002e-08,0.03568338746046429
1.397,6.814310092147319e-06,-4.804788853841149e-07,110.6377450576804,3.4914890186994075e-07,5.575785087445131e-08,0.08462029236785007,-2.4128148518786296e-06,1.0857939820895215e-07,107.15615601968203,-6.768415654344654e-08,2.8136039656389002e-08,0.03568338746046429
1.398,8.237873419721906e-06,8.748373509727104e-07,120.63406989429691,3.4914890186994075e-07,5.575785087445131e-08,0.08462029236785007,-2.487911714225815e-06,-3.671445921302417e-09,109.12904585502622,-6.768415654344654e-08,2.8136039656389002e-08,0.03568338746046429
1.399,6.9530452550500864e-06,7.587659065932081e-07,113.50156191627481,3.4914890186994075e-07,5.575785087445131e-08,0.08462029236785007,-2.401769602069494e-06,2.623179050510573e-07,107.95100300961094,-6.768415654344654e-08,2.8136039656389002e-08,0.03568338746046429
1.4,8.775344248561999e-06,1.3854735677992078e-06,125.42649829686863,3.4914890186994075e-07,5.575785087445131e-08,0.08462029236785007,-2.7474100580973266e-06,-1.4529174428373277e-07,113.80063300703807,-6.768415654344654e-08,2.8136039656389002e-08,0.03568338746046429
1.401,1.242650418754983e-05,1.2460976705653124e-06,144.65912971211498,3.4914890186994075e-07,5.575785087445131e-08,0.08462029236785007,-7.837956978058293e-06,2.0610680332830496e-06,170.46111642218003,-6.768415654344654e-08,2.8136039656389002e-08,0.03568338746046429
1.402,7.518415309447997e-06,2.8111263190013463e-07,122.76459757447742,3.4914890186994075e-07,5.575785087445131e-08,0.08462029236785007,-1.1666719711558518e-06,9.37593177188241e-08,84.53857480086128,-6.768415654344654e-08,2.8136039656389002e-08,0.03568338746046429
1.403,4.351549766400196e-06,4.809339301813878e-07,98.57580388346855,3.4914890186994075e-07,5.575785087445131e-08,0.08462029236785007,-1.3695227679023953e-06,2.571314712917939e-07,88.05380478177148,-6.768415654344654e-08,2.8136039656389002e-08,0.03568338746046429
1.404,5.280056397713638e-06,2.0262635453362236e-08,104.25847287743989,3.4914890186994075e-07,5.575785087445131e-08,0.08462029236785007,-1.9891736326819196e-06,9.975240263520505e-08,99.7856303281211,-6.768415654344654e-08,2.8136039656389002e-08,0.03568338746046429
1.405,5.429963988515225e-06,2.7910481664601096e-08,103.95938318504234,3.4914890186994075e-07,5.575785087445131e-08,0.08462029236785007,-2.0071836617363926e-06,-8.729711069907714e-08,99.52203381472212,-6.768415654344654e-08,2.8136039656389002e-08,0.03568338746046429
1.406,6.142545243694456e-06,2.383551256759025e-07,108.30816306869163,3.4914890186994075e-07,5.575785087445131e-08,0.08462029236785007,-2.224046454562217e-06,1.1898847357013137e-07,103.1185125637951,-6.768415654344654e-08,2.8136039656389002e-08,0.03568338746046429
1.407,5.513822579415823e-06,2.415666576610444e-07,102.81437626541597,3.4914890186994075e-07,5.575785087445131e-08,0.08462029236785007,-2.016577036727451e-06,2.4958607015859293e-07,99.26155087801207,-6.768415654344654e-08,2.8136039656389002e-08,0.03568338746046429
1.408,6.7909339145175325e-06,2.763594743602611e-07,111.32406568305062,3.4914890186994075e-07,5.575785087445131e-08,0.08462029236785007,-2.438234460290012e-06,-7.941358956975956e-08,106.28537626118643,-6.768415654344654e-08,2.8136039656389002e-08,0.03568338746046429
1.409,6.34978561232292e-06,1.021294850077482e-07,108.31164858345099,3.4914890186994075e-07,5.575785087445131e-08,0.08462029236785007,-2.359572546288316e-06,7.192053664739624e-08,105.18220831646322,-6.768415654344654e-08,2.8136039656389002e-08,0.03568338746046429
1.41,6.506538805891161e-06,1.2973965263452641e-07,109.17740841042331,3.4914890186994075e-07,5.575785087445131e-08,0.08462029236785007,-2.375923691839132e-06,-1.7459862081989958e-08,105.69412940446409,-6.768415654344654e-08,2.8136039656389002e-08,0.03568338746046429
1.411,6.959994182947961e-06,2.0091502893839174e-07,112.59889620945386,3.4914890186994075e-07,5.575785087445131e-08,0.08462029236785007,-2.2281252353082514e-06,1.4991683070090568e-10,104.1148305811402,-6.768415654344654e-08,2.8136039656389002e-08,0.03568338746046429
1.412,6.497809981274302e-06,7.292876393627974e-10,109.58057218613048,3.4914890186994075e-07,5.575785087445131e-08,0.08462029236785007,-2.409848998919192e-06,1.4029591623332154e-07,106.84399296222695,-6.768415654344654e-08,2.8136039656389002e-08,0.03568338746046429
1.413,5.979479929455706e-06,7.749414825646672e-07,105.84552175732884,3.4914890186994075e-07,5.575785087445131e-08,0.08462029236785007,-2.0908443892480624e-06,-1.8726981603945784e-07,101.76886309665252,-6.768415654344654e-08,2.8136039656389002e-08,0.03568338746046429
1.414,6.273431369440736e-06,1.3396036174816472e-07,107.27022012507894,3.4914890186994075e-07,5.575785087445131e-08,0.08462029236785007,-2.1442384393345627e-06,6.245002012490369e-08,102.38332121598317,-6.768415654344654e-08,2.8136039656389002e-08,0.03568338746046429
1.415,7.095307727078803e-06,1.078634148943036e-06,112.8749481463789,3.4914890186994075e-07,5.575785087445131e-08,0.08462029236785007,-2.4573695534815835e-06,-2.087833283487405e-08,107.34328272356332,-6.768415654344654e-08,2.8136039656389002e-08,0.03568338746046429
1.416,6.465505272513716e-06,1.0132358623547346e-07,108.60144906523944,3.4914890186994075e-07,5.575785087445131e-08,0.08462029236785007,-2.3967075959595875e-06,1.0110591725495792e-08,107.00232246965759,-6.768415654344654e-08,2.8136039656389002e-08,0.03568338746046429
1.417,7.006570477773846e-06,3.3506976245293793e-07,112.22535482147008,3.4914890186994075e-07,5.575785087445131e-08,0.08462029236785007,-2.370506086796381e-06,2.2237441375416597e-08,106.98941639196104,-6.768415654344654e-08,2.8136039656389002e-08,0.03568338746046429
1.418,6.07216916717535e-06,2.9750541981038604e-07,105.90350023225079,3.4914890186994075e-07,5.575785087445131e-08,0.08462029236785007,-2.119413737001088e-06,1.4965549577974332e-07,102.80642877846738,-6.768415654344654e-08,2.8136039656389002e-08,0.03568338746046429
1.419,6.766272636140764e-06,1.4995589464509832e-07,110.35619608083896,3.4914890186994075e-07,5.575785087445131e-08,0.08462029236785007,-2.2843143507789044e-06,4.6395702882465995e-08,105.59873562148921,-6.768415654344654e-08,2.8136039656389002e-08,0.03568338746046429
1.42,7.129210147536924e-06,3.0643739162463677e-07,113.28561187926273,3.4914890186994075e-07,5.575785087445131e-08,0.08462029236785007,-2.265422440551452e-06,1.6336459989872706e-07,105.81779991831273,-6.768415654344654e-08,2.8136039656389002e-08,0.03568338746046429
1.421,6.135986424000135e-06,3.543863738234748e-07,106.46886956220523,3.4914890186994075e-07,5.575785087445131e-08,0.08462029236785007,-2.2213078687338003e-06,3.6080946339971265e-08,104.84765504700283,-6.768415654344654e-08,2.8136039656389002e-08,0.03568338746046429
1.422,6.646972872448092e-06,1.63172664650553e-07,109.56604716479525,3.4914890186994075e-07,5.575785087445131e-08,0.08462029236785007,-2.0417590440325428e-06,2.0223481410116932e-07,102.22371461853209,-6.768415654344654e-08,2.8136039656389002e-08,0.03568338746046429
1.423,7.1207015575497785e-06,3.325909050157594e-07,112.68747282637682,3.4914890186994075e-07,5.575785087445131e-08,0.08462029236785007,-2.2868177142079927e-06,1.09572684761659e-07,106.23909340461084,-6.768415654344654e-08,2.8136039656389002e-08,0.03568338746046429
1.424,7.755939458834168e-06,6.290731226729458e-07,117.62587369868108,3.4914890186994075e-07,5.575785087445131e-08,0.08462029236785007,-2.512426072503846e-06,2.4078212531418797e-08,110.42831290257008,-6.768415654344654e-08,2.8136039656389002e-08,0.03568338746046429
1.425,7.0437151305423286e-06,5.492051987656892e-07,113.91819626659519,3.4914890186994075e-07,5.575785087445131e-08,0.08462029236785007,-2.3748466161170534e-06,3.900914556033093e-08,108.6667440991005,-6.768415654344654e-08,2.8136039656389002e-08,0.03568338746046429
1.426,7.355070316881183e-06,-6.049155902007222e-08,116.48463234153105,3.4914890186994075e-07,5.575785087445131e-08,0.08462029236785007,-2.3288392669112698e-06,1.9545937072021832e-07,108.60920536335847,-6.768415654344654e-08,2.8136039656389002e-08,0.03568338746046429
1.427,8.085774861333681e-06,6.280041059801447e-07,121.75776533230379,3.4914890186994075e-07,5.575785087445131e-08,0.08462029236785007,-2.558418075441181e-06,6.499684772181491e-08,112.6920971879318,-6.768415654344654e-08,2.8136039656389002e-08,0.03568338746046429
1.428,5.42644917798559e-06,-1.9587648504264582e-07,103.42580939749645,3.4914890186994075e-07,5.575785087445131e-08,0.08462029236785007,-2.063771527464465e-06,1.8847792458239544e-07,104.49580713859304,-6.768415654344654e-08,2.8136039656389002e-08,0.03568338746046429
1.429,5.817984976354767e-06,1.740986797924829e-07,104.70336304002535,3.4914890186994075e-07,5.575785087445131e-08,0.08462029236785007,-1.975263367244995e-06,1.6384107557023513e-07,102.34800252607027,-6.768415654344654e-08,2.8136039656389002e-08,0.03568338746046429
1.43,1.5608416465763802e-05,2.410282672101506e-07,155.0434996544013,3.4914890186994075e-07,5.575785087445131e-08,0.08462029236785007,-8.359132194805184e-06,2.9076848425902274e-06,184.4791601291238,-6.768415654344654e-08,2.8136039656389002e-08,0.03568338746046429
1.431,1.0147134074807635e-05,1.8804286304885073e-06,137.02476608864376,3.4914890186994075e-07,5.575785087445131e-08,0.08462029236785007,-9.946291228289439e-07,-2.4141953418268622e-08,82.73560110001162,-6.768415654344654e-08,2.8136039656389002e-08,0.03568338746046429
1.432,5.752905904123738e-06,7.250367114626576e-07,112.05148433820248,3.4914890186994075e-07,5.575785087445131e-08,0.08462029236785007,-1.4918160973765427e-06,1.2179297561213745e-07,94.48040499035574,-6.768415654344654e-08,2.8136039656389002e-08,0.03568338746046429
1.433,5.1410911257943395e-06,5.577882939862993e-07,105.71988786104065,3.4914890186994075e-07,5.575785087445131e-08,0.08462029236785007,-1.635858030677752e-06,-1.690798913400401e-07,97.08786217843206,-6.768415654344654e-08,2.8136039656389002e-08,0.03568338746046429
1.434,5.673298433773975e-06,6.837144623711004e-07,108.07361143742109,3.4914890186994075e-07,5.575785087445131e-08,0.08462029236785007,-1.9706437384099117e-06,6.192771348173478e-08,101.99331536001272,-6.768415654344654e-08,2.8136039656389002e-08,0.03568338746046429
1.435,6.320807103889141e-06,8.389078555987167e-07,111.71136374526903,3.4914890186994075e-07,5.575785087445131e-08,0.08462029236785007,-1.954393038693048e-06,2.1953853904509806e-07,101.57200613542261,-6.768415654344654e-08,2.8136039656389002e-08,0.03568338746046429
1.436,7.1540958466153595e-06,7.969710686692236e-07,116.55795902289859,3.4914890186994075e-07,5.575785087445131e-08,0.08462029236785007,-3.1155016108816764e-06,1.1327400155408934e-06,117.327636623011,-6.768415654344654e-08,2.8136039656389002e-08,0.03568338746046429
1.437,7.034616242364416e-06,5.140393659884926e-07,115.98556500714227,3.4914890186994075e-07,5.575785087445131e-08,0.08462029236785007,-2.057007642284982e-06,5.086136409816451e-07,102.59598583976396,-6.768415654344654e-08,2.8136039656389002e-08,0.03568338746046429
1.438,6.997238234762146e-06,7.378855694464793e-07,115.74959706587968,3.4914890186994075e-07,5.575785087445131e-08,0.08462029236785007,-2.284460434947348e-06,6.727628387766168e-07,106.17629142884105,-6.768415654344654e-08,2.8136039656389002e-08,0.03568338746046429
1.439,6.845281724944012e-06,6.961946693191199e-07,114.71650840942533,3.4914890186994075e-07,5.575785087445131e-08,0.08462029236785007,-2.2143125138512665e-06,6.366926060455694e-07,105.04317342226348,-6.768415654344654e-08,2.8136039656389002e-08,0.03568338746046429
1.44,6.782413618599525e-06,7.647715543976394e-07,114.1538924489826,3.4914890186994075e-07,5.575785087445131e-08,0.08462029236785007,-2.1661898054884135e-06,6.134452792790499e-07,104.14572868988428,-6.768415654344654e-08,2.8136039656389002e-08,0.03568338746046429
1.441,6.61052321319657e-06,6.545819419011923e-07,112.76303520624306,3.4914890186994075e-07,5.575785087445131e-08,0.08462029236785007,-2.1996033739782226e-06,5.452253787347912e-07,104.47086236152104,-6.768415654344654e-08,2.8136039656389002e-08,0.03568338746046429
1.442,6.701784903417857e-06,7.189476864223742e-07,113.10629052890069,3.4914890186994075e-07,5.575785087445131e-08,0.08462029236785007,-2.0669591206558083e-06,4.6523468533939016e-07,102.13050141490706,-6.768415654344654e-08,2.8136039656389002e-08,0.03568338746046429
