time,A_phi_r,A_phi_l,A_trq_r,A_trq_l,A_dist,B_phi_r,B_phi_l,B_trq_r,B_trq_l,B_dist,C_phi_r,C_phi_l,C_trq_r,C_trq_l,C_dist,D_phi_r,D_phi_l,D_trq_r,D_trq_l,D_dist,pos_x,pos_y,pos_z,ori_x,ori_y,ori_z,ori_w,vel_x,vel_y,vel_z,vel_rx,vel_ry,vel_rz,acc_x,acc_y,acc_z
1.001,-7.55285e-07,7.55071e-07,2.26585,-2.26521,0.1119,-7.5496e-07,7.55172e-07,2.26488,-2.26552,0.1119,-7.55188e-07,7.55404e-07,2.26556,-2.26621,0.1119,-7.55057e-07,7.54843e-07,2.26517,-2.26453,0.1119,-0.0300007,6.22627e-08,0.112983,1.28927e-07,-1.43865e-07,5.83954e-07,1,-1.16608e-06,-3.7815e-10,-1.71942e-13,-6.6539e-14,2.28991e-12,3.06856e-08,2.01152e-06,2.52996e-06,-6.39666e-12
1.002,3.27602e-05,2.11444e-05,2.36656,-2.20006,0.1119,8.23707e-05,7.52062e-05,2.52352,-2.0268,0.1119,1.90379e-05,1.18753e-05,2.38857,-2.29677,0.1119,7.30998e-05,6.14848e-05,2.56279,-2.13822,0.1119,-0.0300007,6.22623e-08,0.112983,3.11374e-07,-6.45625e-07,5.83501e-07,1,-3.45223e-05,3.16983e-08,0.000187415,0.000364894,-0.00100352,-9.06976e-07,-0.0333433,3.83486e-05,0.187415
1.003,0.000132302,8.17014e-05,2.48368,-2.13817,0.111901,0.000329256,0.000296328,2.80732,-1.78132,0.111901,7.78243e-05,4.49016e-05,2.56043,-2.36761,0.1119,0.000292451,0.000241855,2.91992,-2.04352,0.1119,-0.0300007,6.22619e-08,0.112983,9.05486e-07,-1.86072e-06,5.8207e-07,1,-6.99286e-05,1.03185e-07,0.000679502,0.00118822,-0.00243018,-2.86177e-06,-0.035368,9.02012e-05,0.492087
1.004,0.00029589,0.000181222,2.51258,-2.15491,0.111903,0.000734991,0.000659723,2.83673,-1.78732,0.111903,0.000174435,9.91769e-05,2.63643,-2.43443,0.1119,0.000652936,0.000538276,3.00483,-2.10747,0.111901,-0.0300007,6.22616e-08,0.112985,1.94427e-06,-3.30289e-06,5.7955e-07,1,-6.99921e-05,1.79463e-07,0.00137238,0.00207757,-0.00288435,-5.04003e-06,5.91718e-06,0.000117137,0.69288
1.005,0.000521604,0.000318537,2.53047,-2.1783,0.111906,0.00129481,0.00116112,2.83735,-1.81254,0.111905,0.000307736,0.000174064,2.67797,-2.47645,0.111902,0.00115032,0.000947268,3.03205,-2.15549,0.111903,-0.0300007,6.22612e-08,0.112987,3.43297e-06,-4.67888e-06,5.75725e-07,1,-6.62312e-05,2.55943e-07,0.00218694,0.00297739,-0.00275199,-7.65494e-06,0.00386029,0.000149441,0.814555
1.006,0.000807579,0.000492512,2.54251,-2.20026,0.11191,0.00200409,0.00179639,2.83256,-1.84042,0.111909,0.000476626,0.000268943,2.69457,-2.4981,0.111904,0.0017805,0.00146545,3.03968,-2.19065,0.111906,-0.0300007,6.22608e-08,0.11299,5.35342e-06,-5.84817e-06,5.70627e-07,1,-6.344e-05,3.28663e-07,0.0030766,0.0038409,-0.00233859,-1.02062e-05,0.00291638,0.000187293,0.889659
1.007,0.00115201,0.000702049,2.54738,-2.21735,0.111915,0.00285835,0.0025615,2.81833,-1.86159,0.111913,0.000680038,0.000383216,2.69772,-2.5081,0.111908,0.00253949,0.00208956,3.01727,-2.1999,0.11191,-0.0300007,6.22604e-08,0.112993,7.70075e-06,-6.79964e-06,5.64067e-07,1,-6.19717e-05,3.99204e-07,0.00398173,0.00469465,-0.00190293,-1.31365e-05,0.00161397,0.000235586,0.905138
1.008,0.00155314,0.00094608,2.55421,-2.2355,0.111921,0.00385324,0.00345257,2.79506,-1.87345,0.111917,0.000916937,0.000516299,2.69689,-2.51375,0.111912,0.00342343,0.0028164,2.9946,-2.2066,0.111915,-0.0300007,6.226e-08,0.112998,1.04749e-05,-7.51178e-06,5.56175e-07,1,-6.18717e-05,4.6902e-07,0.00488928,0.00554835,-0.00142428,-1.58105e-05,0.000261036,0.000294363,0.907545
1.009,0.00200926,0.00122357,2.5553,-2.24875,0.111927,0.00498453,0.00446581,2.75723,-1.87157,0.111923,0.00118632,0.00066763,2.6907,-2.51441,0.111917,0.00442856,0.0036429,2.95368,-2.19589,0.111921,-0.0300007,6.22596e-08,0.113003,1.37259e-05,-7.97883e-06,5.4683e-07,1,-6.26814e-05,5.45867e-07,0.00575227,0.006502,-0.000934103,-1.87293e-05,-0.000639373,0.00036986,0.862995
1.01,0.00251874,0.00153351,2.55612,-2.26362,0.111935,0.00624815,0.00559757,2.74337,-1.89085,0.111929,0.0014872,0.00083666,2.68133,-2.51354,0.111923,0.00555126,0.00456606,2.91358,-2.18861,0.111928,-0.0300007,6.22592e-08,0.11301,1.71895e-05,-8.32346e-06,5.35663e-07,1,-6.40667e-05,5.75276e-07,0.00659692,0.00692708,-0.000689273,-2.23807e-05,-0.00120797,0.000395714,0.844647
1.011,0.00307997,0.00187494,2.56022,-2.27784,0.111943,0.00764011,0.00684427,2.67864,-1.86051,0.111936,0.00181865,0.00102286,2.68038,-2.51875,0.111929,0.00678799,0.005583,2.86384,-2.16571,0.111936,-0.0300007,6.22588e-08,0.113017,2.11877e-05,-8.43627e-06,5.23089e-07,1,-6.62602e-05,6.59715e-07,0.00736307,0.00799646,-0.000225622,-2.52094e-05,-0.00201507,0.000532631,0.766146
1.012,0.00369139,0.00224691,2.56487,-2.29539,0.111951,0.00915658,0.00820248,2.62426,-1.84134,0.111943,0.00217975,0.00122571,2.68066,-2.52658,0.111937,0.00813534,0.00669088,2.79417,-2.12717,0.111945,-0.0300007,6.22584e-08,0.113024,2.56238e-05,-8.35834e-06,5.08756e-07,1,-6.85381e-05,7.2405e-07,0.00804742,0.00887214,0.000155845,-2.87443e-05,-0.0021025,0.000602164,0.684356
1.013,0.0043515,0.00264849,2.58096,-2.32282,0.111961,0.0107938,0.00966886,2.58319,-1.8322,0.111951,0.0025696,0.00144471,2.68731,-2.53991,0.111945,0.00958998,0.007887,2.74703,-2.10769,0.111954,-0.0300007,6.2258e-08,0.113032,3.05168e-05,-8.11535e-06,4.92699e-07,1,-7.11376e-05,7.90194e-07,0.00870519,0.00978608,0.000485989,-3.22099e-05,-0.00242956,0.00070505,0.65777
1.014,0.00505884,0.00307881,2.60456,-2.35929,0.111971,0.0125482,0.0112401,2.51962,-1.80147,0.111959,0.00298734,0.00167939,2.69748,-2.55802,0.111953,0.0111487,0.00916869,2.66887,-2.06027,0.111965,-0.0300007,6.22575e-08,0.113041,3.56526e-05,-7.78976e-06,4.74596e-07,1,-7.36716e-05,8.17975e-07,0.00929166,0.0102716,0.000651165,-3.63077e-05,-0.0023721,0.000769115,0.586466
1.015,0.005812,0.003537,2.62386,-2.39109,0.111981,0.0144162,0.0129132,2.45071,-1.76307,0.111968,0.00343215,0.00192926,2.713,-2.58051,0.111963,0.0128084,0.0105334,2.60216,-2.02077,0.111976,-0.0300007,6.22571e-08,0.11305,4.11413e-05,-7.33122e-06,4.54406e-07,1,-7.63611e-05,8.62929e-07,0.00981124,0.0109774,0.000917082,-4.04993e-05,-0.00253801,0.000894916,0.519585
1.016,0.00660959,0.00402222,2.65263,-2.42983,0.111992,0.0163944,0.014685,2.36212,-1.70524,0.111977,0.00390319,0.00219388,2.74564,-2.61714,0.111972,0.014566,0.0119786,2.53632,-1.97718,0.111987,-0.0300007,6.22566e-08,0.11306,4.7216e-05,-6.55971e-06,4.3228e-07,1,-7.92242e-05,9.44307e-07,0.0102671,0.0121495,0.001543,-4.44052e-05,-0.00272839,0.00105083,0.455836
1.017,0.00745029,0.00453367,2.69841,-2.49097,0.112004,0.0184795,0.0165525,2.29838,-1.67176,0.111986,0.00439969,0.0024728,2.77403,-2.65589,0.111982,0.0164186,0.0135019,2.43006,-1.90196,0.111999,-0.0300007,6.22561e-08,0.11307,5.35864e-05,-5.72659e-06,4.07724e-07,1,-8.13585e-05,9.73182e-07,0.010667,0.0127408,0.00166624,-4.92736e-05,-0.00201738,0.00112311,0.399891
1.018,0.0083328,0.00507055,2.75534,-2.55912,0.112015,0.0206683,0.0185129,2.20728,-1.60755,0.111996,0.00492089,0.00276559,2.81813,-2.70691,0.111993,0.0183633,0.015101,2.34505,-1.84222,0.112011,-0.0300008,6.22556e-08,0.113081,6.0225e-05,-4.80855e-06,3.8069e-07,1,-8.37199e-05,9.9733e-07,0.0110248,0.0132772,0.00183607,-5.42421e-05,-0.0022636,0.00124887,0.357789
1.019,0.00925586,0.00563211,2.79834,-2.61458,0.112027,0.0229577,0.0205634,2.11541,-1.54124,0.112005,0.00546603,0.00307183,2.87016,-2.765,0.112003,0.0203974,0.0167736,2.25997,-1.7769,0.112024,-0.0300008,6.22551e-08,0.113091,6.74079e-05,-3.68135e-06,3.5127e-07,1,-8.60456e-05,1.06324e-06,0.0113289,0.0143657,0.0022544,-5.90443e-05,-0.0022513,0.00142947,0.304114
1.02,0.0102183,0.00621761,2.8752,-2.70369,0.11204,0.0253447,0.0227013,1.97471,-1.4295,0.112015,0.00603441,0.00339113,2.94257,-2.84574,0.112014,0.0225182,0.0185175,2.11613,-1.65719,0.112037,-0.0300008,6.22545e-08,0.113102,7.50717e-05,-2.33446e-06,3.19333e-07,1,-8.79639e-05,1.1151e-06,0.0115247,0.0153277,0.00269377,-6.41129e-05,-0.00187158,0.00155419,0.195845
1.021,0.0112188,0.00682632,2.95497,-2.80001,0.112052,0.0278263,0.0249239,1.90787,-1.37824,0.112025,0.00662533,0.00372309,3.00692,-2.91644,0.112025,0.0247231,0.0203305,2.04331,-1.6032,0.112051,-0.0300008,6.2254e-08,0.113113,8.28081e-05,-8.44254e-07,2.83896e-07,1,-8.97084e-05,1.09967e-06,0.0117615,0.0154727,0.00298041,-7.11341e-05,-0.00172755,0.00164849,0.236808
1.022,0.0122564,0.00745754,3.05453,-2.91372,0.112065,0.0303998,0.0272288,1.81459,-1.29342,0.112035,0.00723811,0.00406734,3.06816,-2.98944,0.112037,0.0270095,0.0222106,1.91174,-1.50009,0.112065,-0.0300008,6.22534e-08,0.113124,9.03054e-05,4.66462e-07,2.44358e-07,1,-9.10326e-05,1.03409e-06,0.0119653,0.0149947,0.00262142,-7.93044e-05,-0.00133352,0.00174301,0.203787
1.023,0.0133299,0.00811062,3.1406,-3.01252,0.112078,0.0330623,0.0296135,1.62929,-1.12336,0.112045,0.00787209,0.00442349,3.17321,-3.09804,0.112048,0.0293751,0.0241557,1.77094,-1.37246,0.112078,-0.0300008,6.22527e-08,0.113136,9.83253e-05,1.96936e-06,2.01462e-07,1,-9.27781e-05,1.08817e-06,0.012045,0.0160397,0.00300578,-8.6057e-05,-0.00178444,0.00199891,0.0796399
1.024,0.0144382,0.00878488,3.23829,-3.13095,0.112091,0.0358112,0.0320755,1.58962,-1.05021,0.112055,0.00852664,0.0047912,3.24323,-3.18147,0.11206,0.0318174,0.026164,1.70726,-1.3186,0.112092,-0.0300008,6.22521e-08,0.113147,0.000106401,3.44865e-06,1.52657e-07,1,-9.43897e-05,1.06548e-06,0.0122142,0.0161519,0.00295857,-9.78679e-05,-0.00168048,0.0021009,0.169209
1.025,0.0155803,0.00947969,3.22565,-3.20684,0.112106,0.0386438,0.0346125,2.82445,-2.07352,0.112071,0.00920115,0.00517011,2.89771,-2.91384,0.112072,0.0343342,0.0282334,2.13549,-1.84943,0.112105,-0.0300008,6.22514e-08,0.11316,0.000105722,-7.15427e-07,8.48183e-08,1,-8.99722e-05,-3.08883e-07,0.01392,-0.00135918,-0.00832816,-0.000134797,0.00443425,0.00106024,1.70586
1.026,0.0167552,0.0101944,3.14466,-3.08821,0.112123,0.0415578,0.0372224,2.1184,-1.42546,0.112088,0.00989501,0.0055599,3.01048,-2.99052,0.112084,0.0369232,0.0303623,1.95666,-1.67798,0.112117,-0.0300008,6.22506e-08,0.113174,0.000105409,-6.58937e-06,1.80697e-08,1,-9.3647e-05,-2.31372e-07,0.0146344,-0.000625723,-0.0117479,-0.000132255,-0.00353608,0.00229624,0.714346
1.027,0.0179618,0.0109285,2.85219,-2.74647,0.112142,0.0445505,0.0399029,2.5952,-1.83305,0.112106,0.0106076,0.00596023,2.92538,-2.85562,0.112099,0.0395822,0.0325487,3.22804,-2.45781,0.112133,-0.0300008,6.22497e-08,0.11319,0.000109604,-1.02345e-05,-2.07005e-08,1,-0.000106584,4.5425e-07,0.0166152,0.00839095,-0.00729018,-7.68273e-05,-0.0126957,0.00327045,1.98083
1.028,0.0191993,0.0116814,2.72208,-2.64533,0.112162,0.0476198,0.0426518,2.5637,-1.85491,0.112124,0.0113385,0.00637079,2.77544,-2.73307,0.112115,0.0423092,0.034791,2.80214,-2.11004,0.11215,-0.0300008,6.22488e-08,0.113207,0.000113933,-1.377e-05,-6.29307e-08,1,-0.000101845,4.28424e-07,0.0178625,0.00865738,-0.00707105,-8.37739e-05,0.00504358,0.00249376,1.24727
1.029,0.0204667,0.0124524,2.52008,-2.43155,0.112183,0.0507632,0.0454672,2.64504,-1.94663,0.112143,0.012087,0.00679127,2.65047,-2.59418,0.112132,0.045102,0.0370876,3.11934,-2.40149,0.11217,-0.0300008,6.22478e-08,0.113225,0.000120814,-1.55731e-05,-1.0913e-07,1,-0.000100581,7.83461e-07,0.0191883,0.0137631,-0.0036062,-9.21778e-05,0.00161098,0.00304588,1.32583
1.03,0.0217631,0.0132411,2.39193,-2.30763,0.112204,0.0539786,0.0483471,2.68718,-2.01938,0.112162,0.0128526,0.00722138,2.51006,-2.46009,0.112151,0.0479588,0.0394366,3.10762,-2.42058,0.112192,-0.0300008,6.22466e-08,0.113244,0.000129358,-1.59574e-05,-1.60528e-07,1,-9.72126e-05,9.82575e-07,0.020296,0.0170871,-0.000768649,-0.000102968,0.00371655,0.00302377,1.10771
1.031,0.0230877,0.0140469,2.26049,-2.18992,0.112226,0.0572638,0.0512894,2.63977,-2.01627,0.112182,0.0136349,0.00766082,2.36914,-2.32557,0.11217,0.0508777,0.0418367,2.99775,-2.35733,0.112214,-0.0300008,6.22454e-08,0.113264,0.000138447,-1.52108e-05,-2.18027e-07,1,-9.3437e-05,1.01352e-06,0.0209918,0.0181774,0.00149311,-0.000115482,0.00409512,0.00293997,0.695836
1.032,0.0244396,0.0148693,2.17553,-2.11806,0.112249,0.0606167,0.0542924,2.61089,-2.02312,0.112201,0.0144333,0.00810931,2.24282,-2.20871,0.112191,0.0538566,0.0442862,2.91205,-2.31662,0.112238,-0.0300008,6.2244e-08,0.113285,0.000147842,-1.37518e-05,-2.81554e-07,1,-8.97697e-05,1.0111e-06,0.0213914,0.0187903,0.00291805,-0.000127743,0.00394803,0.0030164,0.399577
1.033,0.0258179,0.0157078,2.13427,-2.08519,0.112271,0.0640352,0.0573542,2.55372,-2.01154,0.11222,0.0152473,0.00856659,2.16113,-2.13609,0.112211,0.0568939,0.0467837,2.81339,-2.25977,0.112262,-0.0300008,6.22426e-08,0.113305,0.000157636,-1.19214e-05,-3.49706e-07,1,-8.62227e-05,1.01986e-06,0.0215436,0.0195879,0.00366068,-0.000137115,0.00378453,0.00314958,0.152198
1.034,0.0272219,0.0165619,2.04785,-2.00677,0.112293,0.0675174,0.0604731,2.53698,-2.02531,0.112239,0.0160765,0.00903239,2.08888,-2.06426,0.112232,0.0599878,0.0493278,2.83699,-2.30078,0.112286,-0.0300008,6.2241e-08,0.113326,0.000167981,-9.39958e-06,-4.22664e-07,1,-8.3569e-05,1.04727e-06,0.0215652,0.0206904,0.00504372,-0.000146958,0.00283854,0.00333048,0.0215879
1.035,0.0286508,0.0174312,2.01534,-1.98737,0.112315,0.0710615,0.0636473,2.49548,-2.01864,0.112258,0.0169204,0.00950645,2.04473,-2.02893,0.112253,0.0631367,0.051917,2.72389,-2.23497,0.11231,-0.0300008,6.22394e-08,0.113346,0.000178628,-6.53154e-06,-5.0126e-07,1,-7.9988e-05,1.03379e-06,0.0213879,0.0212934,0.00573606,-0.000158355,0.00370684,0.00342786,-0.177326
1.036,0.0301039,0.0183152,2.01309,-1.99625,0.112336,0.0746654,0.0668752,2.43861,-2.00033,0.112276,0.0177786,0.00998853,2.01383,-2.00353,0.112273,0.0663387,0.0545499,2.67754,-2.21941,0.112334,-0.0300008,6.22376e-08,0.113366,0.00018935,-3.35008e-06,-5.84851e-07,1,-7.65748e-05,9.91809e-07,0.0211081,0.0214446,0.0063629,-0.000168459,0.00347696,0.00356713,-0.279751
1.037,0.0315805,0.0192135,2.05358,-2.04442,0.112358,0.0783276,0.0701551,2.36826,-1.96637,0.112294,0.0186506,0.0104784,2.02792,-2.02481,0.112294,0.0695924,0.0572254,2.58266,-2.16502,0.112358,-0.0300008,6.22357e-08,0.113386,0.000200341,-3.6586e-08,-6.73534e-07,1,-7.2999e-05,9.7297e-07,0.0207548,0.0219817,0.00662696,-0.000178694,0.00357648,0.0037703,-0.353318
1.038,0.0330797,0.0201255,2.0422,-2.05145,0.112378,0.0820461,0.0734856,2.37762,-1.99269,0.112311,0.0195361,0.0109758,2.02245,-2.02496,0.112314,0.0728962,0.059942,2.56919,-2.18121,0.112382,-0.0300008,6.22337e-08,0.113405,0.000211098,3.3825e-06,-7.68406e-07,1,-6.93165e-05,8.86991e-07,0.0204202,0.0215149,0.00683815,-0.000191116,0.00361839,0.00391451,-0.334579
1.039,0.0346011,0.021051,2.05954,-2.08022,0.112399,0.0858193,0.0768651,2.32218,-1.96529,0.112328,0.0204345,0.0114805,2.02977,-2.04024,0.112333,0.0762487,0.0626986,2.52912,-2.16602,0.112405,-0.0300008,6.22316e-08,0.113424,0.000222311,6.99627e-06,-8.68161e-07,1,-6.57536e-05,8.90222e-07,0.0200455,0.0224259,0.00722752,-0.00020096,0.00343094,0.00419839,-0.374721
1.04,0.0361438,0.0219896,2.11163,-2.14973,0.112419,0.0896455,0.080292,2.26401,-1.9355,0.112344,0.0213456,0.0119923,2.0757,-2.09486,0.112353,0.0796482,0.065494,2.41827,-2.09344,0.112428,-0.0300008,6.22294e-08,0.113442,0.000233382,1.05694e-05,-9.7341e-07,1,-6.16287e-05,8.12489e-07,0.0196401,0.0221407,0.00714619,-0.000211931,0.0039261,0.00431199,-0.405399
1.041,0.0377072,0.0229407,2.19991,-2.23439,0.112438,0.0935233,0.0837651,2.03185,-1.74481,0.112359,0.022269,0.012511,2.18304,-2.2043,0.112371,0.0830935,0.068327,2.31009,-1.99846,0.11245,-0.0300008,6.22271e-08,0.11346,0.000246154,1.49137e-05,-1.08298e-06,1,-5.91058e-05,9.62279e-07,0.0190924,0.025544,0.00868856,-0.000220889,0.00224657,0.00470978,-0.547671
1.042,0.0392908,0.0239041,2.25361,-2.3321,0.112457,0.0974509,0.0872829,2.22382,-1.92932,0.112375,0.0232043,0.0130364,2.1693,-2.21237,0.11239,0.0865832,0.0711964,2.28781,-2.02496,0.112473,-0.0300008,6.22247e-08,0.113478,0.000257032,1.86131e-05,-1.19994e-06,1,-5.2458e-05,6.65829e-07,0.0188495,0.0217566,0.00739885,-0.000235433,0.00629166,0.00462158,-0.242918
1.043,0.040894,0.0248794,2.36207,-2.42185,0.112476,0.101427,0.0908441,1.86826,-1.60677,0.112389,0.024151,0.0135683,2.33615,-2.37394,0.112408,0.0901158,0.0741012,2.13797,-1.87966,0.112495,-0.0300008,6.22221e-08,0.113495,0.000269766,2.31458e-05,-1.32204e-06,1,-5.12685e-05,8.2886e-07,0.0183399,0.0254679,0.00906536,-0.000246041,0.000758891,0.00518094,-0.509664
1.044,0.042516,0.0258662,2.47722,-2.57292,0.112493,0.10545,0.0944473,1.61473,-1.38883,0.112402,0.025109,0.0141064,2.49858,-2.54047,0.112426,0.0936903,0.0770404,1.89134,-1.65665,0.112517,-0.0300008,6.22195e-08,0.113511,0.000283551,2.8812e-05,-1.45126e-06,1,-4.76003e-05,8.73006e-07,0.0176186,0.0275709,0.0113324,-0.000260861,0.00314448,0.00519843,-0.721286
1.045,0.0441564,0.0268641,3.22632,-2.98066,0.112513,0.109519,0.0980913,1.7331,-1.51791,0.112416,0.0260778,0.0146507,2.74358,-2.84835,0.112443,0.0973052,0.0800128,1.83373,-1.6451,0.112539,-0.0300008,6.22168e-08,0.113528,0.000300055,3.24267e-05,-1.55996e-06,1,-4.51315e-05,1.11348e-06,0.0180285,0.0330075,0.00722933,-0.000218495,0.0018061,0.00637366,0.409901
1.046,0.0458147,0.0278729,3.09049,-2.88577,0.112532,0.113632,0.101775,1.22518,-1.03359,0.112429,0.0270572,0.0152008,2.96495,-3.0467,0.11246,0.100959,0.0830175,1.48721,-1.29543,0.112561,-0.0300008,6.22139e-08,0.113545,0.000317316,3.6777e-05,-1.68252e-06,1,-4.44682e-05,1.08491e-06,0.0175463,0.0345209,0.00870047,-0.000246622,-2.28836e-05,0.0058912,-0.482159
1.047,0.0474902,0.0288923,3.25259,-3.04326,0.11255,0.117787,0.105497,1.42703,-1.28695,0.112443,0.0280467,0.0157567,2.97681,-3.10601,0.112476,0.104652,0.0860535,1.49712,-1.33061,0.112582,-0.0300008,6.22109e-08,0.113561,0.000332653,4.00823e-05,-1.80578e-06,1,-3.43042e-05,7.87269e-07,0.0175794,0.030674,0.0066106,-0.000247499,0.00937495,0.00625097,0.0330797
1.048,0.0491825,0.0299218,3.16453,-3.04008,0.112573,0.121984,0.109256,3.28855,-2.80367,0.112465,0.0290461,0.0163181,2.50039,-2.72596,0.112493,0.108381,0.0891199,2.16513,-2.118,0.1126,-0.0300008,6.22077e-08,0.11358,0.000334804,3.4264e-05,-1.94386e-06,1,-1.4122e-05,-6.62704e-07,0.0199482,0.00430343,-0.0116367,-0.000272108,0.019348,0.00670461,2.36881
1.049,0.0508911,0.0309612,3.14087,-2.91044,0.112598,0.126222,0.113052,2.39116,-2.01173,0.112491,0.0300552,0.016885,2.55455,-2.72589,0.11251,0.112146,0.0922158,1.98638,-1.96697,0.112617,-0.0300008,6.22044e-08,0.1136,0.000333824,2.38546e-05,-2.09153e-06,1,-1.73866e-05,-9.63821e-07,0.0210636,-0.00196086,-0.0208189,-0.000288439,-0.00378573,0.00699302,1.11533
1.05,0.0526154,0.0320102,2.91434,-2.61126,0.112625,0.130499,0.116882,2.38224,-1.96657,0.112517,0.0310736,0.0174571,2.59799,-2.71283,0.112528,0.115946,0.0953403,2.57545,-2.35832,0.112635,-0.0300008,6.22009e-08,0.113621,0.000335367,1.29914e-05,-2.23817e-06,1,-1.88915e-05,-6.9708e-07,0.0224849,0.00308635,-0.0217264,-0.000285957,-0.00179673,0.00780011,1.42139
1.051,0.0543551,0.0330686,2.579,-2.26211,0.112653,0.134814,0.120747,2.41406,-1.98478,0.112544,0.032101,0.0180342,2.47559,-2.54959,0.112548,0.119779,0.0984925,3.12659,-2.59291,0.112657,-0.0300008,6.21972e-08,0.113643,0.00034083,4.69054e-06,-2.37828e-06,1,-1.95211e-05,-3.35807e-07,0.0239002,0.0109259,-0.0166018,-0.000274513,-0.000735042,0.00801323,1.41525
1.052,0.0561096,0.0341359,2.3597,-2.03723,0.112683,0.139165,0.124644,2.63205,-2.19963,0.112569,0.0331372,0.0186163,2.37408,-2.43516,0.11257,0.123645,0.101672,3.53325,-2.91847,0.112683,-0.0300008,6.21933e-08,0.113668,0.000353517,3.33628e-07,-2.52272e-06,1,-1.17097e-05,3.01551e-07,0.0256372,0.0253737,-0.00871386,-0.00028578,0.00780358,0.00880179,1.73698
1.053,0.0578784,0.035212,2.37903,-2.10747,0.112712,0.143552,0.128573,2.32095,-1.98994,0.112595,0.0341818,0.0192032,2.27831,-2.37376,0.112592,0.127543,0.104877,2.63985,-2.20639,0.11271,-0.0300008,6.21892e-08,0.113693,0.000365749,-3.51862e-06,-2.67618e-06,1,-2.25076e-06,1.37598e-07,0.0260975,0.024465,-0.00770454,-0.000304184,0.00953115,0.00734881,0.460333
1.054,0.0596613,0.0362966,2.27125,-1.99113,0.112742,0.147974,0.132534,2.45841,-2.11885,0.11262,0.0352348,0.0197947,2.23673,-2.30518,0.112616,0.131472,0.108107,3.17983,-2.67735,0.112739,-0.0300008,6.21849e-08,0.113718,0.000383502,-4.44577e-06,-2.84171e-06,1,6.07645e-06,5.73738e-07,0.0271357,0.0355046,-0.00185434,-0.00033052,0.00842352,0.008757,1.03818
1.055,0.0614577,0.0373895,2.22379,-1.98012,0.112773,0.15243,0.136524,2.2863,-2.01362,0.112644,0.0362957,0.0203906,2.11362,-2.21443,0.112641,0.135431,0.111362,2.69689,-2.3063,0.11277,-0.0300008,6.21804e-08,0.113744,0.000402371,-4.31897e-06,-3.01573e-06,1,1.46558e-05,5.34946e-07,0.0273554,0.0377392,0.000253587,-0.000348306,0.00866591,0.00803264,0.219717
1.056,0.0632673,0.0384903,2.26207,-2.03148,0.112803,0.156918,0.140544,2.11448,-1.88181,0.112668,0.0373644,0.020991,2.12029,-2.21851,0.112665,0.139418,0.114641,2.49501,-2.14147,0.1128,-0.0300008,6.21758e-08,0.11377,0.000422032,-3.3951e-06,-3.19993e-06,1,2.13308e-05,4.83871e-07,0.0272565,0.0393211,0.0018477,-0.000369305,0.00674085,0.00814579,-0.0988906
1.057,0.0650895,0.0395989,2.2663,-2.0626,0.112833,0.161437,0.144592,2.23466,-1.97521,0.112692,0.0384406,0.0215955,2.08799,-2.18589,0.11269,0.143434,0.117943,2.42044,-2.11252,0.112831,-0.0300008,6.2171e-08,0.113796,0.000440337,-2.86567e-06,-3.39474e-06,1,3.0154e-05,2.53968e-07,0.027229,0.0366114,0.00105882,-0.000390194,0.00887928,0.00838524,-0.0275817
1.058,0.0669242,0.0407151,2.23536,-2.06024,0.112863,0.165988,0.148668,2.36676,-2.07907,0.112717,0.0395241,0.0222042,1.99628,-2.11403,0.112714,0.147477,0.121268,2.37812,-2.12322,0.11286,-0.0300008,6.2166e-08,0.113822,0.000456458,-3.85166e-06,-3.59834e-06,1,3.96539e-05,-2.33611e-08,0.027226,0.0322409,-0.00197206,-0.000406414,0.00957552,0.00867564,-0.0029809
1.059,0.0687709,0.0418385,2.28127,-2.10306,0.112893,0.170568,0.15277,2.16309,-1.88856,0.112742,0.0406147,0.0228169,2.06521,-2.16609,0.112737,0.151546,0.124614,2.25078,-2.02539,0.112889,-0.0300008,6.21609e-08,0.113848,0.000472513,-5.73972e-06,-3.81229e-06,1,4.4601e-05,-1.18897e-07,0.0269853,0.0321092,-0.0037762,-0.000426315,0.00505696,0.00894778,-0.240649
1.06,0.0706291,0.042969,2.25773,-2.08435,0.112923,0.175177,0.156898,1.92028,-1.6628,0.112766,0.0417122,0.0234334,2.10387,-2.21007,0.11276,0.155641,0.127981,2.08413,-1.88035,0.112917,-0.0300008,6.21556e-08,0.113872,0.000489024,-7.68685e-06,-4.03464e-06,1,4.93418e-05,-1.85791e-07,0.0263105,0.0330226,-0.00389434,-0.000443036,0.0048812,0.00886775,-0.674878
1.061,0.0724987,0.0441063,2.32599,-2.15305,0.112952,0.179814,0.161051,1.8443,-1.59452,0.11279,0.0428164,0.0240536,2.2244,-2.31926,0.112783,0.159761,0.131368,2.04766,-1.84126,0.112945,-0.0300008,6.21502e-08,0.113897,0.000506292,-9.23932e-06,-4.26345e-06,1,5.61671e-05,-2.29755e-07,0.0257238,0.0345373,-0.00310503,-0.000456366,0.0069957,0.00929553,-0.58667
1.062,0.0743792,0.0452503,2.60725,-2.42084,0.11298,0.184478,0.165228,1.68919,-1.45905,0.112813,0.043927,0.0246775,2.60754,-2.79008,0.112806,0.163905,0.134776,1.91128,-1.71774,0.112972,-0.0300008,6.21446e-08,0.113921,0.000520052,-9.47634e-06,-4.49256e-06,1,6.49781e-05,-5.6324e-07,0.0255742,0.0275194,-0.000474149,-0.000458232,0.0089939,0.00971429,-0.149596
1.063,0.0762703,0.0464008,2.59498,-2.44686,0.113008,0.189168,0.169429,1.54982,-1.37225,0.112836,0.0450438,0.0253049,2.32313,-2.39761,0.112828,0.168072,0.138203,1.68777,-1.55382,0.112999,-0.0300008,6.21389e-08,0.113944,0.000535649,-1.0565e-05,-4.73726e-06,1,7.10975e-05,-5.26757e-07,0.0247186,0.0311938,-0.00217745,-0.000488567,0.00630862,0.00962939,-0.855657
1.064,0.0781718,0.0475576,2.70814,-2.55569,0.113035,0.193884,0.173653,1.44418,-1.27425,0.112857,0.0461668,0.0259358,2.61725,-2.59389,0.112849,0.172262,0.141648,1.7352,-1.55816,0.113026,-0.0300008,6.21331e-08,0.113967,0.000551934,-1.10214e-05,-4.99396e-06,1,7.62017e-05,-5.77408e-07,0.0242007,0.0325706,-0.00091298,-0.000513267,0.00530896,0.0102068,-0.517843
1.065,0.0800832,0.0487204,2.75904,-2.64729,0.113062,0.198625,0.177899,1.99496,-1.7204,0.112881,0.0472956,0.0265699,2.45205,-2.48089,0.112871,0.176474,0.145111,1.99286,-1.82758,0.113051,-0.0300008,6.2127e-08,0.11399,0.000564802,-1.35811e-05,-5.25227e-06,1,9.26226e-05,-8.67531e-07,0.0245441,0.0257355,-0.00511955,-0.000514075,0.0166967,0.0111792,0.343334
1.066,0.0820043,0.0498891,2.7347,-2.63459,0.113091,0.203389,0.182166,2.05591,-1.73845,0.112906,0.0484302,0.0272073,2.51116,-2.46838,0.112893,0.180708,0.148592,2.1589,-1.97817,0.113076,-0.0300008,6.21208e-08,0.114014,0.000574885,-1.73907e-05,-5.52275e-06,1,9.99068e-05,-1.09096e-06,0.0251512,0.0201662,-0.00761925,-0.00053692,0.00764651,0.0117538,0.607106
1.067,0.0839348,0.0510636,2.78374,-2.63413,0.113118,0.208178,0.186455,1.06809,-0.856204,0.112928,0.0495704,0.0278477,2.82967,-2.7046,0.112915,0.184962,0.15209,1.73425,-1.52506,0.113103,-0.0300008,6.21144e-08,0.114037,0.000590773,-1.79707e-05,-5.80949e-06,1,9.27192e-05,-8.54892e-07,0.0244389,0.0317747,-0.00116021,-0.000573375,-0.00686081,0.0109856,-0.712295
1.068,0.0858744,0.0522435,2.91525,-2.81924,0.113145,0.212988,0.190763,1.48509,-1.23181,0.11295,0.0507159,0.0284912,2.81071,-2.71656,0.112936,0.189236,0.155605,1.60912,-1.45173,0.113129,-0.0300008,6.21078e-08,0.11406,0.000604587,-1.918e-05,-6.09146e-06,1,0.000108921,-1.07343e-06,0.0242937,0.0276299,-0.00241877,-0.000563011,0.0165726,0.011468,-0.145234
1.069,0.0878229,0.0534289,2.81414,-2.77724,0.113174,0.217821,0.195092,2.45851,-2.19503,0.112977,0.0518666,0.0291377,2.49702,-2.42837,0.112959,0.19353,0.159136,2.2968,-2.15751,0.113154,-0.0300008,6.2101e-08,0.114084,0.000611803,-2.38606e-05,-6.36517e-06,1,0.000136464,-1.43949e-06,0.0257396,0.0144318,-0.00936157,-0.000542034,0.0280802,0.0134069,1.44591
1.07,0.0897799,0.0546195,2.82328,-2.74645,0.113202,0.222675,0.199439,1.27013,-1.11603,0.113002,0.0530224,0.029787,2.76277,-2.61682,0.112981,0.197842,0.162682,1.65455,-1.5399,0.11318,-0.0300008,6.20939e-08,0.114108,0.000622489,-2.74559e-05,-6.66149e-06,1,0.000124977,-1.34502e-06,0.0252833,0.0213705,-0.00719083,-0.000588752,-0.0109735,0.0117396,-0.456324
1.071,0.0917453,0.0558152,2.79311,-2.6991,0.113231,0.227549,0.203805,1.46558,-1.24317,0.113025,0.0541831,0.030439,2.8505,-2.66532,0.113004,0.202173,0.166243,2.03676,-1.88793,0.113207,-0.0300008,6.20866e-08,0.114132,0.000637193,-2.84285e-05,-6.96935e-06,1,0.000135104,-1.23681e-06,0.0255195,0.0294088,-0.00194523,-0.000615303,0.0106982,0.0129113,0.236248
1.072,0.0937187,0.0570157,2.97024,-2.9301,0.113258,0.232444,0.208189,1.07127,-0.936045,0.113049,0.0553486,0.0310937,2.91976,-2.7595,0.113026,0.206522,0.169819,1.13624,-1.08271,0.113233,-0.0300008,6.20792e-08,0.114155,0.000649507,-3.01008e-05,-7.27344e-06,1,0.000139008,-1.46875e-06,0.0246321,0.0246274,-0.00334493,-0.000606769,0.00444075,0.0113586,-0.887421
1.073,0.0957,0.058221,3.05071,-3.00482,0.113284,0.237358,0.21259,0.993654,-0.839641,0.113071,0.0565187,0.0317511,3.06137,-2.86511,0.113048,0.210888,0.173409,1.40145,-1.22875,0.113259,-0.0300008,6.20715e-08,0.114178,0.000663298,-3.0515e-05,-7.58723e-06,1,0.000146814,-1.46904e-06,0.0241415,0.0275835,-0.000828601,-0.000627855,0.00837446,0.012363,-0.49061
1.074,0.0976889,0.059431,3.14747,-3.0718,0.113311,0.242291,0.217008,1.0582,-0.882127,0.113091,0.0576933,0.0324109,3.22654,-2.97557,0.113071,0.215271,0.177012,1.84071,-1.53886,0.113287,-0.0300008,6.20636e-08,0.114201,0.00068105,-2.76155e-05,-7.91177e-06,1,0.000157179,-1.40439e-06,0.0244365,0.0355025,0.00579894,-0.000654025,0.0109232,0.013829,0.295009
1.075,0.0996851,0.0606454,3.17926,-3.16615,0.113336,0.247242,0.221442,0.848987,-0.722409,0.11311,0.0588722,0.0330732,3.24594,-3.01232,0.113094,0.21967,0.18063,1.23665,-1.04938,0.113316,-0.0300008,6.20555e-08,0.114223,0.00069799,-2.3516e-05,-8.2395e-06,1,0.000164838,-1.58112e-06,0.023935,0.0338796,0.00819882,-0.000661968,0.00809649,0.0128178,-0.501524
1.076,0.101688,0.0618642,4.29572,-4.3617,0.113364,0.252211,0.225893,0.649676,-0.587801,0.113131,0.0600554,0.0337378,3.68359,-3.48882,0.113115,0.224084,0.18426,0.909263,-0.802562,0.113344,-0.0300008,6.20471e-08,0.114247,0.000720219,-2.24661e-05,-8.58024e-06,1,0.000180993,-1.49104e-06,0.0246954,0.0444591,0.00209966,-0.000683986,0.0166304,0.0153166,0.760399
1.077,0.103699,0.0630872,3.2005,-3.23143,0.113389,0.257197,0.230358,0.537352,-0.410824,0.11315,0.0612426,0.0344048,3.51368,-3.26651,0.113138,0.228514,0.187902,0.911878,-0.742254,0.113372,-0.0300008,6.20385e-08,0.114269,0.000738694,-1.88688e-05,-8.92407e-06,1,0.000178857,-1.80957e-06,0.0237622,0.036949,0.00719435,-0.000693681,-0.00180113,0.0127958,-0.933177
1.078,0.105716,0.0643143,3.50102,-3.50948,0.113413,0.262199,0.234839,0.466484,-0.334429,0.113168,0.0624339,0.035074,3.70081,-3.42986,0.113161,0.232959,0.191557,0.912378,-0.74925,0.113401,-0.0300008,6.20295e-08,0.114291,0.000756978,-1.30082e-05,-9.27949e-06,1,0.000189099,-1.89965e-06,0.0232958,0.036569,0.011721,-0.000720186,0.0104841,0.0140558,-0.466503
1.079,0.107739,0.0655453,3.61372,-3.66883,0.113436,0.267218,0.239334,0.489962,-0.35832,0.113185,0.0636289,0.0357453,3.74083,-3.48372,0.113184,0.237418,0.195224,0.800345,-0.669283,0.113429,-0.0300008,6.20203e-08,0.114312,0.000774248,-6.00087e-06,-9.64104e-06,1,0.000201935,-2.02942e-06,0.0229438,0.0345397,0.0140144,-0.00073416,0.0129493,0.0145162,-0.351953
1.08,0.109769,0.0667802,3.74611,-3.84374,0.113459,0.272253,0.243843,0.585035,-0.458516,0.113203,0.0648277,0.0364188,3.76563,-3.52929,0.113207,0.241891,0.198902,0.699578,-0.604063,0.113457,-0.0300008,6.20108e-08,0.114334,0.000788942,4.93119e-07,-1.00045e-05,1,0.000215838,-2.17065e-06,0.0228305,0.0293879,0.0129877,-0.000737081,0.0138937,0.0151592,-0.113344
1.081,0.111805,0.0680189,4.16429,-4.37384,0.113483,0.277303,0.248366,1.96324,-1.6579,0.113231,0.0660302,0.0370943,4.13671,-3.93203,0.113235,0.246378,0.202591,1.37051,-1.31385,0.113482,-0.0300008,6.2001e-08,0.114358,0.000781103,1.91663e-06,-1.03552e-05,1,0.000255253,-2.46927e-06,0.0261765,-0.0156773,0.00284632,-0.000703676,0.0393641,0.0202536,3.34596
1.082,0.113847,0.0692611,3.6992,-3.90428,0.113511,0.282367,0.252902,1.00757,-0.923173,0.113258,0.0672361,0.0377718,3.08491,-2.96076,0.11326,0.250878,0.206291,1.01399,-1.01427,0.113507,-0.0300008,6.19908e-08,0.114383,0.000779791,-8.66992e-07,-1.07191e-05,1,0.000247004,-2.35701e-06,0.026345,-0.00262518,-0.00556784,-0.000723599,-0.00823129,0.0156747,0.168531
1.083,0.115895,0.0705069,3.57682,-3.75245,0.113539,0.287446,0.257451,0.770105,-0.663943,0.113286,0.0684455,0.0384511,3.31482,-3.14049,0.113284,0.25539,0.210002,0.858799,-0.83142,0.113532,-0.0300008,6.19803e-08,0.114408,0.000780892,-5.54831e-06,-1.10906e-05,1,0.000245097,-2.37047e-06,0.0261127,0.00220305,-0.00936318,-0.000735644,-0.00180066,0.0149449,-0.232282
1.084,0.117948,0.0717561,3.56501,-3.72962,0.113567,0.292539,0.262012,0.555434,-0.452303,0.113313,0.0696582,0.0391324,3.4442,-3.26062,0.113307,0.259915,0.213722,0.706898,-0.665758,0.113555,-0.0300008,6.19696e-08,0.114432,0.000783427,-1.10278e-05,-1.14685e-05,1,0.000248239,-2.38748e-06,0.0255406,0.00506967,-0.0109595,-0.000747204,0.00334502,0.0144575,-0.572139
1.085,0.120007,0.0730086,3.58659,-3.76909,0.113594,0.297645,0.266586,0.359868,-0.252816,0.113339,0.070874,0.0398154,3.66378,-3.44721,0.11333,0.264452,0.217453,0.59868,-0.538767,0.113579,-0.0300008,6.19586e-08,0.114455,0.000786296,-1.58298e-05,-1.18572e-05,1,0.00025359,-2.41001e-06,0.0248348,0.00573719,-0.0096045,-0.000769985,0.00563907,0.0142948,-0.705794
1.086,0.122071,0.0742643,3.71605,-3.89276,0.113621,0.302764,0.271171,0.199886,-0.0967983,0.113364,0.072093,0.0405002,3.83225,-3.60719,0.113352,0.269,0.221193,0.45051,-0.387634,0.113602,-0.0300008,6.19473e-08,0.114478,0.000790144,-1.96931e-05,-1.22521e-05,1,0.000261013,-2.43088e-06,0.0240749,0.00769651,-0.00772722,-0.000783924,0.00777997,0.014281,-0.759957
1.087,0.12414,0.0755231,3.83007,-4.05845,0.113646,0.307896,0.275767,0.0679374,0.0302029,0.113388,0.073315,0.0411867,3.96474,-3.74399,0.113373,0.27356,0.224942,0.310999,-0.244159,0.113624,-0.0300008,6.19358e-08,0.114499,0.000794464,-2.25941e-05,-1.26551e-05,1,0.000270676,-2.45906e-06,0.023276,0.00864074,-0.00580239,-0.000801495,0.0100694,0.0142902,-0.798855
1.088,0.126214,0.0767849,4.21312,-4.34383,0.113671,0.31304,0.280374,-0.0528417,0.132338,0.113411,0.07454,0.0418748,4.15753,-3.97016,0.113394,0.27813,0.2287,0.131385,-0.0739525,0.113647,-0.0300008,6.1924e-08,0.114521,0.000800649,-2.57673e-05,-1.30548e-05,1,0.000280033,-2.49388e-06,0.0227541,0.0123692,-0.00634698,-0.000794626,0.0098354,0.0148384,-0.521977
1.089,0.128293,0.0780496,4.01999,-4.30138,0.113695,0.318197,0.284993,-0.077905,0.175594,0.113433,0.0757677,0.0425645,4.23195,-4.03534,0.113414,0.282712,0.232467,0.108763,-0.0251754,0.113668,-0.0300008,6.1912e-08,0.114541,0.000805648,-2.79053e-05,-1.34667e-05,1,0.000291608,-2.53517e-06,0.0220555,0.00999941,-0.00427641,-0.000820563,0.0120838,0.0146402,-0.698548
1.09,0.130377,0.0793172,4.99779,-4.95092,0.113721,0.323364,0.289621,-0.104093,0.161243,0.113455,0.0769983,0.0432558,4.59406,-4.4378,0.113434,0.287303,0.236243,0.0553046,-0.011644,0.113691,-0.0300008,6.18996e-08,0.114562,0.000815299,-3.22075e-05,-1.38674e-05,1,0.000304243,-2.58468e-06,0.0227334,0.0193012,-0.00860482,-0.000795028,0.0133105,0.0170525,0.677818
1.091,0.132465,0.0805875,4.57319,-4.5392,0.113747,0.328543,0.29426,-0.0437401,0.170894,0.113477,0.0782315,0.0439486,4.73179,-4.48613,0.113455,0.291905,0.240026,0.6281,-0.440255,0.113717,-0.0300008,6.18868e-08,0.114585,0.000829114,-3.29927e-05,-1.42925e-05,1,0.000314224,-2.73445e-06,0.023687,0.0276306,-0.00157074,-0.000849863,0.0106902,0.0176992,0.953578
1.092,0.134557,0.0818605,4.55426,-4.39005,0.113774,0.333733,0.298908,0.0323343,0.148019,0.113496,0.0794672,0.0446428,4.78311,-4.52508,0.113479,0.296516,0.243818,1.26968,-0.979308,0.113749,-0.0300008,6.18737e-08,0.114609,0.000855039,-2.65894e-05,-1.47401e-05,1,0.000327714,-3.05688e-06,0.0254214,0.0518483,0.0128065,-0.000907562,0.0141039,0.0194203,1.73439
1.093,0.136654,0.0831361,4.25717,-4.23741,0.1138,0.338934,0.303566,-0.0630046,0.183052,0.113514,0.0807055,0.0453385,4.56849,-4.37874,0.113505,0.301136,0.247617,0.379632,-0.283579,0.113782,-0.0300008,6.18602e-08,0.114633,0.000879669,-1.68647e-05,-1.5177e-05,1,0.00033329,-3.30251e-06,0.0255804,0.0492612,0.0194495,-0.000891692,0.00591188,0.0172934,0.159024
1.094,0.138755,0.0844142,4.52567,-4.49898,0.113825,0.344144,0.308232,-0.108229,0.178891,0.113532,0.0819463,0.0460355,4.53138,-4.38591,0.113531,0.305766,0.251424,-0.00507676,0.0503428,0.113815,-0.0300008,6.18463e-08,0.114657,0.000902475,-7.39009e-06,-1.5609e-05,1,0.000343217,-3.41621e-06,0.0255764,0.0456107,0.0189491,-0.000881481,0.0100714,0.0175859,-0.00399238
1.095,0.14086,0.0856948,4.61007,-4.58112,0.113851,0.349365,0.312908,-0.118578,0.174681,0.113551,0.0831894,0.0467339,4.53257,-4.4213,0.113556,0.310404,0.255238,-0.0774018,0.124568,0.113847,-0.0300008,6.1832e-08,0.114681,0.000923738,1.07036e-06,-1.60461e-05,1,0.000354424,-3.50834e-06,0.0255969,0.0425253,0.0169208,-0.000889766,0.0111857,0.0180698,0.020476
1.096,0.142969,0.0869777,4.77038,-4.70144,0.113878,0.354595,0.317593,-0.128152,0.173772,0.11357,0.0844348,0.0474335,4.60396,-4.50401,0.113582,0.315051,0.259059,-0.100722,0.142489,0.113879,-0.0300008,6.18173e-08,0.114705,0.000943653,7.9855e-06,-1.64914e-05,1,0.000365438,-3.58498e-06,0.0258443,0.039831,0.0138301,-0.000903234,0.0108527,0.0189051,0.247388
1.097,0.145081,0.0882629,4.7632,-4.67939,0.113905,0.359835,0.322285,-0.127233,0.171904,0.113591,0.0856824,0.0481344,4.60402,-4.53037,0.113607,0.319706,0.262887,-0.101922,0.143774,0.11391,-0.0300008,6.18023e-08,0.11473,0.000962347,1.34603e-05,-1.6944e-05,1,0.000375917,-3.66322e-06,0.02609,0.0373867,0.0109493,-0.000915323,0.0102085,0.0192762,0.245689
1.098,0.147197,0.0895503,4.70276,-4.62402,0.113932,0.365084,0.326986,-0.128242,0.175337,0.113613,0.0869322,0.0488365,4.61293,-4.52854,0.113633,0.32437,0.266721,-0.0959881,0.140874,0.113941,-0.0300008,6.17868e-08,0.114754,0.000978738,1.78693e-05,-1.74073e-05,1,0.000385507,-3.6912e-06,0.0262809,0.0327824,0.00881766,-0.000934572,0.00923199,0.0195487,0.190824
1.099,0.149317,0.0908399,5.47635,-5.36779,0.113962,0.370341,0.331695,-0.160566,0.163273,0.113638,0.0881841,0.0495398,4.7661,-4.73606,0.113658,0.329041,0.270562,-0.133227,0.132693,0.113971,-0.0300008,6.17708e-08,0.11478,0.000996885,1.7952e-05,-1.78828e-05,1,0.000402018,-3.80579e-06,0.0275196,0.0362935,0.000165137,-0.000950558,0.0161141,0.0219147,1.23873
1.1,0.15144,0.0921316,4.46803,-4.35815,0.113992,0.375607,0.336412,-0.127391,0.181942,0.113663,0.089438,0.0502442,4.52483,-4.47826,0.113683,0.33372,0.274409,-0.0794468,0.132274,0.114001,-0.0300008,6.17544e-08,0.114806,0.00101003,1.80094e-05,-1.83561e-05,0.999999,0.000402983,-3.77792e-06,0.0273562,0.0262833,0.000114344,-0.000946226,0.000617509,0.0195143,-0.16341
1.101,0.153567,0.0934253,4.62652,-4.46614,0.114021,0.380881,0.341136,-0.12595,0.170568,0.113689,0.0906939,0.0509497,4.52194,-4.48405,0.113708,0.338406,0.278263,-0.0958689,0.135694,0.11403,-0.0300009,6.17374e-08,0.114832,0.00102096,1.70734e-05,-1.88355e-05,0.999999,0.00041358,-3.726e-06,0.0273728,0.0218745,-0.00187252,-0.000956526,0.0102612,0.0201174,0.0165558
1.102,0.155697,0.094721,4.71925,-4.5368,0.114051,0.386164,0.345867,-0.128956,0.165085,0.113716,0.0919517,0.0516563,4.5245,-4.50659,0.113733,0.343099,0.282122,-0.103257,0.135456,0.114058,-0.0300009,6.17201e-08,0.114858,0.00103066,1.46997e-05,-1.93215e-05,0.999999,0.000424666,-3.71359e-06,0.0274996,0.0193915,-0.00474817,-0.000966928,0.0107939,0.0204957,0.12678
1.103,0.15783,0.0960185,4.61741,-4.4493,0.114081,0.391454,0.350605,-0.127122,0.164252,0.113744,0.0932114,0.0523639,4.45912,-4.45904,0.113758,0.347799,0.285987,-0.0992994,0.133231,0.114085,-0.0300009,6.17023e-08,0.114884,0.00103865,1.1141e-05,-1.98145e-05,0.999999,0.000434593,-3.681e-06,0.0274578,0.0159788,-0.00711809,-0.000978371,0.00970869,0.0203243,-0.0418594
1.104,0.159966,0.097318,4.55574,-4.39476,0.114111,0.396751,0.355349,-0.126008,0.164189,0.113772,0.0944729,0.0530726,4.429,-4.43856,0.113782,0.352506,0.289857,-0.0967418,0.131815,0.114111,-0.0300009,6.1684e-08,0.11491,0.00104457,6.59275e-06,-2.03144e-05,0.999999,0.000444437,-3.6074e-06,0.0273274,0.0118511,-0.00909725,-0.000990162,0.00971575,0.0202961,-0.130403
1.105,0.162104,0.0986192,4.82687,-4.61905,0.114143,0.402056,0.360101,-0.131945,0.156795,0.113801,0.0957361,0.0537822,4.53168,-4.55248,0.113806,0.357219,0.293733,-0.114174,0.134958,0.114137,-0.0300009,6.16654e-08,0.114936,0.00105061,1.1389e-07,-2.082e-05,0.999999,0.000455939,-3.62158e-06,0.0276064,0.0120738,-0.0129585,-0.000997566,0.0114996,0.0211855,0.27898
1.106,0.164246,0.0999222,4.71453,-4.54327,0.114174,0.407369,0.364859,-0.130404,0.160576,0.113831,0.0970009,0.0544928,4.52601,-4.55676,0.11383,0.361939,0.297613,-0.10656,0.13425,0.114163,-0.0300009,6.16463e-08,0.114962,0.0010555,-7.67822e-06,-2.13324e-05,0.999999,0.000465507,-3.59119e-06,0.0277697,0.00978372,-0.0155851,-0.00100854,0.00972019,0.0210844,0.16328
1.107,0.166391,0.101227,4.68926,-4.53761,0.114206,0.412687,0.369622,-0.12942,0.161327,0.113862,0.0982675,0.0552043,4.54213,-4.57112,0.113854,0.366665,0.301499,-0.10559,0.134747,0.114188,-0.0300009,6.16268e-08,0.114989,0.00105903,-1.65931e-05,-2.1852e-05,0.999999,0.000475218,-3.5261e-06,0.0279344,0.00705144,-0.0178307,-0.00102043,0.0100418,0.0211924,0.164673
1.108,0.168538,0.102533,5.2957,-5.09577,0.114237,0.418013,0.374392,-0.18111,0.247882,0.113897,0.0995356,0.0559167,5.70195,-5.71567,0.113884,0.371397,0.30539,-0.0570475,0.131244,0.114213,-0.0300009,6.16068e-08,0.115017,0.0010473,-2.31863e-05,-2.23823e-05,0.999999,0.000487785,-2.43508e-06,0.0299912,-0.0234533,-0.013188,-0.00104624,0.0131169,0.0259472,2.05679
1.109,0.170688,0.103841,5.03897,-4.90293,0.114272,0.423345,0.379168,-0.113757,0.105517,0.113932,0.100805,0.0566299,4.16949,-4.30324,0.113909,0.376134,0.309286,-0.17241,0.143979,0.114239,-0.0300009,6.15863e-08,0.115046,0.00104672,-3.50631e-05,-2.29082e-05,0.999999,0.000499392,-3.15795e-06,0.0301916,-0.00115636,-0.0237548,-0.00102689,0.0123086,0.0202343,0.200336
1.11,0.17284,0.10515,4.59094,-4.49092,0.114308,0.428684,0.383949,-0.127058,0.137252,0.113967,0.102076,0.057344,4.25542,-4.33785,0.113933,0.380877,0.313186,-0.118007,0.130598,0.114263,-0.0300009,6.15655e-08,0.115074,0.00104753,-4.90326e-05,-2.34394e-05,0.999999,0.000504062,-3.31693e-06,0.0299988,0.00162256,-0.02794,-0.00103313,0.00561286,0.0199901,-0.192767
1.111,0.174995,0.106461,4.47056,-4.38895,0.114344,0.434028,0.388736,-0.125879,0.150415,0.114003,0.103349,0.058059,4.31791,-4.38442,0.113957,0.385626,0.31709,-0.103791,0.128372,0.114287,-0.0300009,6.15442e-08,0.115102,0.00104725,-6.41181e-05,-2.39768e-05,0.999999,0.000512212,-3.24157e-06,0.0297436,-0.000569109,-0.030172,-0.00104325,0.00937465,0.0200882,-0.255259
1.112,0.177152,0.107774,4.51545,-4.43166,0.114379,0.439379,0.393528,-0.126747,0.150951,0.114039,0.104623,0.0587747,4.34258,-4.42055,0.11398,0.39038,0.320999,-0.105917,0.128238,0.11431,-0.0300009,6.15225e-08,0.11513,0.00104603,-8.04259e-05,-2.45189e-05,0.999999,0.000522424,-3.15101e-06,0.0295735,-0.00243493,-0.0326168,-0.00104991,0.0117621,0.0202584,-0.170082
1.113,0.179312,0.109088,4.4613,-4.39859,0.114415,0.444735,0.398326,-0.123643,0.148054,0.114076,0.105899,0.0594912,4.28545,-4.40182,0.114003,0.395139,0.324912,-0.106572,0.128592,0.114332,-0.0300009,6.15004e-08,0.115158,0.00104419,-9.79052e-05,-2.50639e-05,0.999999,0.00053272,-3.08544e-06,0.0293062,-0.00368395,-0.0349599,-0.00105305,0.0121645,0.0199949,-0.267302
1.114,0.181474,0.110403,4.55099,-4.48269,0.114452,0.450097,0.403128,-0.12568,0.147384,0.114113,0.107175,0.0602084,4.36066,-4.48054,0.114025,0.399902,0.328829,-0.111193,0.13084,0.114353,-0.0300009,6.1478e-08,0.115186,0.0010421,-0.000116656,-2.56136e-05,0.999999,0.000543004,-3.03863e-06,0.0292267,-0.004184,-0.0375023,-0.0010598,0.0125531,0.0203275,-0.0795632
1.115,0.183638,0.111719,4.53623,-4.47982,0.114488,0.455464,0.407935,-0.125804,0.148504,0.11415,0.108453,0.0609263,4.36721,-4.50975,0.114046,0.404671,0.332751,-0.109639,0.130862,0.114374,-0.0300009,6.14552e-08,0.115214,0.0010394,-0.00013651,-2.61671e-05,0.999999,0.000552852,-2.9674e-06,0.0291526,-0.00538296,-0.0397087,-0.00106513,0.0125056,0.0203108,-0.0741506
1.116,0.185804,0.113037,4.46183,-4.42786,0.114525,0.460836,0.412747,-0.124858,0.150474,0.114188,0.109733,0.061645,4.34182,-4.49339,0.114068,0.409444,0.336675,-0.104867,0.129357,0.114394,-0.0300009,6.1432e-08,0.115241,0.0010354,-0.000157174,-2.67256e-05,0.999999,0.000562066,-2.82753e-06,0.028983,-0.00801368,-0.0413313,-0.00107291,0.0122446,0.0201037,-0.169617
1.117,0.187972,0.114356,4.50976,-4.47936,0.114562,0.466214,0.417563,-0.125422,0.151803,0.114227,0.111013,0.0623643,4.42345,-4.56035,0.114089,0.414222,0.340604,-0.106715,0.131673,0.114414,-0.0300009,6.14085e-08,0.115269,0.00103006,-0.000178537,-2.72899e-05,0.999999,0.00057165,-2.6631e-06,0.0289574,-0.0106807,-0.0427273,-0.00108262,0.0130773,0.020322,-0.0255959
1.118,0.190142,0.115676,4.47912,-4.46904,0.114598,0.471596,0.422384,-0.12527,0.154078,0.114265,0.112295,0.0630843,4.44579,-4.57379,0.11411,0.419004,0.344536,-0.103816,0.131654,0.114433,-0.0300009,6.13846e-08,0.115296,0.00102282,-0.000200347,-2.78598e-05,0.999999,0.000580938,-2.43633e-06,0.0289286,-0.0144719,-0.0436197,-0.00109234,0.0132063,0.020236,-0.0288717
1.119,0.192314,0.116998,4.38976,-4.40994,0.114634,0.476983,0.427209,-0.121664,0.146028,0.114304,0.113577,0.0638049,4.27137,-4.45527,0.114131,0.423791,0.348472,-0.106253,0.128745,0.114451,-0.0300009,6.13604e-08,0.115323,0.00101469,-0.000222965,-2.84318e-05,0.999999,0.00059106,-2.2966e-06,0.028648,-0.0162518,-0.0452391,-0.00109435,0.014371,0.0194792,-0.280636
1.12,0.194488,0.11832,4.45174,-4.47284,0.114671,0.482375,0.432038,-0.122858,0.1437,0.114344,0.114861,0.0645262,4.30874,-4.50736,0.114152,0.428581,0.352411,-0.11086,0.130366,0.114469,-0.0300009,6.13358e-08,0.11535,0.00100618,-0.000246519,-2.90071e-05,0.999999,0.000601217,-2.19383e-06,0.0284922,-0.0170268,-0.047109,-0.00109917,0.0149167,0.0195312,-0.155811
1.121,0.196664,0.119644,4.39463,-4.43594,0.114707,0.487772,0.436871,-0.122667,0.145873,0.114383,0.116146,0.065248,4.29898,-4.50678,0.114172,0.433376,0.356354,-0.106385,0.129252,0.114486,-0.0300009,6.1311e-08,0.115377,0.000996538,-0.00027072,-2.95867e-05,0.999999,0.000610348,-2.018e-06,0.0282753,-0.0192812,-0.0484045,-0.00110567,0.0143246,0.0192964,-0.216869
1.122,0.198841,0.120969,4.38509,-4.44019,0.114744,0.493172,0.441708,-0.121765,0.144989,0.114423,0.117432,0.0659704,4.29417,-4.51328,0.114192,0.438174,0.360299,-0.107112,0.129581,0.114502,-0.0300009,6.12858e-08,0.115403,0.000985888,-0.000295544,-3.01703e-05,0.999999,0.000619863,-1.8396e-06,0.0280573,-0.0212992,-0.0496485,-0.00111188,0.0151837,0.0190924,-0.218018
1.123,0.201021,0.122294,4.38209,-4.45056,0.11478,0.498577,0.446549,-0.12105,0.144181,0.114463,0.118719,0.0666934,4.30028,-4.53065,0.114211,0.442977,0.364248,-0.107955,0.130422,0.114518,-0.0300009,6.12603e-08,0.11543,0.000974329,-0.000320939,-3.07577e-05,0.999999,0.000629433,-1.66359e-06,0.0278567,-0.0231159,-0.0507924,-0.00111791,0.0157372,0.0189021,-0.200647
1.124,0.203202,0.123621,4.39269,-4.47287,0.114816,0.503986,0.451394,-0.121064,0.145145,0.114503,0.120007,0.067417,4.34448,-4.56919,0.114231,0.447782,0.3682,-0.108007,0.131774,0.114533,-0.0300009,6.12346e-08,0.115456,0.000961707,-0.000346763,-3.13498e-05,0.999999,0.000638787,-1.46114e-06,0.027723,-0.0252437,-0.0516499,-0.00112584,0.0160645,0.0188147,-0.133711
1.125,0.205384,0.124949,4.41695,-4.50668,0.114852,0.5094,0.456242,-0.120243,0.142662,0.114543,0.121296,0.0681411,4.3535,-4.58822,0.11425,0.452592,0.372154,-0.11153,0.133335,0.114548,-0.0300009,6.12085e-08,0.115482,0.000948574,-0.000373121,-3.19456e-05,0.999999,0.000648492,-1.31468e-06,0.0276388,-0.0262647,-0.0527175,-0.00113189,0.0169619,0.0185984,-0.0843033
1.126,0.207568,0.126278,4.43161,-4.53221,0.114888,0.514816,0.461094,-0.122427,0.147545,0.114584,0.122586,0.0688657,4.43851,-4.65058,0.114269,0.457405,0.376112,-0.108037,0.133798,0.114563,-0.0300009,6.11821e-08,0.115508,0.000933993,-0.000399684,-3.25471e-05,0.999999,0.000657537,-1.05143e-06,0.0276631,-0.0291605,-0.0531286,-0.0011417,0.0169054,0.0186345,0.0243443
1.127,0.209754,0.127607,4.43474,-4.55039,0.114924,0.520237,0.465949,-0.121931,0.147055,0.114625,0.123877,0.0695908,4.44753,-4.65699,0.114289,0.462221,0.380072,-0.109045,0.134172,0.114577,-0.0300009,6.11555e-08,0.115535,0.0009181,-0.000426465,-3.3153e-05,0.999999,0.000666922,-7.90464e-07,0.0277098,-0.0317847,-0.0535629,-0.00114907,0.0177918,0.0183606,0.0466274
1.128,0.211941,0.128938,4.3573,-4.49377,0.11496,0.525661,0.470807,-0.116754,0.136476,0.114666,0.125169,0.0703163,4.27264,-4.53802,0.114308,0.46704,0.384035,-0.114484,0.133099,0.114591,-0.0300009,6.11286e-08,0.115561,0.000902489,-0.000453913,-3.37592e-05,0.999999,0.000676627,-7.28258e-07,0.027514,-0.0312205,-0.0548995,-0.00114866,0.0184329,0.0174166,-0.195811
1.129,0.214129,0.130269,4.32817,-4.47532,0.114995,0.531089,0.475668,-0.119115,0.142013,0.114707,0.126461,0.0710424,4.33268,-4.57605,0.114327,0.471863,0.388,-0.107851,0.132072,0.114605,-0.0300009,6.11015e-08,0.115586,0.000885764,-0.000481565,-3.43704e-05,0.999999,0.000685271,-4.86488e-07,0.0273535,-0.0334487,-0.0553063,-0.00115719,0.0179366,0.017337,-0.160532
1.13,0.216319,0.131601,5.00008,-5.11498,0.11503,0.53652,0.480533,-0.162248,0.211921,0.114751,0.127754,0.0717689,5.39181,-5.72458,0.114351,0.476688,0.391968,-0.0754885,0.134942,0.11462,-0.0300009,6.1074e-08,0.115614,0.000857059,-0.000506742,-3.49877e-05,1,0.000701902,1.28327e-06,0.0291124,-0.0574087,-0.0503574,-0.00116242,0.0283548,0.0216013,1.75886
1.131,0.21851,0.132934,4.37605,-4.59586,0.115067,0.541955,0.4854,-0.101923,0.101478,0.114794,0.129048,0.0724959,3.87805,-4.20386,0.114371,0.481517,0.395939,-0.149399,0.133366,0.114633,-0.0300009,6.10463e-08,0.115641,0.000836144,-0.000535069,-3.56052e-05,1,0.000705641,3.71908e-07,0.0285722,-0.0418292,-0.0566562,-0.00116524,0.0136583,0.0145913,-0.540231
1.132,0.220703,0.134268,3.82247,-3.89342,0.115103,0.547393,0.49027,0.0570254,0.0921062,0.114832,0.130343,0.0732233,4.10481,-4.25952,0.114393,0.486348,0.399911,1.15703,-0.95162,0.114655,-0.0300009,6.10183e-08,0.115669,0.000831636,-0.000554671,-3.62942e-05,0.999999,0.000728726,-1.7828e-06,0.029357,-0.00901581,-0.0392043,-0.00134048,0.0348378,0.0154701,0.784785
1.133,0.222896,0.135603,3.84764,-3.99342,0.115138,0.552834,0.495144,-0.0878222,0.124195,0.114868,0.131639,0.0739511,3.92527,-4.2116,0.114415,0.491182,0.403886,-0.00401739,-0.0617287,0.114675,-0.0300009,6.099e-08,0.115696,0.000827388,-0.000572957,-3.69212e-05,0.999999,0.000719824,-1.92084e-06,0.0284544,-0.00849427,-0.0365745,-0.00121876,0.00130501,0.0146014,-0.902635
1.134,0.225091,0.136938,4.03504,-4.20498,0.115172,0.558278,0.500019,-0.111096,0.143886,0.114904,0.132935,0.0746793,4.21593,-4.38532,0.114437,0.496019,0.407863,-0.0576074,0.0736869,0.114695,-0.0300009,6.09616e-08,0.115723,0.000820195,-0.000590338,-3.75526e-05,0.999999,0.000726402,-1.45984e-06,0.0279143,-0.0143858,-0.0347626,-0.00122583,0.017522,0.0156681,-0.54009
1.135,0.227287,0.138274,4.5476,-4.73351,0.115204,0.563725,0.504898,-0.144191,0.193912,0.114942,0.134232,0.0754079,4.91911,-5.28573,0.114463,0.500859,0.411843,-0.0560591,0.110335,0.114715,-0.0300009,6.09328e-08,0.11575,0.000802373,-0.000605257,-3.81856e-05,0.999999,0.000744892,2.18932e-07,0.0287444,-0.0356429,-0.0298406,-0.00122046,0.0313685,0.0187549,0.830042
1.136,0.229485,0.139611,4.07641,-4.3567,0.115237,0.569174,0.509779,-0.096822,0.0989151,0.114978,0.13553,0.0761369,3.69145,-3.99105,0.114485,0.505701,0.415824,-0.137479,0.127123,0.114733,-0.0300009,6.09038e-08,0.115776,0.000791151,-0.000622803,-3.88246e-05,0.999999,0.00074939,-6.78409e-07,0.0277104,-0.0224444,-0.0350941,-0.00123634,0.0154297,0.0129899,-1.03408
1.137,0.231683,0.140948,4.01388,-4.27357,0.115269,0.574627,0.514662,-0.110521,0.114335,0.115014,0.136828,0.0768662,3.89377,-4.12991,0.114506,0.510545,0.419808,-0.113865,0.124844,0.114751,-0.0300009,6.08745e-08,0.115801,0.00078156,-0.000641457,-3.94694e-05,0.999999,0.000756909,-8.84974e-07,0.0268158,-0.019181,-0.0373099,-0.00124811,0.0189559,0.0137305,-0.894573
1.138,0.233883,0.142286,4.00419,-4.26323,0.115301,0.580082,0.519548,-0.109637,0.122479,0.115049,0.138127,0.0775959,3.993,-4.23557,0.114526,0.515392,0.423793,-0.108161,0.126339,0.114768,-0.0300009,6.0845e-08,0.115826,0.000772329,-0.000660603,-4.01181e-05,0.999999,0.00076672,-8.8578e-07,0.02602,-0.0184611,-0.0382934,-0.00125566,0.0217204,0.0139243,-0.795825
1.139,0.236083,0.143625,4.08356,-4.34831,0.115333,0.58554,0.524437,-0.112628,0.130658,0.115084,0.139427,0.078326,4.16537,-4.36401,0.114545,0.520241,0.42778,-0.105618,0.128271,0.114784,-0.0300009,6.08152e-08,0.11585,0.000762368,-0.000679857,-4.07753e-05,0.999999,0.000776802,-7.07146e-07,0.0254914,-0.0199218,-0.0385109,-0.00127139,0.0227014,0.0143316,-0.528614
1.14,0.238285,0.144964,4.26151,-4.49557,0.115364,0.591,0.529327,-0.119682,0.135194,0.115119,0.140727,0.0790564,4.32491,-4.48667,0.114564,0.525092,0.431769,-0.108882,0.128219,0.1148,-0.0300009,6.07852e-08,0.115874,0.000751419,-0.000699429,-4.144e-05,0.999999,0.000787188,-4.73467e-07,0.0253198,-0.0218976,-0.0391447,-0.00128473,0.0238677,0.0147199,-0.171692
1.141,0.240487,0.146304,4.28024,-4.52285,0.115396,0.596463,0.53422,-0.119414,0.135731,0.115154,0.142028,0.0797871,4.35758,-4.51287,0.114584,0.529946,0.43576,-0.109864,0.128849,0.114815,-0.0300009,6.0755e-08,0.115898,0.000739524,-0.00071929,-4.21093e-05,0.999999,0.000796864,-2.46379e-07,0.0252089,-0.0237898,-0.0397237,-0.0012921,0.0236287,0.0145739,-0.110908
1.142,0.242691,0.147645,4.27778,-4.52664,0.115427,0.601928,0.539115,-0.119472,0.136457,0.115189,0.143329,0.0805182,4.37717,-4.52261,0.114603,0.534802,0.439753,-0.10912,0.12871,0.11483,-0.0300009,6.07245e-08,0.115921,0.000726489,-0.000739361,-4.27828e-05,0.999999,0.000806102,2.02348e-08,0.0251211,-0.0260689,-0.0401442,-0.0012985,0.0236133,0.0143941,-0.0878386
1.143,0.244895,0.148986,4.31522,-4.56886,0.115458,0.607395,0.544011,-0.120731,0.138337,0.115225,0.144631,0.0812495,4.44999,-4.56418,0.114622,0.539659,0.443747,-0.109306,0.1295,0.114845,-0.0300009,6.06938e-08,0.115945,0.000712075,-0.000759554,-4.34617e-05,0.999999,0.000815361,3.40395e-07,0.0251523,-0.0288261,-0.0403888,-0.00130725,0.0242083,0.014337,0.0312042
1.144,0.2471,0.150327,4.32155,-4.58385,0.115489,0.612865,0.54891,-0.120687,0.136301,0.115261,0.145933,0.0819812,4.43615,-4.54438,0.114642,0.544519,0.447743,-0.111129,0.128824,0.11486,-0.0300009,6.06629e-08,0.115969,0.000696634,-0.000780031,-4.41446e-05,0.999999,0.000824651,6.10487e-07,0.0251831,-0.0308814,-0.0409567,-0.00131314,0.0246414,0.0139823,0.0307125
1.145,0.249306,0.151669,4.29734,-4.56574,0.11552,0.618337,0.553811,-0.119261,0.132621,0.115297,0.147236,0.0827131,4.38618,-4.50255,0.114661,0.549381,0.451741,-0.112946,0.128139,0.114874,-0.0300009,6.06317e-08,0.115993,0.000680675,-0.000800943,-4.48297e-05,0.999999,0.000833721,7.96038e-07,0.0251444,-0.0319174,-0.0418251,-0.00131614,0.0247217,0.0134892,-0.0387259
1.146,0.251514,0.153012,4.41859,-4.64968,0.115551,0.623811,0.558714,-0.120848,0.133266,0.115333,0.14854,0.0834453,4.53753,-4.6117,0.114681,0.554244,0.45574,-0.117902,0.132466,0.114888,-0.0300009,6.06003e-08,0.116017,0.000664535,-0.000822272,-4.55183e-05,0.999999,0.000842882,9.2813e-07,0.0253896,-0.0322795,-0.0426605,-0.00132234,0.0256965,0.0134978,0.245203
1.147,0.253721,0.154355,4.37536,-4.60943,0.115583,0.629287,0.563618,-0.118903,0.131212,0.11537,0.149844,0.0841778,4.4924,-4.57272,0.1147,0.559109,0.459741,-0.117428,0.132082,0.114902,-0.0300009,6.05687e-08,0.116041,0.0006484,-0.000844035,-4.62089e-05,0.999999,0.000851519,1.01934e-06,0.0255435,-0.0322699,-0.0435284,-0.00132577,0.0254562,0.0130139,0.15385
1.148,0.25593,0.155699,4.33352,-4.56961,0.115615,0.634765,0.568525,-0.117162,0.129374,0.115407,0.151148,0.0849106,4.45502,-4.53998,0.114719,0.563976,0.463743,-0.116928,0.131598,0.114917,-0.0300009,6.05369e-08,0.116065,0.000632383,-0.000866209,-4.69017e-05,0.999999,0.000860179,1.08879e-06,0.0256186,-0.0320328,-0.0443504,-0.00132984,0.0257847,0.0125734,0.0750651
1.149,0.258139,0.157043,4.32911,-4.56714,0.115647,0.640244,0.573433,-0.117863,0.132208,0.115444,0.152453,0.0856436,4.50655,-4.56381,0.114739,0.568845,0.467746,-0.114087,0.131612,0.114931,-0.0300009,6.05048e-08,0.116089,0.000615839,-0.000888558,-4.75993e-05,0.999999,0.000868823,1.28009e-06,0.0257426,-0.0330866,-0.0447003,-0.00133812,0.0262978,0.0124283,0.12389
1.15,0.26035,0.158388,4.2513,-4.47456,0.115679,0.645726,0.578342,-0.0829594,0.12669,0.115481,0.153758,0.0863768,4.52086,-4.54022,0.114759,0.573716,0.471751,0.123068,-0.0725773,0.114946,-0.0300009,6.04726e-08,0.116114,0.000601989,-0.000909109,-4.83174e-05,0.999999,0.000882387,8.69001e-07,0.0261487,-0.0276984,-0.0411055,-0.00138643,0.0321377,0.0118912,0.406075
1.151,0.262561,0.159733,4.35579,-4.58965,0.115712,0.65121,0.583254,-0.113417,0.124461,0.115518,0.155064,0.0871104,4.49757,-4.54769,0.114779,0.578588,0.475757,-0.12301,0.110134,0.114962,-0.0300009,6.04401e-08,0.116139,0.000589193,-0.000930045,-4.90218e-05,0.999999,0.000887446,7.24464e-07,0.0263232,-0.0255922,-0.041873,-0.00136024,0.0236315,0.0116225,0.174495
1.152,0.264772,0.161078,4.24241,-4.50555,0.115744,0.656695,0.588166,-0.11717,0.131251,0.115555,0.15637,0.0878441,4.45143,-4.4902,0.114799,0.583461,0.479764,-0.110906,0.126515,0.114978,-0.0300009,6.04076e-08,0.116164,0.000575353,-0.000951051,-4.97293e-05,0.999999,0.000894687,9.94204e-07,0.02631,-0.0276801,-0.0420154,-0.00136459,0.0258744,0.0115445,-0.013255
1.153,0.266984,0.162424,4.16816,-4.45272,0.115776,0.662182,0.593081,-0.113691,0.130647,0.115592,0.157677,0.0885781,4.41076,-4.43589,0.114819,0.588336,0.483773,-0.107958,0.127879,0.114993,-0.0300009,6.03748e-08,0.116189,0.000560468,-0.000972013,-5.04415e-05,0.999999,0.000903145,1.283e-06,0.0261765,-0.0297681,-0.0419249,-0.00137194,0.0272686,0.0111373,-0.133531
1.154,0.269197,0.16377,4.30179,-4.5722,0.115809,0.667671,0.597997,-0.118037,0.125963,0.115629,0.158983,0.0893122,4.43547,-4.4572,0.114839,0.593213,0.487783,-0.11624,0.127027,0.115009,-0.0300009,6.03419e-08,0.116214,0.000545693,-0.000993596,-5.11594e-05,0.999999,0.000913542,1.35552e-06,0.0262292,-0.0295495,-0.0431694,-0.00138284,0.0299952,0.0108386,0.0526531
1.155,0.271411,0.165117,4.19833,-4.5018,0.115841,0.673161,0.602914,-0.116342,0.13133,0.115666,0.160291,0.0900466,4.46316,-4.44608,0.114859,0.598091,0.491794,-0.107499,0.126685,0.115024,-0.0300009,6.03088e-08,0.116238,0.000529565,-0.00101516,-5.18827e-05,0.999999,0.000921389,1.71195e-06,0.0261943,-0.0322553,-0.0431304,-0.00139092,0.0276934,0.0107113,-0.0349982
1.156,0.273625,0.166464,4.22423,-4.53426,0.115873,0.678653,0.607833,-0.113994,0.126518,0.115704,0.161598,0.0907812,4.45658,-4.42948,0.11488,0.60297,0.495806,-0.113599,0.128348,0.115038,-0.0300009,6.02756e-08,0.116263,0.000513266,-0.00103699,-5.26098e-05,0.999999,0.000930658,1.84432e-06,0.0261897,-0.0325965,-0.0436674,-0.00139813,0.0296048,0.0102,-0.00459281
1.157,0.27584,0.167811,4.08002,-4.41856,0.115905,0.684146,0.612753,-0.111905,0.128252,0.115741,0.162907,0.0915161,4.38226,-4.33962,0.1149,0.607851,0.499819,-0.105135,0.12535,0.115053,-0.0300009,6.02421e-08,0.116288,0.000495728,-0.00105872,-5.33406e-05,0.999999,0.000938201,2.193e-06,0.0259469,-0.0350762,-0.0434497,-0.00140294,0.0277999,0.00983598,-0.242813
1.158,0.278055,0.169159,4.05565,-4.40813,0.115937,0.689641,0.617674,-0.109419,0.121896,0.115778,0.164215,0.0922511,4.29817,-4.26705,0.114919,0.612733,0.503834,-0.109756,0.124455,0.115067,-0.0300009,6.02086e-08,0.116312,0.000478088,-0.00108069,-5.40743e-05,0.999999,0.000947335,2.31789e-06,0.0256033,-0.0352794,-0.0439475,-0.00140813,0.0295945,0.00917842,-0.343734
1.159,0.280271,0.170507,4.10266,-4.45824,0.115968,0.695137,0.622597,-0.109755,0.119777,0.115816,0.165524,0.0929862,4.34134,-4.30083,0.114938,0.617616,0.507849,-0.113349,0.126263,0.115081,-0.0300009,6.01749e-08,0.116336,0.000460836,-0.00110301,-5.48115e-05,0.999999,0.000956832,2.33413e-06,0.0253682,-0.0345028,-0.0446359,-0.00141582,0.0306188,0.0088434,-0.2351
1.16,0.282488,0.171856,4.14619,-4.50421,0.116,0.700634,0.62752,-0.11098,0.119777,0.115853,0.166833,0.0937216,4.38715,-4.33869,0.114957,0.6225,0.511865,-0.114674,0.127047,0.115094,-0.0300009,6.0141e-08,0.11636,0.00044404,-0.00112571,-5.55526e-05,0.999999,0.000966065,2.32909e-06,0.0252388,-0.0335915,-0.0454089,-0.00142415,0.0310275,0.00859431,-0.129487
1.161,0.284705,0.173204,4.06556,-4.44084,0.116031,0.706133,0.632445,-0.112453,0.12451,0.11589,0.168142,0.0944572,4.35837,-4.29637,0.114976,0.627386,0.515883,-0.105824,0.122695,0.115107,-0.0300009,6.0107e-08,0.116384,0.000426214,-0.00114849,-5.6298e-05,0.999999,0.000973788,2.64475e-06,0.0249903,-0.0356499,-0.0455752,-0.00143062,0.0296852,0.00846826,-0.248473
1.162,0.286923,0.174554,4.02798,-4.4209,0.116062,0.711633,0.637372,-0.110956,0.125685,0.115926,0.169452,0.0951929,4.36194,-4.27475,0.114995,0.632273,0.519901,-0.10396,0.122007,0.11512,-0.0300009,6.00729e-08,0.116407,0.000407073,-0.00117122,-5.70481e-05,0.999999,0.000981988,3.03935e-06,0.0247068,-0.0382808,-0.0454531,-0.00143685,0.0305144,0.00815266,-0.283615
1.163,0.289141,0.175903,4.03436,-4.44248,0.116092,0.717135,0.642299,-0.109941,0.122691,0.115963,0.170762,0.0959288,4.3501,-4.25296,0.115013,0.637161,0.52392,-0.106988,0.122249,0.115132,-0.0300009,6.00386e-08,0.11643,0.000387236,-0.00119407,-5.78022e-05,0.999999,0.000990902,3.30654e-06,0.0244279,-0.0396729,-0.0456964,-0.00144298,0.0316757,0.0076511,-0.278911
1.164,0.291359,0.177253,4.02946,-4.45183,0.116122,0.722637,0.647227,-0.107391,0.120331,0.116,0.172072,0.0966648,4.3683,-4.25939,0.115031,0.64205,0.52794,-0.109377,0.124882,0.115144,-0.0300009,6.00042e-08,0.116453,0.000367231,-0.001217,-5.85589e-05,0.999999,0.000999631,3.45397e-06,0.0241719,-0.0400104,-0.0458676,-0.0014479,0.0319823,0.0071668,-0.256108
1.165,0.293579,0.178603,3.99648,-4.43538,0.116152,0.728141,0.652157,-0.108398,0.119559,0.116036,0.173383,0.097401,4.31952,-4.21384,0.115049,0.64694,0.531961,-0.107195,0.122146,0.115155,-0.0300009,5.99696e-08,0.116475,0.000346821,-0.0012401,-5.9319e-05,0.999999,0.00100805,3.6551e-06,0.0238383,-0.0408178,-0.0462016,-0.00145353,0.0319192,0.00677676,-0.333618
1.166,0.295798,0.179953,4.07564,-4.52071,0.116182,0.733646,0.657087,-0.109551,0.121567,0.116072,0.174693,0.0981374,4.43375,-4.3128,0.115067,0.651831,0.535983,-0.109278,0.124892,0.115166,-0.0300009,5.99349e-08,0.116498,0.000325955,-0.00126326,-6.0083e-05,0.999999,0.00101753,3.87345e-06,0.0237273,-0.0417322,-0.0463267,-0.00146026,0.0339858,0.00654381,-0.111038
1.167,0.298018,0.181303,4.61734,-5.09287,0.11621,0.739152,0.662019,-0.144152,0.188624,0.116111,0.176004,0.0988739,5.54348,-5.33648,0.11509,0.656723,0.540005,-0.0709687,0.129752,0.115178,-0.0300009,5.99001e-08,0.116522,0.000292738,-0.00128332,-6.0865e-05,0.999999,0.00103327,6.92861e-06,0.0254388,-0.0664332,-0.0401278,-0.00146706,0.0453069,0.00980389,1.71137
1.168,0.300238,0.182654,3.9979,-4.55965,0.11624,0.744659,0.666951,-0.0918398,0.0923256,0.116149,0.177316,0.0996106,3.9736,-3.94719,0.11511,0.661616,0.544029,-0.138521,0.123591,0.11519,-0.0300009,5.9865e-08,0.116546,0.000266274,-0.00130572,-6.16338e-05,0.999999,0.00103504,5.52104e-06,0.0248151,-0.0529263,-0.0447948,-0.00145655,0.0257596,0.00348655,-0.62372
1.169,0.302459,0.184005,4.02715,-4.5405,0.11627,0.750167,0.671884,-0.105897,0.102901,0.116187,0.178627,0.100347,4.24075,-4.16582,0.115129,0.666509,0.548053,-0.120843,0.125156,0.115201,-0.0300009,5.98298e-08,0.116569,0.000242274,-0.00132903,-6.24014e-05,0.999999,0.00104211,5.03302e-06,0.0245094,-0.0479997,-0.0466321,-0.00146009,0.0323356,0.00411986,-0.305679
1.17,0.304681,0.185357,4.03224,-4.53258,0.1163,0.755676,0.676819,-0.106235,0.110672,0.116224,0.179939,0.101084,4.3285,-4.25723,0.115147,0.671404,0.552078,-0.114621,0.125514,0.115212,-0.0300009,5.97945e-08,0.116592,0.000219358,-0.00135277,-6.31703e-05,0.999999,0.00105016,4.87966e-06,0.0243035,-0.045831,-0.0474873,-0.00146539,0.0340381,0.00406278,-0.206011
1.171,0.306902,0.186708,3.96227,-4.46372,0.11633,0.761187,0.681754,-0.103542,0.1163,0.116262,0.181251,0.101821,4.34592,-4.28236,0.115166,0.6763,0.556103,-0.107457,0.125644,0.115223,-0.0300009,5.9759e-08,0.116614,0.000196334,-0.00137641,-6.39406e-05,0.999999,0.0010577,5.01608e-06,0.0240407,-0.0460468,-0.0472704,-0.00146787,0.0338171,0.00388794,-0.26286
1.172,0.309124,0.18806,3.89728,-4.41076,0.116359,0.766698,0.68669,-0.102312,0.118688,0.116298,0.182564,0.102559,4.30939,-4.25721,0.115184,0.681196,0.560129,-0.102463,0.123578,0.115234,-0.0300009,5.97234e-08,0.116637,0.000172475,-0.00139972,-6.4714e-05,0.999999,0.00106556,5.34097e-06,0.0236756,-0.0477176,-0.0466364,-0.00147203,0.0343043,0.00358558,-0.365202
1.173,0.311347,0.189412,3.90429,-4.43037,0.116387,0.77221,0.691627,-0.101996,0.117142,0.116335,0.183876,0.103296,4.29498,-4.24942,0.115202,0.686094,0.564156,-0.104087,0.12292,0.115244,-0.0300009,5.96877e-08,0.116659,0.000148096,-0.00142286,-6.54918e-05,0.999999,0.00107431,5.59609e-06,0.0233184,-0.0487577,-0.0462773,-0.00147931,0.0356452,0.00305785,-0.357211
1.174,0.313569,0.190764,3.90326,-4.44599,0.116416,0.777723,0.696564,-0.101073,0.117167,0.116371,0.185189,0.104033,4.31647,-4.27255,0.11522,0.690992,0.568184,-0.104116,0.124027,0.115254,-0.0300009,5.96518e-08,0.116681,0.000123195,-0.00144572,-6.62733e-05,0.999999,0.00108293,5.8523e-06,0.0229977,-0.0498011,-0.045731,-0.0014854,0.0360597,0.00259722,-0.320757
1.175,0.315792,0.192117,3.88991,-4.44957,0.116443,0.783236,0.701503,-0.100522,0.118577,0.116407,0.186502,0.104771,4.33726,-4.29162,0.115237,0.695891,0.572212,-0.102151,0.124456,0.115263,-0.0300009,5.96159e-08,0.116702,9.74199e-05,-0.00146815,-6.70586e-05,0.999999,0.00109125,6.2022e-06,0.0226963,-0.0515489,-0.0448548,-0.00149065,0.036238,0.0022055,-0.301455
1.176,0.318016,0.193469,3.9876,-4.56537,0.11647,0.788751,0.706442,-0.102741,0.117871,0.116442,0.187815,0.105509,4.40939,-4.36112,0.115255,0.70079,0.576241,-0.106655,0.125721,0.115273,-0.030001,5.95798e-08,0.116723,7.12425e-05,-0.00149037,-6.78495e-05,0.999999,0.00110087,6.43797e-06,0.0226043,-0.052354,-0.0444345,-0.00150061,0.0385893,0.00162369,-0.0920766
1.177,0.32024,0.194822,4.51876,-4.79318,0.116499,0.794266,0.711382,-0.121553,0.115572,0.116479,0.189128,0.106246,4.66725,-4.61001,0.115273,0.705691,0.58027,-0.124022,0.122918,0.115283,-0.030001,5.95436e-08,0.116746,4.60552e-05,-0.00151386,-6.86398e-05,0.999999,0.00111038,6.31291e-06,0.0233268,-0.0503737,-0.0469912,-0.00150211,0.0414015,0.000848622,0.722397
1.178,0.322464,0.196175,4.34484,-4.62096,0.116529,0.799783,0.716322,-0.108942,0.114711,0.116517,0.190442,0.106984,4.62754,-4.58902,0.115292,0.710592,0.5843,-0.120768,0.129679,0.115293,-0.030001,5.95073e-08,0.116768,2.20905e-05,-0.00153786,-6.94258e-05,0.999999,0.00111577,6.09833e-06,0.0238068,-0.0479285,-0.0480059,-0.00149726,0.0370403,0.000243032,0.47998
1.179,0.324688,0.197528,4.26623,-4.55465,0.116559,0.8053,0.721264,-0.107844,0.119892,0.116554,0.191755,0.107722,4.64757,-4.60312,0.11531,0.715494,0.588331,-0.111816,0.129689,0.115304,-0.030001,5.94709e-08,0.116791,-2.13427e-06,-0.0015618,-7.02152e-05,0.999999,0.00112254,6.27395e-06,0.0242243,-0.0484486,-0.0478733,-0.00150319,0.0387117,0.000135147,0.417365
1.18,0.326913,0.198882,4.25771,-4.55521,0.116589,0.810817,0.726206,-0.106373,0.118474,0.116592,0.193069,0.10846,4.62552,-4.59108,0.115329,0.720396,0.592362,-0.112877,0.12941,0.115315,-0.030001,5.94344e-08,0.116815,-2.62942e-05,-0.00158575,-7.10089e-05,0.999999,0.00113051,6.37102e-06,0.0246227,-0.0483189,-0.0479139,-0.00151213,0.0403493,-0.000436339,0.398339
1.181,0.329138,0.200235,4.50319,-4.75112,0.116621,0.816336,0.731148,-0.106869,0.109308,0.116631,0.194383,0.109198,4.76038,-4.73592,0.115348,0.725299,0.596394,-0.131738,0.13688,0.115327,-0.030001,5.93977e-08,0.116839,-4.73947e-05,-0.0016105,-7.18058e-05,0.999999,0.00114092,5.64834e-06,0.0254609,-0.0422,-0.0495103,-0.00152811,0.0447019,-0.00172793,0.83817
1.182,0.331363,0.201589,4.60451,-4.80694,0.116655,0.821855,0.736091,-0.108713,0.108158,0.116671,0.195698,0.109937,4.84797,-4.8377,0.115367,0.730203,0.600426,-0.134905,0.140239,0.115341,-0.030001,5.9361e-08,0.116864,-6.50485e-05,-0.00163614,-7.26041e-05,0.999999,0.00114903,4.78174e-06,0.0265129,-0.0353064,-0.0512711,-0.00154218,0.0436549,-0.00227581,1.05188
1.183,0.333589,0.202943,4.29474,-4.53417,0.11669,0.827375,0.741035,-0.105706,0.121392,0.116711,0.197012,0.110675,4.74038,-4.72997,0.115387,0.735107,0.604459,-0.108684,0.133664,0.115355,-0.030001,5.93242e-08,0.11689,-8.34234e-05,-0.00166132,-7.34047e-05,0.999999,0.00115264,5.0432e-06,0.0270907,-0.0367486,-0.0503602,-0.00154442,0.0381304,-0.00146868,0.577771
1.184,0.335815,0.204297,4.06824,-4.33125,0.116723,0.832895,0.74598,-0.098707,0.124858,0.116751,0.198327,0.111414,4.60429,-4.59246,0.115408,0.740012,0.608492,-0.0979793,0.129692,0.115369,-0.030001,5.92874e-08,0.116916,-0.00010379,-0.00168546,-7.42088e-05,0.999999,0.00115777,5.68416e-06,0.0272628,-0.0407325,-0.0482845,-0.00154452,0.038778,-0.00142793,0.171958
1.185,0.338041,0.205651,4.20808,-4.44445,0.116757,0.838417,0.750925,-0.101742,0.114969,0.116791,0.199641,0.112152,4.56305,-4.56975,0.115429,0.744917,0.612525,-0.111468,0.127681,0.115384,-0.030001,5.92506e-08,0.116942,-0.000123823,-0.00170963,-7.50197e-05,0.999999,0.00116757,5.69137e-06,0.0275687,-0.0400646,-0.0483409,-0.00155921,0.044383,-0.00249387,0.305842
1.186,0.340267,0.207006,4.08147,-4.32059,0.116791,0.843938,0.75587,-0.0958506,0.112288,0.116832,0.200956,0.112891,4.48942,-4.50652,0.115451,0.749823,0.616559,-0.108761,0.129358,0.115399,-0.030001,5.92137e-08,0.116969,-0.000143387,-0.0017335,-7.58314e-05,0.999998,0.00117414,5.64299e-06,0.0276542,-0.0391269,-0.0477488,-0.00156244,0.0408773,-0.00288253,0.0854511
1.187,0.342494,0.20836,4.05845,-4.29617,0.116825,0.849461,0.760816,-0.0964707,0.111302,0.116872,0.202271,0.113629,4.45264,-4.47761,0.115472,0.75473,0.620594,-0.107083,0.12743,0.115414,-0.030001,5.91768e-08,0.116995,-0.000162652,-0.00175713,-7.66477e-05,0.999998,0.00118193,5.64072e-06,0.0276835,-0.0385307,-0.0472576,-0.00157259,0.0423719,-0.00319915,0.0291366
1.188,0.34472,0.209715,3.99562,-4.23633,0.116859,0.854984,0.765763,-0.0967253,0.112031,0.116912,0.203586,0.114368,4.38932,-4.42255,0.115493,0.759637,0.624629,-0.102589,0.123736,0.115429,-0.030001,5.914e-08,0.117022,-0.000182273,-0.00178045,-7.74687e-05,0.999998,0.0011892,5.82537e-06,0.0275797,-0.0392403,-0.0466492,-0.00158061,0.0418358,-0.00334991,-0.103895
1.189,0.346947,0.21107,3.90274,-4.14915,0.116892,0.860507,0.77071,-0.0928914,0.111341,0.116952,0.204901,0.115107,4.32632,-4.3649,0.115515,0.764544,0.628664,-0.0998479,0.123036,0.115444,-0.030001,5.91031e-08,0.117048,-0.000202367,-0.00180328,-7.82927e-05,0.999998,0.00119616,6.04785e-06,0.0273068,-0.0401864,-0.0456586,-0.00158482,0.0413563,-0.00363372,-0.272984
1.19,0.349175,0.212425,3.9326,-4.15519,0.116925,0.866031,0.775658,-0.09004,0.107879,0.116991,0.206217,0.115846,4.35466,-4.39453,0.115536,0.769453,0.6327,-0.10465,0.12649,0.115459,-0.030001,5.90662e-08,0.117074,-0.000221926,-0.00182568,-7.91195e-05,0.999998,0.00120448,5.97601e-06,0.0271027,-0.0391191,-0.0448083,-0.00159204,0.0433887,-0.00433132,-0.2042
1.191,0.351402,0.21378,3.90731,-4.14203,0.116958,0.871556,0.780606,-0.0905864,0.106318,0.11703,0.207532,0.116585,4.3062,-4.36107,0.115557,0.774361,0.636736,-0.103329,0.124732,0.115474,-0.030001,5.90294e-08,0.1171,-0.000240997,-0.00184776,-7.99509e-05,0.999998,0.00121243,5.91081e-06,0.0268326,-0.0381414,-0.0441577,-0.00160315,0.0432093,-0.00465926,-0.270175
1.192,0.35363,0.215135,3.85465,-4.07502,0.11699,0.877081,0.785554,-0.08763,0.106555,0.117068,0.208848,0.117324,4.2934,-4.35214,0.115578,0.77927,0.640773,-0.101019,0.125491,0.115489,-0.030001,5.89926e-08,0.117125,-0.000259766,-0.00186927,-8.07846e-05,0.999998,0.0012195,5.89552e-06,0.0264889,-0.0375369,-0.0430215,-0.00160841,0.0424616,-0.00492932,-0.343778
1.193,0.355858,0.216491,3.95752,-4.16311,0.117022,0.882607,0.790503,-0.0911902,0.105756,0.117106,0.210164,0.118063,4.34843,-4.41143,0.115599,0.784179,0.64481,-0.104476,0.12492,0.115504,-0.030001,5.89558e-08,0.11715,-0.000277941,-0.00189051,-8.16245e-05,0.999998,0.00122863,5.79031e-06,0.0263365,-0.0363495,-0.0424917,-0.00162288,0.0456461,-0.00546917,-0.152507
1.194,0.358086,0.217846,3.85,-4.06758,0.117053,0.888133,0.795453,-0.0901176,0.107207,0.117143,0.21148,0.118802,4.25778,-4.33504,0.115619,0.789089,0.648847,-0.0976884,0.121115,0.115519,-0.030001,5.89191e-08,0.117175,-0.000296438,-0.0019113,-8.2468e-05,0.999998,0.00123497,5.95885e-06,0.0259698,-0.0369934,-0.0415851,-0.00162857,0.0424334,-0.00542615,-0.366778
1.195,0.360314,0.219202,3.75475,-3.9882,0.117084,0.893659,0.800403,-0.0836009,0.107375,0.117179,0.212796,0.119542,4.24535,-4.31965,0.11564,0.794,0.652884,-0.0955834,0.124081,0.115534,-0.030001,5.88824e-08,0.117199,-0.000315235,-0.00193121,-8.33135e-05,0.999998,0.00124167,6.1227e-06,0.0254864,-0.0375953,-0.0398065,-0.00163091,0.0427265,-0.00571218,-0.483484
1.196,0.362543,0.220557,3.76437,-4.00013,0.117113,0.899187,0.805353,-0.0853051,0.105902,0.117215,0.214112,0.120281,4.21534,-4.29907,0.11566,0.79891,0.656922,-0.0955832,0.121853,0.115548,-0.030001,5.88458e-08,0.117223,-0.000334291,-0.00195043,-8.41645e-05,0.999998,0.00124969,6.27736e-06,0.0249949,-0.0381118,-0.0384496,-0.00164055,0.0443671,-0.00607111,-0.491594
1.197,0.364771,0.221913,3.84133,-4.0759,0.117142,0.904714,0.810304,-0.087206,0.102863,0.11725,0.215428,0.12102,4.23275,-4.32785,0.11568,0.803821,0.660961,-0.100647,0.121491,0.115562,-0.030001,5.88092e-08,0.117247,-0.000352834,-0.00196935,-8.5021e-05,0.999998,0.0012585,6.1917e-06,0.0246307,-0.0370849,-0.0378389,-0.00165334,0.046022,-0.00674651,-0.364358
1.198,0.367,0.223269,3.9746,-4.16516,0.117172,0.910242,0.815255,-0.0924812,0.10114,0.117285,0.216744,0.12176,4.28249,-4.39145,0.1157,0.808733,0.664999,-0.105134,0.119802,0.115576,-0.030001,5.87728e-08,0.11727,-0.000370459,-0.00198843,-8.58822e-05,0.999998,0.0012671,5.97245e-06,0.0244835,-0.03525,-0.0381626,-0.00166644,0.0470223,-0.00737374,-0.147329
1.199,0.369229,0.224625,3.68996,-3.91825,0.1172,0.91577,0.820206,-0.0844709,0.108021,0.117319,0.218061,0.122499,4.17429,-4.28249,0.115719,0.813645,0.669038,-0.0882747,0.118565,0.11559,-0.030001,5.87363e-08,0.117293,-0.00038949,-0.00200655,-8.67432e-05,0.999998,0.00127067,6.47705e-06,0.0238858,-0.0380635,-0.0362422,-0.00165977,0.0405381,-0.00666782,-0.597776
1.2,0.371458,0.225981,3.90007,-4.0745,0.117228,0.921299,0.825158,-0.0827352,0.0983056,0.117353,0.219377,0.123239,4.27785,-4.39807,0.115739,0.818557,0.673077,-0.107185,0.125531,0.115603,-0.030001,5.86999e-08,0.117315,-0.000406577,-0.00202448,-8.76071e-05,0.999998,0.00128055,5.9334e-06,0.0236577,-0.0341744,-0.035876,-0.00167318,0.048684,-0.00833001,-0.228185
1.201,0.373687,0.227337,3.79712,-4.03547,0.117256,0.926828,0.83011,-0.0824038,0.102963,0.117386,0.220694,0.123978,4.27153,-4.39631,0.115758,0.823469,0.677117,-0.0968375,0.125257,0.115617,-0.030001,5.86636e-08,0.117338,-0.000423428,-0.00204165,-8.84758e-05,0.999998,0.00128733,5.90977e-06,0.023327,-0.0337012,-0.0343425,-0.00168316,0.0454866,-0.00804656,-0.33081
1.202,0.375917,0.228694,3.64539,-3.90191,0.117282,0.932358,0.835063,-0.0811384,0.108485,0.117418,0.22201,0.124718,4.18395,-4.30825,0.115777,0.828382,0.681156,-0.0848877,0.119992,0.115631,-0.030001,5.86273e-08,0.117359,-0.000442001,-0.00205758,-8.93487e-05,0.999998,0.00129249,6.52373e-06,0.0227261,-0.0371479,-0.0318577,-0.00168351,0.0430557,-0.00752262,-0.601028
1.203,0.378146,0.23005,3.97319,-4.18662,0.117308,0.937888,0.840015,-0.0863605,0.096282,0.11745,0.223327,0.125458,4.28313,-4.43195,0.115796,0.833296,0.685196,-0.109135,0.122308,0.115644,-0.030001,5.85911e-08,0.117381,-0.000458429,-0.00207375,-9.0229e-05,0.999998,0.00130407,5.89929e-06,0.022647,-0.0328564,-0.0323293,-0.00170722,0.051936,-0.00954042,-0.0792558
1.204,0.380376,0.231407,3.84963,-4.13207,0.117334,0.943418,0.844969,-0.0840642,0.102337,0.117481,0.224644,0.126198,4.30361,-4.45185,0.115815,0.838209,0.689237,-0.0977601,0.123808,0.115658,-0.030001,5.8555e-08,0.117402,-0.000474613,-0.00208931,-9.11123e-05,0.999998,0.0013101,5.86421e-06,0.0224694,-0.0323688,-0.0311271,-0.0017137,0.046286,-0.00917359,-0.177712
1.205,0.382606,0.232763,3.56708,-3.86453,0.117359,0.948949,0.849922,-0.0764964,0.108023,0.117511,0.225961,0.126937,4.15401,-4.30067,0.115834,0.843123,0.693277,-0.0818613,0.120669,0.115671,-0.030001,5.8519e-08,0.117423,-0.000492653,-0.00210336,-9.19951e-05,0.999998,0.0013128,6.52918e-06,0.0217874,-0.03608,-0.0281159,-0.00170359,0.0411018,-0.00832492,-0.682088
1.206,0.384836,0.23412,3.85308,-4.15861,0.117383,0.95448,0.854876,-0.0784776,0.095468,0.117541,0.227278,0.127677,4.26447,-4.42934,0.115853,0.848037,0.697318,-0.106138,0.126136,0.115685,-0.030001,5.8483e-08,0.117444,-0.00050842,-0.00211717,-9.28856e-05,0.999998,0.0013246,5.84245e-06,0.0216063,-0.0315358,-0.0276129,-0.00172826,0.0525656,-0.0104716,-0.181254
1.207,0.387066,0.235476,4.16116,-4.45934,0.117409,0.960011,0.85983,-0.0904497,0.0935172,0.117571,0.228595,0.128417,4.45452,-4.6385,0.115871,0.852951,0.701359,-0.115402,0.126586,0.115699,-0.030001,5.84472e-08,0.117465,-0.000521263,-0.0021315,-9.37847e-05,0.999998,0.00133585,4.90716e-06,0.0220336,-0.0256873,-0.0286604,-0.00175849,0.0548953,-0.0116016,0.427132
1.208,0.389297,0.236833,3.81657,-4.1797,0.117435,0.965542,0.864784,-0.0796392,0.103938,0.1176,0.229912,0.129157,4.36066,-4.5434,0.11589,0.857866,0.7054,-0.0939866,0.127428,0.115713,-0.030001,5.84114e-08,0.117486,-0.00053424,-0.00214479,-9.46811e-05,0.999998,0.0013375,4.98001e-06,0.0219561,-0.025955,-0.0265767,-0.00175119,0.0434008,-0.0103219,-0.0775761
1.209,0.391527,0.23819,3.77171,-4.14,0.117459,0.971074,0.869739,-0.0763664,0.103033,0.117629,0.231229,0.129897,4.32181,-4.50771,0.115909,0.862781,0.709442,-0.0939237,0.127155,0.115728,-0.030001,5.83757e-08,0.117506,-0.00054708,-0.00215701,-9.55802e-05,0.999998,0.0013432,4.97267e-06,0.0217925,-0.0256807,-0.024443,-0.00175629,0.0473088,-0.0105569,-0.163705
1.21,0.393758,0.239547,3.87917,-4.27988,0.117484,0.976606,0.874694,-0.079477,0.0984672,0.117657,0.232547,0.130637,4.34533,-4.54562,0.115928,0.867696,0.713483,-0.101312,0.126761,0.115744,-0.030001,5.83402e-08,0.117527,-0.000558609,-0.00216873,-9.64868e-05,0.999997,0.00135195,4.56328e-06,0.0218178,-0.0230613,-0.0234412,-0.00177615,0.051417,-0.0113917,0.0252058
1.211,0.395988,0.240904,4.2031,-4.52605,0.11751,0.982139,0.879649,-0.08692,0.0901217,0.117686,0.233864,0.131377,4.48693,-4.71814,0.115946,0.872612,0.717525,-0.119242,0.128912,0.11576,-0.030001,5.83047e-08,0.117549,-0.000566173,-0.0021811,-9.7398e-05,0.999997,0.00136216,3.23552e-06,0.022401,-0.0151287,-0.0247434,-0.00180357,0.0555478,-0.0130897,0.582955
1.212,0.398219,0.242261,4.01671,-4.35132,0.117537,0.987672,0.884604,-0.0792417,0.0992192,0.117714,0.235182,0.132117,4.52875,-4.75654,0.115966,0.877528,0.721567,-0.104041,0.133788,0.115777,-0.030001,5.82694e-08,0.11757,-0.000572124,-0.00219274,-9.83063e-05,0.999997,0.00136537,2.68095e-06,0.0228059,-0.0119042,-0.0232913,-0.00180368,0.048009,-0.0122378,0.404795
1.213,0.40045,0.243618,3.93125,-4.28125,0.117563,0.993205,0.88956,-0.0780802,0.101475,0.117743,0.236499,0.132857,4.45749,-4.69451,0.115985,0.882444,0.72561,-0.0978437,0.130362,0.115795,-0.030001,5.82342e-08,0.117593,-0.000577386,-0.00220351,-9.92188e-05,0.999997,0.00137013,2.44733e-06,0.0230418,-0.0105254,-0.0215262,-0.00181434,0.0490317,-0.011829,0.235793
1.214,0.402681,0.244976,3.89881,-4.25853,0.11759,0.998738,0.894516,-0.0766277,0.101675,0.117771,0.237817,0.133597,4.43756,-4.67666,0.116005,0.88736,0.729652,-0.0965523,0.129334,0.115814,-0.030001,5.81991e-08,0.117615,-0.000582103,-0.00221332,-0.000100136,0.999997,0.00137608,2.25971e-06,0.0232295,-0.0094362,-0.0196191,-0.00182565,0.0502054,-0.0118213,0.187574
1.215,0.404912,0.246333,3.85345,-4.22687,0.117616,1.00427,0.899472,-0.0748312,0.0994401,0.117798,0.239134,0.134338,4.3801,-4.62864,0.116026,0.892276,0.733695,-0.0965894,0.128391,0.115833,-0.030001,5.81641e-08,0.117637,-0.000585954,-0.00222224,-0.000101059,0.999997,0.00138201,1.9587e-06,0.0233156,-0.00770482,-0.0178449,-0.00183778,0.0499123,-0.0118926,0.0859467
1.216,0.407143,0.24769,3.81138,-4.19992,0.117642,1.00981,0.904428,-0.0743968,0.0988452,0.117825,0.240452,0.135078,4.3405,-4.59438,0.116046,0.897193,0.737738,-0.0945164,0.126809,0.115852,-0.030001,5.81293e-08,0.117659,-0.000589162,-0.00223025,-0.000101986,0.999997,0.00138807,1.72807e-06,0.0233229,-0.00641868,-0.0160132,-0.00185011,0.0498587,-0.0117929,0.00723622
1.217,0.409374,0.249048,3.98411,-4.33299,0.117669,1.01534,0.909385,-0.0744913,0.0915866,0.117852,0.24177,0.135818,4.43003,-4.70243,0.116067,0.90211,0.741781,-0.108221,0.131499,0.115873,-0.030001,5.80947e-08,0.117682,-0.000589214,-0.00223795,-0.000102918,0.999997,0.00139698,6.05613e-07,0.0236524,-0.000104989,-0.0154067,-0.00187241,0.0542909,-0.0130643,0.329271
1.218,0.411606,0.250405,3.61155,-4.03445,0.117694,1.02087,0.914342,-0.0703899,0.103725,0.117878,0.243088,0.136558,4.26372,-4.52521,0.116088,0.907027,0.745824,-0.0799979,0.125227,0.115894,-0.030001,5.80602e-08,0.117705,-0.000590777,-0.00224392,-0.000103853,0.999997,0.00139827,1.11626e-06,0.0233552,-0.00312926,-0.011936,-0.00186964,0.0439835,-0.0107246,-0.297242
1.219,0.413837,0.251763,4.19176,-4.49992,0.11772,1.02641,0.919299,-0.0689172,0.119763,0.117904,0.244406,0.137299,5.18721,-5.31831,0.116112,0.911944,0.749867,-0.0939785,0.152185,0.115917,-0.030001,5.80258e-08,0.117728,-0.000593618,-0.00224691,-0.000104795,0.999997,0.001414,1.52538e-06,0.0247359,-0.0056854,-0.00598768,-0.00187613,0.0660195,-0.0128682,1.38047
1.22,0.416069,0.25312,4.2073,-4.5381,0.117746,1.03194,0.924256,-0.0664309,0.104244,0.117931,0.245723,0.138039,4.96555,-5.15186,0.116138,0.916862,0.753911,-0.107705,0.151823,0.115942,-0.030001,5.79918e-08,0.117753,-0.000593741,-0.00224837,-0.000105744,0.999997,0.00142052,5.65228e-07,0.0259269,-0.000249894,-0.00291647,-0.00189871,0.0559933,-0.0140169,1.19085
1.221,0.4183,0.254478,3.57444,-4.00096,0.117773,1.03748,0.929213,-0.0631317,0.0733585,0.117956,0.247041,0.138779,3.86891,-4.17445,0.116161,0.92178,0.757955,-0.105907,0.124095,0.115967,-0.030001,5.7958e-08,0.117778,-0.000588009,-0.00225037,-0.000106694,0.999997,0.00141526,-1.51604e-06,0.0251966,0.0114583,-0.00400059,-0.00192791,0.035605,-0.0127557,-0.730356
1.222,0.420532,0.255836,3.4236,-3.82842,0.117799,1.04301,0.934171,-0.0652079,0.084666,0.117979,0.248359,0.13952,3.93313,-4.20314,0.116184,0.926698,0.761998,-0.0867795,0.119914,0.115992,-0.030001,5.79244e-08,0.117801,-0.000580795,-0.00225149,-0.000107646,0.999997,0.00141933,-2.11987e-06,0.0243392,0.0144255,-0.00222727,-0.00193776,0.0443876,-0.0109978,-0.857492
1.223,0.422764,0.257193,3.53743,-3.90833,0.117824,1.04855,0.939129,-0.064335,0.0856141,0.118002,0.249678,0.14026,4.03964,-4.32397,0.116206,0.931616,0.766042,-0.092098,0.122025,0.116018,-0.030001,5.78911e-08,0.117824,-0.000571457,-0.00225181,-0.000108604,0.999997,0.00142866,-2.94983e-06,0.0237445,0.018671,-0.000635222,-0.00195865,0.0508275,-0.0113555,-0.594885
1.224,0.424996,0.258551,3.50582,-3.87849,0.117849,1.05408,0.944086,-0.0603674,0.0890679,0.118023,0.250996,0.141001,4.09747,-4.39228,0.116228,0.936534,0.770086,-0.0881743,0.125976,0.116043,-0.030001,5.78581e-08,0.117846,-0.000560545,-0.00225081,-0.000109566,0.999997,0.00143592,-3.59013e-06,0.0231855,0.021819,0.00200006,-0.00197255,0.0489054,-0.0110052,-0.559127
1.225,0.427228,0.259909,3.58357,-3.95964,0.117872,1.05962,0.949045,-0.0686177,0.0917096,0.118043,0.252314,0.141741,4.0958,-4.40803,0.116249,0.941452,0.774131,-0.0844945,0.118366,0.116068,-0.030001,5.78253e-08,0.117868,-0.000549445,-0.00224886,-0.000110541,0.999997,0.00144415,-3.72491e-06,0.0227406,0.022196,0.00389297,-0.00199788,0.0503549,-0.0104195,-0.445017
1.226,0.42946,0.261267,3.67343,-4.04263,0.117896,1.06516,0.954003,-0.0677367,0.0896671,0.118063,0.253632,0.142482,4.15449,-4.48375,0.116271,0.946371,0.778175,-0.0912586,0.12008,0.116094,-0.030001,5.77927e-08,0.11789,-0.000537004,-0.00224623,-0.000111524,0.999997,0.00145227,-4.28132e-06,0.0224915,0.0248761,0.00527714,-0.00201831,0.0510685,-0.0108182,-0.24924
1.227,0.431692,0.262625,3.78557,-4.14181,0.117919,1.07069,0.958961,-0.0719353,0.0922407,0.118082,0.25495,0.143222,4.28012,-4.59017,0.116293,0.95129,0.78222,-0.0906852,0.120059,0.11612,-0.030001,5.77604e-08,0.117911,-0.00052389,-0.00224292,-0.000112517,0.999997,0.00145987,-4.60236e-06,0.0225252,0.0262233,0.00661065,-0.00204072,0.051764,-0.0106283,0.0335169
1.228,0.433924,0.263983,3.64388,-4.02271,0.117942,1.07623,0.96392,-0.0648163,0.0951273,0.1181,0.256269,0.143963,4.24411,-4.55073,0.116315,0.956209,0.786264,-0.0843386,0.1224,0.116146,-0.030001,5.77282e-08,0.117933,-0.000510705,-0.00223833,-0.000113513,0.999997,0.00146361,-4.69387e-06,0.0223528,0.0263643,0.00918635,-0.00204659,0.0468879,-0.00992971,-0.172472
1.229,0.436156,0.265341,3.68466,-4.05213,0.117964,1.08176,0.968878,-0.0672949,0.0928684,0.118118,0.257587,0.144703,4.22518,-4.53684,0.116337,0.961128,0.790309,-0.086066,0.119667,0.116172,-0.030001,5.76963e-08,0.117954,-0.000497187,-0.00223281,-0.000114518,0.999997,0.00146988,-4.88045e-06,0.0222206,0.0270295,0.0110491,-0.00206538,0.0494821,-0.00980347,-0.132361
1.23,0.438389,0.266699,3.68863,-4.05838,0.117986,1.0873,0.973837,-0.0638616,0.0911232,0.118135,0.258905,0.145444,4.25948,-4.57306,0.116359,0.966047,0.794354,-0.0887685,0.123263,0.1162,-0.030001,5.76645e-08,0.117976,-0.000482528,-0.00222626,-0.000115529,0.999997,0.00147603,-5.37516e-06,0.022145,0.0293133,0.0130979,-0.00208077,0.0494992,-0.00988241,-0.0757513
1.231,0.440621,0.268057,3.5722,-3.95271,0.118007,1.09284,0.978796,-0.0600626,0.0920295,0.118151,0.260224,0.146185,4.20465,-4.51645,0.116382,0.970966,0.798399,-0.0828861,0.123855,0.116227,-0.030001,5.76329e-08,0.117997,-0.000467313,-0.0022183,-0.000116545,0.999997,0.00148007,-5.65286e-06,0.0218711,0.0304219,0.0159288,-0.00209177,0.0463453,-0.00918449,-0.27399
1.232,0.442854,0.269415,3.65387,-4.01575,0.118028,1.09838,0.983755,-0.0656236,0.0897827,0.118167,0.261542,0.146925,4.19085,-4.51026,0.116405,0.975885,0.802444,-0.0850711,0.118715,0.116255,-0.030001,5.76015e-08,0.118018,-0.000451502,-0.00220947,-0.000117572,0.999997,0.001487,-5.94758e-06,0.0216949,0.0316161,0.0176656,-0.00211657,0.0495037,-0.00898736,-0.176361
1.233,0.445086,0.270773,3.40521,-3.81098,0.118047,1.10391,0.988715,-0.056123,0.0966351,0.118181,0.262861,0.147666,4.14897,-4.42416,0.116428,0.980805,0.806489,-0.071718,0.121052,0.116283,-0.030001,5.75702e-08,0.118038,-0.000436986,-0.00219858,-0.000118604,0.999997,0.00148923,-5.52764e-06,0.0211594,0.0290258,0.0217843,-0.00211711,0.0430064,-0.0076804,-0.535561
1.234,0.447319,0.272131,3.58546,-3.97886,0.118065,1.10945,0.993674,-0.0608178,0.0882217,0.118195,0.264179,0.148407,4.17118,-4.45422,0.116451,0.985725,0.810535,-0.0851202,0.119425,0.116311,-0.030001,5.75392e-08,0.118058,-0.000421378,-0.00218671,-0.000119648,0.999998,0.00149831,-6.00386e-06,0.0208939,0.0312075,0.0237418,-0.00214725,0.0508283,-0.00851265,-0.265647
1.235,0.449551,0.273489,4.14425,-4.48218,0.118084,1.11499,0.998634,-0.0645102,0.11424,0.118209,0.265498,0.149147,5.09293,-5.47267,0.116477,0.990645,0.81458,-0.0808921,0.143197,0.116341,-0.030001,5.75084e-08,0.11808,-0.000408403,-0.0021718,-0.000120696,0.999998,0.00151812,-5.10052e-06,0.0224009,0.0259421,0.0298336,-0.00214053,0.0689628,-0.00832978,1.5068
1.236,0.451784,0.274848,3.44697,-3.90536,0.118102,1.12052,1.00359,-0.0552011,0.0757972,0.118222,0.266816,0.149888,3.84602,-4.16976,0.116502,0.995565,0.818626,-0.0917184,0.115725,0.116371,-0.030001,5.74778e-08,0.118101,-0.000391168,-0.00215705,-0.000121758,0.999998,0.00150625,-6.73601e-06,0.0216544,0.0344612,0.0295028,-0.0021861,0.0272362,-0.00872416,-0.746537
1.237,0.454017,0.276206,3.57959,-3.96232,0.118121,1.12606,1.00855,-0.0637658,0.0742828,0.118234,0.268135,0.150629,4.02036,-4.29942,0.116526,1.00048,0.822671,-0.092662,0.114812,0.116402,-0.030001,5.74474e-08,0.118121,-0.000370585,-0.0021423,-0.000122827,0.999998,0.00151268,-8.12064e-06,0.0212508,0.041158,0.0295116,-0.00221537,0.0467321,-0.00834972,-0.403681
1.238,0.456249,0.277564,3.3551,-3.75516,0.118138,1.1316,1.01351,-0.0560358,0.0861004,0.118245,0.269454,0.15137,4.02309,-4.29048,0.116549,1.0054,0.826717,-0.0741976,0.116558,0.116432,-0.030001,5.74172e-08,0.118141,-0.000349956,-0.00212606,-0.000123898,0.999998,0.00151546,-8.2341e-06,0.0205631,0.0412499,0.0324724,-0.00221745,0.0415732,-0.00649276,-0.687768
1.239,0.458482,0.278923,3.37262,-3.7759,0.118154,1.13714,1.01847,-0.0580179,0.0886217,0.118255,0.270772,0.15211,4.01297,-4.28975,0.116573,1.01033,0.830763,-0.0715859,0.112039,0.116462,-0.030001,5.73872e-08,0.11816,-0.000330183,-0.00210845,-0.00012498,0.999998,0.00152234,-7.9819e-06,0.0198995,0.0395366,0.0352272,-0.00223564,0.045442,-0.00578123,-0.663739
1.24,0.460715,0.280281,3.5555,-3.95719,0.11817,1.14268,1.02343,-0.0589521,0.0815937,0.118264,0.272091,0.152851,4.1017,-4.39687,0.116597,1.01525,0.834809,-0.0860756,0.115059,0.116493,-0.030001,5.73574e-08,0.118179,-0.000308494,-0.00209022,-0.000126073,0.999998,0.00153203,-8.80643e-06,0.0195956,0.0433698,0.036464,-0.00226635,0.0494327,-0.00668212,-0.304019
1.241,0.462948,0.281639,3.39171,-3.81543,0.118184,1.14821,1.02839,-0.0547397,0.0898418,0.118271,0.27341,0.153592,4.10946,-4.39502,0.11662,1.02017,0.838855,-0.0706417,0.116719,0.116523,-0.030001,5.73277e-08,0.118197,-0.000287634,-0.00207027,-0.000127171,0.999998,0.00153542,-8.57009e-06,0.0190991,0.0417097,0.0399152,-0.00227128,0.0419539,-0.00511562,-0.496661
1.242,0.465181,0.282998,3.90932,-4.2493,0.1182,1.15375,1.03335,-0.0700033,0.0746244,0.118279,0.274728,0.154333,4.25203,-4.59241,0.116644,1.02509,0.842901,-0.100168,0.112274,0.116554,-0.030001,5.72983e-08,0.118216,-0.000263004,-0.00205103,-0.000128289,0.999998,0.00154887,-1.0126e-05,0.0194485,0.0492494,0.0384876,-0.00232591,0.0551224,-0.00689096,0.349329
1.243,0.467414,0.284356,3.47014,-3.89251,0.118215,1.15929,1.03831,-0.0566615,0.0893075,0.118286,0.276047,0.155074,4.15799,-4.48385,0.116667,1.03001,0.846947,-0.071309,0.116018,0.116585,-0.030001,5.7269e-08,0.118234,-0.000239238,-0.00203023,-0.000129404,0.999998,0.00154688,-9.88589e-06,0.0191487,0.0475233,0.0415948,-0.00231771,0.036632,-0.00430577,-0.299874
1.244,0.469647,0.285715,3.53284,-3.94768,0.118228,1.16483,1.04327,-0.0607298,0.0918843,0.118293,0.277366,0.155814,4.18422,-4.49416,0.116691,1.03493,0.850993,-0.0695132,0.110286,0.116617,-0.030001,5.72399e-08,0.118253,-0.000217416,-0.00200811,-0.000130534,0.999998,0.00155267,-9.19467e-06,0.0189612,0.0436324,0.0442555,-0.00233763,0.0444381,-0.00348646,-0.187618
1.245,0.47188,0.287073,3.67834,-4.06171,0.118242,1.17037,1.04823,-0.063575,0.0827542,0.118299,0.278685,0.156555,4.16376,-4.49856,0.116716,1.03985,0.85504,-0.0834121,0.108138,0.116648,-0.0300011,5.72109e-08,0.118271,-0.000194777,-0.00198574,-0.000131676,0.999998,0.00155973,-9.58621e-06,0.0189559,0.0452673,0.044739,-0.0023653,0.046,-0.00420395,-0.00546721
1.246,0.474113,0.288432,5.64365,-6.23298,0.118267,1.17591,1.0532,-0.0952807,0.0246583,0.118308,0.280004,0.157296,5.32232,-5.81541,0.116738,1.04477,0.859086,-0.212012,0.141535,0.116685,-0.0300011,5.71819e-08,0.118293,-0.0001481,-0.00197002,-0.000132864,0.999998,0.00160391,-1.92721e-05,0.023041,0.0933464,0.031453,-0.00255435,0.0989305,-0.0137817,4.08491
1.247,0.476346,0.28979,2.68801,-3.1255,0.118284,1.18144,1.05816,-0.0420139,0.133193,0.118316,0.281323,0.158037,4.15731,-4.50109,0.116764,1.04969,0.863133,0.0142955,0.1214,0.116721,-0.0300011,5.71532e-08,0.118315,-0.000118219,-0.00194726,-0.000133984,0.999998,0.00154693,-1.27602e-05,0.021751,0.0597505,0.0455405,-0.00235227,-0.0238061,0.00448601,-1.28994
1.248,0.47858,0.291149,3.03709,-3.34645,0.118298,1.18698,1.06312,-0.0401479,0.105832,0.118323,0.282641,0.158778,3.87894,-4.20235,0.116791,1.05461,0.867179,-0.0439006,0.103439,0.116755,-0.0300011,5.71245e-08,0.118334,-9.4115e-05,-0.00192149,-0.000135134,0.999998,0.00155566,-1.04664e-05,0.0205565,0.0481969,0.0515323,-0.00238788,0.0418387,0.000678613,-1.19451
1.249,0.480813,0.292508,3.29973,-3.68735,0.11831,1.19252,1.06808,-0.0525792,0.0846684,0.118328,0.28396,0.159519,3.86678,-4.19867,0.116817,1.05953,0.871226,-0.0684868,0.100864,0.116789,-0.0300011,5.7096e-08,0.118353,-7.09801e-05,-0.00189475,-0.000136312,0.999998,0.00156936,-1.01333e-05,0.0197544,0.046258,0.053499,-0.00243861,0.0478389,-0.000937268,-0.80222
1.25,0.483046,0.293866,3.71132,-4.11224,0.118324,1.19806,1.07304,-0.0631403,0.0669276,0.118333,0.285279,0.16026,4.04019,-4.41337,0.116843,1.06445,0.875272,-0.0962703,0.104845,0.116824,-0.0300011,5.70675e-08,0.118373,-4.3455e-05,-0.00186887,-0.000137509,0.999998,0.00158387,-1.19779e-05,0.0197423,0.0550384,0.0517593,-0.00249457,0.0511339,-0.00268696,-0.0122497
1.251,0.48528,0.295225,3.50622,-3.96136,0.118338,1.2036,1.078,-0.0606614,0.0764965,0.118337,0.286598,0.161001,4.016,-4.39228,0.116868,1.06938,0.879319,-0.0756578,0.105024,0.116858,-0.0300011,5.70391e-08,0.118391,-1.54632e-05,-0.00184261,-0.000138711,0.999998,0.00158565,-1.22681e-05,0.0194631,0.0559718,0.0525337,-0.00250587,0.0369023,-0.000579542,-0.279264
1.252,0.487513,0.296584,3.55462,-4.01179,0.118351,1.20914,1.08296,-0.0605987,0.0763157,0.118341,0.287917,0.161742,4.03357,-4.41885,0.116894,1.0743,0.883366,-0.078217,0.103325,0.116893,-0.0300011,5.70108e-08,0.11841,1.33149e-05,-0.00181618,-0.000139923,0.999998,0.00159094,-1.26718e-05,0.0192842,0.0575443,0.0528665,-0.00253078,0.0402739,-0.000140828,-0.17896
1.253,0.489746,0.297942,3.43649,-3.93142,0.118363,1.21468,1.08792,-0.057425,0.0793924,0.118345,0.289236,0.162483,3.97974,-4.36631,0.116919,1.07922,0.887413,-0.0709446,0.102344,0.116927,-0.0300011,5.69825e-08,0.118428,4.16597e-05,-0.00178914,-0.000141144,0.999998,0.00159357,-1.25817e-05,0.0189124,0.0566776,0.0540967,-0.00254574,0.0364042,0.000881988,-0.371865
1.254,0.49198,0.299301,3.50324,-3.99761,0.118376,1.22022,1.09288,-0.0568846,0.0733818,0.118348,0.290555,0.163224,3.97421,-4.38329,0.116943,1.08414,0.89146,-0.0797101,0.103309,0.116961,-0.0300011,5.69542e-08,0.118446,7.1687e-05,-0.00176201,-0.000142376,0.999998,0.0015993,-1.33476e-05,0.0186465,0.0600424,0.0542692,-0.00257325,0.0393605,0.00060894,-0.26605
1.255,0.494213,0.30066,3.5215,-4.03239,0.118388,1.22576,1.09785,-0.0586756,0.0769565,0.118351,0.291874,0.163965,4.05387,-4.4505,0.116968,1.08906,0.895507,-0.0737667,0.103097,0.116996,-0.0300011,5.69258e-08,0.118464,0.000101809,-0.00173446,-0.00014362,0.999998,0.0016043,-1.34765e-05,0.0185093,0.0602316,0.0550986,-0.00259675,0.0385501,0.00184699,-0.137203
1.256,0.496447,0.302019,3.56335,-4.08206,0.118401,1.2313,1.10281,-0.0577968,0.0736753,0.118353,0.293193,0.164706,4.04356,-4.47011,0.116993,1.09398,0.899554,-0.07901,0.103224,0.11703,-0.0300011,5.68975e-08,0.118482,0.00013333,-0.00170685,-0.000144873,0.999999,0.00160933,-1.41323e-05,0.018445,0.0630296,0.0552214,-0.00262285,0.0383035,0.00194926,-0.0644562
1.257,0.49868,0.303377,3.52631,-4.05961,0.118413,1.23684,1.10777,-0.0563132,0.0758454,0.118355,0.294512,0.165447,4.06383,-4.49491,0.117017,1.09891,0.903601,-0.0742741,0.104127,0.117065,-0.0300011,5.68692e-08,0.1185,0.000165384,-0.00167883,-0.000146136,0.999999,0.00161283,-1.44407e-05,0.0183735,0.0640956,0.056056,-0.00264284,0.0361974,0.00291859,-0.0715593
1.258,0.500914,0.304736,3.3328,-3.914,0.118424,1.24238,1.11273,-0.0530766,0.0807951,0.118356,0.295832,0.166188,3.94655,-4.36075,0.117042,1.10383,0.907648,-0.062186,0.100229,0.117099,-0.0300011,5.68408e-08,0.118517,0.000195682,-0.0016498,-0.000147409,0.999999,0.00161325,-1.37997e-05,0.0179296,0.0605826,0.0580658,-0.00265657,0.0313266,0.00431119,-0.443898
1.259,0.503147,0.306095,3.63559,-4.18438,0.118436,1.24792,1.11769,-0.0576322,0.0710744,0.118358,0.297151,0.166929,4.10033,-4.53043,0.117066,1.10875,0.911695,-0.082491,0.102024,0.117134,-0.0300011,5.68123e-08,0.118535,0.000228074,-0.001621,-0.000148699,0.999999,0.00162309,-1.4735e-05,0.0180812,0.0647708,0.0576225,-0.00269711,0.0421265,0.00361636,0.151437
1.26,0.505381,0.307454,3.49834,-4.081,0.118447,1.25346,1.12265,-0.0549926,0.0750375,0.118359,0.29847,0.16767,4.05913,-4.49384,0.117091,1.11367,0.915742,-0.0713305,0.102591,0.117169,-0.0300011,5.67839e-08,0.118553,0.000260649,-0.00159174,-0.000149995,0.999999,0.00162455,-1.49e-05,0.0180279,0.0651385,0.0585275,-0.00271251,0.0325265,0.00492638,-0.0532982
1.261,0.507614,0.308812,3.45965,-4.04546,0.118459,1.259,1.12761,-0.0530705,0.0731058,0.118359,0.299789,0.168411,3.99217,-4.45063,0.117115,1.11859,0.919789,-0.0722918,0.101412,0.117204,-0.0300011,5.67553e-08,0.11857,0.000293962,-0.00156214,-0.000151302,0.999999,0.00162737,-1.5285e-05,0.0178686,0.0666117,0.059196,-0.00273417,0.032969,0.00529431,-0.159353
1.262,0.509848,0.310171,5.19504,-6.39281,0.11848,1.26454,1.13258,-0.0968807,0.0228156,0.118363,0.301108,0.169152,4.91703,-5.55458,0.117137,1.12352,0.923837,-0.178111,0.110296,0.117243,-0.0300011,5.67266e-08,0.118591,0.000346655,-0.0015393,-0.000152681,0.999999,0.00167349,-2.34343e-05,0.021485,0.105374,0.0457032,-0.00293685,0.0874583,0.00118035,3.61616
1.263,0.512082,0.31153,2.62747,-3.29631,0.118495,1.27008,1.13754,-0.0313131,0.115817,0.118366,0.302427,0.169893,3.96544,-4.43643,0.117163,1.12844,0.927884,0.00712463,0.112506,0.117281,-0.0300011,5.66979e-08,0.118611,0.000384811,-0.00151038,-0.000153973,0.999999,0.00161423,-1.75807e-05,0.0202188,0.0763009,0.0578405,-0.00272092,-0.0334535,0.0124144,-1.26604
1.264,0.514315,0.312889,2.97155,-3.49016,0.118506,1.27562,1.1425,-0.034884,0.0902393,0.118367,0.303746,0.170634,3.71755,-4.16712,0.117189,1.13336,0.931931,-0.0442637,0.0948502,0.117318,-0.0300011,5.6669e-08,0.118629,0.000418565,-0.00147925,-0.000155295,0.999999,0.00162153,-1.57526e-05,0.0190679,0.0674928,0.0622744,-0.00277021,0.0329109,0.00908296,-1.15097
1.265,0.516549,0.314248,3.20651,-3.75593,0.118517,1.28116,1.14746,-0.0459964,0.0761285,0.118367,0.305066,0.171375,3.79486,-4.22549,0.117215,1.13828,0.935979,-0.0602339,0.0932464,0.117354,-0.0300011,5.66401e-08,0.118647,0.000450926,-0.00144724,-0.000156644,0.999999,0.00163346,-1.52184e-05,0.0183546,0.0647083,0.0640243,-0.00282122,0.0382624,0.00874581,-0.713366
1.266,0.518783,0.315607,3.22822,-3.81156,0.118527,1.2867,1.15242,-0.0483434,0.0683417,0.118367,0.306385,0.172116,3.72604,-4.19084,0.11724,1.1432,0.940026,-0.0662726,0.0925347,0.11739,-0.0300011,5.66111e-08,0.118664,0.000483717,-0.00141498,-0.000158009,0.999999,0.00163998,-1.54607e-05,0.0176391,0.0655677,0.0645433,-0.00285361,0.0322565,0.00856216,-0.715589
1.267,0.521017,0.316966,3.95448,-4.41169,0.11854,1.29224,1.15739,-0.0740965,0.0460991,0.118367,0.307704,0.172857,3.95166,-4.50762,0.117264,1.14813,0.944074,-0.102491,0.0833331,0.117426,-0.0300011,5.6582e-08,0.118682,0.000522579,-0.00138585,-0.000159404,0.999999,0.00165707,-1.80765e-05,0.0181924,0.0777105,0.0582701,-0.00292695,0.0458046,0.00822566,0.553202
1.268,0.52325,0.318325,3.25388,-3.81768,0.118551,1.29778,1.16235,-0.0488851,0.076349,0.118367,0.309023,0.173598,3.89213,-4.39872,0.117288,1.15305,0.948121,-0.0526124,0.0948085,0.117461,-0.0300011,5.65527e-08,0.118699,0.000558422,-0.0013555,-0.000160785,0.999999,0.00164772,-1.69167e-05,0.0177417,0.0716738,0.0607099,-0.00289404,0.0160249,0.0116137,-0.450715
1.269,0.525484,0.319684,3.60904,-4.10367,0.118563,1.30332,1.16731,-0.0594717,0.0651062,0.118367,0.310343,0.174339,3.93902,-4.47398,0.117312,1.15797,0.952169,-0.0741841,0.0861109,0.117497,-0.0300011,5.65232e-08,0.118717,0.000594709,-0.00132599,-0.00016219,0.999999,0.00165669,-1.71513e-05,0.0178294,0.0725605,0.0590216,-0.00294126,0.0352132,0.0115451,0.0876657
1.27,0.527718,0.321043,3.02261,-3.60982,0.118572,1.30886,1.17227,-0.0420917,0.0770033,0.118367,0.311662,0.17508,3.65578,-4.16148,0.117336,1.16289,0.956217,-0.0465982,0.0892868,0.117531,-0.0300011,5.64935e-08,0.118733,0.000627417,-0.00129511,-0.000163592,0.999999,0.00164888,-1.57139e-05,0.0168171,0.0654008,0.0617744,-0.00292764,0.0149788,0.0124781,-1.0123
1.271,0.529952,0.322402,3.4684,-4.00374,0.118583,1.3144,1.17723,-0.0553391,0.0609803,0.118366,0.312981,0.175821,3.79185,-4.32857,0.117359,1.16782,0.960264,-0.0741893,0.0843125,0.117565,-0.0300011,5.64636e-08,0.118749,0.000661454,-0.00126511,-0.00016502,0.999999,0.00166132,-1.63115e-05,0.0165862,0.0680603,0.0600084,-0.00298135,0.0366718,0.0120827,-0.231001
1.272,0.532186,0.323761,4.16473,-5.50059,0.118598,1.31994,1.1822,-0.0747783,0.0397606,0.118366,0.3143,0.176563,4.26418,-4.91494,0.117381,1.17274,0.964312,-0.118043,0.0911721,0.117601,-0.0300011,5.64333e-08,0.118767,0.000704929,-0.00123887,-0.000166502,0.999999,0.00168998,-2.03721e-05,0.0182682,0.0869373,0.0524948,-0.00310863,0.0571412,0.0121561,1.68187
1.273,0.534419,0.32512,2.96279,-3.57805,0.118609,1.32548,1.18716,-0.0422085,0.0859613,0.118367,0.31562,0.177304,3.75704,-4.31369,0.117404,1.17766,0.96836,-0.0250148,0.0903432,0.117636,-0.0300011,5.64029e-08,0.118784,0.000739872,-0.00121009,-0.000167928,0.999999,0.00165497,-1.68829e-05,0.0173646,0.069874,0.0575741,-0.00297931,-0.0134575,0.01666,-0.903557
1.274,0.536653,0.326479,3.16951,-3.68477,0.118619,1.33102,1.19212,-0.0391116,0.0751768,0.118366,0.316939,0.178045,3.76551,-4.30088,0.117427,1.18258,0.972407,-0.0531877,0.0882472,0.117669,-0.0300011,5.63721e-08,0.1188,0.00077247,-0.00118028,-0.000169371,0.999999,0.00166069,-1.5896e-05,0.0167101,0.0651829,0.059631,-0.0030093,0.0273208,0.0151372,-0.654494
1.275,0.538887,0.327838,3.77944,-5.07315,0.118632,1.33656,1.19708,-0.0650448,0.0485969,0.118367,0.318258,0.178786,4.01325,-4.63045,0.11745,1.18751,0.976455,-0.0951827,0.0841341,0.117704,-0.0300011,5.6341e-08,0.118817,0.000810225,-0.00115302,-0.000170876,0.999999,0.00168754,-1.81129e-05,0.0175743,0.0754967,0.0545241,-0.00314089,0.0514659,0.0150936,0.864103
1.276,0.541121,0.329197,2.88745,-3.50491,0.118641,1.3421,1.20205,-0.0359462,0.0789635,0.118366,0.319578,0.179527,3.64492,-4.19409,0.117473,1.19243,0.980503,-0.0325246,0.0898633,0.117737,-0.0300011,5.63096e-08,0.118834,0.000842161,-0.00112358,-0.000172334,0.999999,0.00166149,-1.57358e-05,0.0164712,0.0638582,0.0588878,-0.0030386,-0.00648728,0.0170364,-1.10317
1.277,0.543355,0.330556,3.23577,-3.75791,0.11865,1.34764,1.20701,-0.0437087,0.0646307,0.118366,0.320897,0.180268,3.70091,-4.25928,0.117495,1.19735,0.984551,-0.0601065,0.0839876,0.11777,-0.0300011,5.62778e-08,0.118849,0.000873607,-0.00109404,-0.000173816,0.999999,0.00167091,-1.55338e-05,0.0158912,0.0628779,0.0590826,-0.00308366,0.0296099,0.0163355,-0.580038
1.278,0.545589,0.331915,4.41594,-5.38016,0.118665,1.35318,1.21197,-0.0863724,0.0339531,0.118367,0.322216,0.181009,4.33192,-4.91241,0.117517,1.20228,0.988599,-0.115678,0.0723097,0.117804,-0.0300011,5.62457e-08,0.118867,0.000912359,-0.00106949,-0.000175367,0.999999,0.00170452,-1.86698e-05,0.0179311,0.0774917,0.049115,-0.00322934,0.0589541,0.0185032,2.03983
1.279,0.547823,0.333274,2.88348,-3.48697,0.118675,1.35872,1.21693,-0.0311092,0.0913345,0.118369,0.323536,0.181751,3.9054,-4.33456,0.117541,1.2072,0.992647,-0.0160692,0.0916554,0.117837,-0.0300011,5.62132e-08,0.118883,0.000940678,-0.00104145,-0.000176855,0.999999,0.00166759,-1.43174e-05,0.0171132,0.0566265,0.0560799,-0.00308746,-0.018199,0.0212597,-0.817858
1.28,0.550057,0.334633,3.08061,-3.59227,0.118685,1.36426,1.2219,-0.0396733,0.0626559,0.118369,0.324855,0.182492,3.47743,-4.03895,0.117564,1.21212,0.996694,-0.0574131,0.0763427,0.117868,-0.0300011,5.61803e-08,0.118899,0.000968492,-0.00101363,-0.000178364,0.999999,0.00167214,-1.40835e-05,0.0160938,0.0556142,0.0556625,-0.00312805,0.0223687,0.0172659,-1.01944
1.281,0.552291,0.335992,3.12466,-3.6233,0.118693,1.3698,1.22686,-0.0440484,0.0554948,0.118369,0.326174,0.183233,3.50532,-4.07739,0.117585,1.21704,1.00074,-0.0602548,0.078123,0.117899,-0.0300011,5.61471e-08,0.118914,0.000996788,-0.000986188,-0.000179886,0.999999,0.00167784,-1.43183e-05,0.0151875,0.0565797,0.0548811,-0.00315452,0.0232554,0.0175206,-0.90635
1.282,0.554525,0.337351,3.51022,-4.00583,0.118702,1.37534,1.23182,-0.0545409,0.0571643,0.118369,0.327494,0.183974,3.93147,-4.40659,0.117607,1.22197,1.00479,-0.0628269,0.0768169,0.117929,-0.0300011,5.61135e-08,0.118929,0.00102378,-0.000959506,-0.000181433,0.999999,0.00169036,-1.37639e-05,0.0153,0.0539685,0.0533709,-0.00320151,0.0315541,0.0208793,0.112463
1.283,0.556759,0.33871,3.19678,-3.77694,0.11871,1.38088,1.23678,-0.0401743,0.069639,0.11837,0.328813,0.184715,3.90531,-4.27011,0.117629,1.22689,1.00884,-0.045571,0.0820341,0.117959,-0.0300011,5.60795e-08,0.118944,0.00104662,-0.000931943,-0.000182984,0.999999,0.00168669,-1.19958e-05,0.0149447,0.0456634,0.0551304,-0.00320151,0.0139541,0.0215607,-0.355341
1.284,0.558993,0.340069,3.28015,-3.88702,0.118717,1.38643,1.24175,-0.0442835,0.0577947,0.11837,0.330132,0.185456,3.77888,-4.18485,0.117651,1.23181,1.01289,-0.0606529,0.0774571,0.117988,-0.0300011,5.60451e-08,0.118958,0.00106922,-0.000904918,-0.00018455,0.999999,0.00169083,-1.18927e-05,0.0146057,0.0451909,0.0540556,-0.00322995,0.0212721,0.0203608,-0.339067
1.285,0.561227,0.341428,3.62504,-4.19037,0.118726,1.39197,1.24671,-0.0532759,0.045917,0.11837,0.331452,0.186197,3.97019,-4.43013,0.117672,1.23674,1.01693,-0.07858,0.0789143,0.118017,-0.0300011,5.60103e-08,0.118973,0.00109548,-0.000879744,-0.000186131,0.999999,0.00170082,-1.34916e-05,0.0150089,0.052518,0.0503532,-0.00326338,0.0279565,0.020785,0.403089
1.286,0.563461,0.342787,4.79322,-5.56445,0.118743,1.39751,1.25167,-0.0947722,0.020983,0.118375,0.332771,0.186939,4.62501,-5.12547,0.117692,1.24166,1.02098,-0.121976,0.063447,0.118048,-0.0300011,5.5975e-08,0.118991,0.00113005,-0.000860982,-0.000187766,0.999999,0.00172915,-1.70896e-05,0.017987,0.0691283,0.0375344,-0.00337381,0.0503498,0.0253195,2.97804
1.287,0.565695,0.344146,2.67966,-3.32974,0.118754,1.40305,1.25663,-0.0224447,0.0843834,0.118379,0.334091,0.18768,3.6913,-4.14331,0.117714,1.24658,1.02503,-0.0108327,0.0866391,0.118078,-0.0300011,5.59393e-08,0.119007,0.0011544,-0.000838851,-0.00018932,0.999999,0.00167838,-1.28025e-05,0.0167745,0.0486883,0.0442665,-0.00319839,-0.0363521,0.0241202,-1.21251
1.288,0.567929,0.345505,3.07146,-3.57987,0.118764,1.40859,1.2616,-0.0336385,0.0686862,0.118383,0.33541,0.188421,3.74735,-4.11995,0.117736,1.2515,1.02908,-0.0410642,0.0745933,0.118106,-0.0300011,5.59031e-08,0.119023,0.00117382,-0.000815854,-0.0001909,0.999999,0.00168651,-1.06008e-05,0.0160886,0.0388174,0.0459977,-0.00324596,0.0230148,0.0236276,-0.685888
1.289,0.570163,0.346864,3.1535,-3.74815,0.118773,1.41413,1.26656,-0.0363848,0.0614091,0.118387,0.336729,0.189162,3.81052,-4.15046,0.117758,1.25643,1.03313,-0.0495594,0.0763852,0.118134,-0.0300011,5.58665e-08,0.119038,0.00119074,-0.000792559,-0.000192498,0.999999,0.00169395,-9.49239e-06,0.015641,0.0338434,0.0465939,-0.00327956,0.0222732,0.0234105,-0.447633
1.29,0.572397,0.348224,3.06428,-3.68936,0.118781,1.41967,1.27152,-0.0361176,0.0551683,0.11839,0.338049,0.189903,3.6605,-4.03122,0.11778,1.26135,1.03717,-0.0521556,0.0763182,0.118161,-0.0300011,5.58294e-08,0.119053,0.00120703,-0.000769321,-0.000194105,0.999999,0.00169548,-9.2079e-06,0.0149357,0.0325494,0.0464786,-0.00329492,0.0155356,0.0222668,-0.705393
1.291,0.574631,0.349583,3.10165,-3.74327,0.118789,1.42521,1.27649,-0.037807,0.0523737,0.118392,0.339368,0.190645,3.69391,-4.06731,0.117801,1.26627,1.04122,-0.0532665,0.0765757,0.118187,-0.0300011,5.5792e-08,0.119067,0.001223,-0.000746267,-0.000195722,0.999999,0.00169979,-9.07048e-06,0.0143472,0.0319412,0.0461102,-0.00331454,0.0180726,0.0226977,-0.588505
1.292,0.576866,0.350942,3.29433,-3.92983,0.118797,1.43075,1.28145,-0.0426785,0.0468714,0.118395,0.340688,0.191386,3.80729,-4.19743,0.117821,1.2712,1.04527,-0.0617261,0.0754948,0.118213,-0.0300011,5.57542e-08,0.119081,0.00124031,-0.00072415,-0.000197354,0.999999,0.00170688,-9.64387e-06,0.0141938,0.0345966,0.0442356,-0.0033426,0.0210624,0.0233864,-0.153469
1.293,0.5791,0.352301,3.08455,-3.76388,0.118804,1.43629,1.28641,-0.0346807,0.0552565,0.118397,0.342007,0.192127,3.76711,-4.15638,0.117841,1.27612,1.04932,-0.0467521,0.0787772,0.118238,-0.0300011,5.5716e-08,0.119095,0.00125595,-0.00070171,-0.000198985,0.999999,0.00170485,-8.92897e-06,0.0137192,0.0312711,0.0448825,-0.00334031,0.0110752,0.0241661,-0.474657
1.294,0.581334,0.35366,3.26114,-3.97374,0.118811,1.44184,1.29137,-0.0347526,0.0557465,0.1184,0.343327,0.192868,3.99325,-4.35053,0.117862,1.28104,1.05337,-0.051305,0.0812158,0.118263,-0.0300011,5.56774e-08,0.119108,0.00127049,-0.000679045,-0.000200629,0.999999,0.0017119,-8.42789e-06,0.0137798,0.0290804,0.045331,-0.00336655,0.0204441,0.0255877,0.0606057
1.295,0.583568,0.355019,3.4462,-4.15635,0.118819,1.44738,1.29634,-0.0398578,0.0511411,0.118403,0.344646,0.193609,4.09539,-4.45905,0.117883,1.28597,1.05742,-0.0577413,0.0786321,0.118289,-0.0300011,5.56385e-08,0.119122,0.00128491,-0.000656939,-0.000202288,0.999999,0.00171742,-8.35688e-06,0.0142537,0.028823,0.0442148,-0.00339368,0.0190271,0.0265035,0.47378
1.296,0.585802,0.356378,3.38303,-4.11578,0.118827,1.45292,1.3013,-0.0372672,0.0541135,0.118407,0.345966,0.194351,4.10119,-4.44129,0.117904,1.29089,1.06146,-0.0514648,0.0783708,0.118314,-0.0300011,5.55993e-08,0.119137,0.00129766,-0.000634985,-0.000203952,0.999999,0.00171648,-7.62477e-06,0.0146616,0.0254895,0.0439075,-0.00340026,0.0120264,0.0272531,0.407885
1.297,0.588036,0.357738,3.23925,-4.02512,0.118835,1.45846,1.30626,-0.0339655,0.052382,0.118411,0.347285,0.195092,3.93321,-4.2952,0.117926,1.29581,1.06551,-0.0513496,0.0769314,0.118339,-0.0300011,5.55596e-08,0.119151,0.00130962,-0.000613234,-0.000205619,0.999999,0.00171359,-7.27661e-06,0.0147097,0.0239128,0.0435031,-0.00340554,0.00920107,0.0261703,0.0480958
1.298,0.59027,0.359097,3.30458,-4.09061,0.118844,1.464,1.31123,-0.039355,0.04585,0.118415,0.348604,0.195833,3.88769,-4.25955,0.117947,1.30074,1.06956,-0.0564477,0.0716809,0.118364,-0.0300011,5.55197e-08,0.119166,0.00132165,-0.000592437,-0.000207296,0.999999,0.00171528,-7.29406e-06,0.0148227,0.0240386,0.0415953,-0.00342412,0.0134431,0.026215,0.112952
1.299,0.592505,0.360456,3.40413,-4.18418,0.118853,1.46954,1.31619,-0.040215,0.043956,0.118421,0.349924,0.196574,3.99952,-4.3652,0.117968,1.30566,1.07361,-0.0596003,0.072619,0.11839,-0.0300011,5.54793e-08,0.119181,0.00133444,-0.000572747,-0.000208981,0.999999,0.00171851,-7.62539e-06,0.0152284,0.0255849,0.0393804,-0.00343692,0.0149225,0.026937,0.405653
1.3,0.594739,0.361815,3.29937,-4.09462,0.118863,1.47508,1.32115,-0.0366962,0.0458261,0.118426,0.351243,0.197316,3.94551,-4.31047,0.117989,1.31058,1.07766,-0.053951,0.0733381,0.118415,-0.0300011,5.54385e-08,0.119196,0.00134716,-0.000553774,-0.000210668,0.999999,0.0017164,-7.59466e-06,0.0154393,0.025426,0.0379464,-0.00343836,0.00898203,0.0270315,0.21079
1.301,0.596973,0.363174,3.17415,-3.98113,0.118873,1.48062,1.32612,-0.0317327,0.0496358,0.118432,0.352563,0.198057,3.89979,-4.25809,0.11801,1.31551,1.08171,-0.0467307,0.0742318,0.118439,-0.0300011,5.53973e-08,0.119212,0.00135836,-0.000534888,-0.000212355,0.999999,0.00171425,-6.92239e-06,0.0154245,0.0223908,0.0377711,-0.00343855,0.00832407,0.0272845,-0.0147929
1.302,0.599207,0.364534,4.16825,-5.01065,0.118882,1.48617,1.33108,-0.0225328,0.0923675,0.118443,0.353882,0.198798,5.46199,-6.39253,0.11804,1.32043,1.08575,-0.0132505,0.0997126,0.118467,-0.0300011,5.53555e-08,0.119231,0.00135218,-0.000511696,-0.000214036,0.999999,0.00175683,9.22856e-07,0.0189082,-0.0123782,0.0463786,-0.00341669,0.0561771,0.0438165,3.48359
1.303,0.601441,0.365893,2.98904,-3.98926,0.118893,1.49171,1.33604,-0.031667,0.0248213,0.118452,0.355202,0.199539,3.07899,-3.59311,0.118064,1.32535,1.0898,-0.0861285,0.058613,0.118493,-0.0300011,5.53133e-08,0.119248,0.00135865,-0.000492759,-0.000215749,0.999999,0.00170584,-4.77661e-06,0.0178711,0.0129249,0.0378714,-0.00348397,-0.0423532,0.0181195,-1.03706
1.304,0.603676,0.367252,2.99673,-3.81617,0.118905,1.49725,1.341,-0.0449268,0.0244925,0.118461,0.356521,0.20028,3.42317,-3.74689,0.118086,1.33028,1.09385,-0.0585786,0.0622322,0.118519,-0.0300011,5.52707e-08,0.119265,0.00136842,-0.000475875,-0.000217459,0.999999,0.00170379,-6.27299e-06,0.0170945,0.0195385,0.0337675,-0.0034757,0.00654501,0.0232277,-0.776639
1.305,0.60591,0.368611,2.94176,-3.73623,0.118916,1.50279,1.34597,-0.0355461,0.0348099,0.118469,0.357841,0.201022,3.51149,-3.83739,0.118107,1.3352,1.0979,-0.050674,0.0644367,0.118543,-0.0300011,5.52277e-08,0.119282,0.00137917,-0.000460015,-0.000219167,0.999999,0.00170591,-6.70242e-06,0.0163287,0.0214965,0.0317207,-0.00347045,0.0104408,0.0245203,-0.765877
1.306,0.608144,0.36997,3.55768,-4.23863,0.118931,1.50833,1.35093,-0.0512699,0.0209223,0.118479,0.35916,0.201763,3.85228,-4.22294,0.118126,1.34012,1.10195,-0.0751911,0.056522,0.118567,-0.0300011,5.51843e-08,0.119298,0.00139483,-0.000447567,-0.000220901,0.999999,0.00172233,-8.83359e-06,0.016879,0.0313141,0.0248968,-0.00351575,0.0256889,0.02678,0.550239
1.307,0.610378,0.37133,2.96306,-3.72229,0.118944,1.51387,1.35589,-0.0298853,0.0440706,0.118488,0.36048,0.202504,3.66057,-4.0051,0.118145,1.34505,1.106,-0.0365573,0.0643981,0.118591,-0.0300011,5.51404e-08,0.119315,0.0014067,-0.00043521,-0.000222615,0.999999,0.00170969,-7.18605e-06,0.0163456,0.0237216,0.0247144,-0.00347311,-0.00457502,0.0277425,-0.533374
1.308,0.612613,0.372689,2.9542,-3.70375,0.118956,1.51941,1.36086,-0.0234802,0.0472326,0.118498,0.361799,0.203245,3.70543,-4.03314,0.118165,1.34997,1.11004,-0.0388807,0.0663469,0.118613,-0.0300012,5.5096e-08,0.119331,0.00141576,-0.000422691,-0.000224333,0.999999,0.00171106,-5.91362e-06,0.0158422,0.0181221,0.0250375,-0.00347909,0.00923077,0.0276265,-0.503449
1.309,0.614847,0.374048,3.07316,-3.82207,0.118968,1.52495,1.36582,-0.0308977,0.0381659,0.118507,0.363119,0.203987,3.65468,-4.01066,0.118184,1.35489,1.11409,-0.0474719,0.0600007,0.118634,-0.0300012,5.50511e-08,0.119346,0.00142378,-0.000411199,-0.000226065,0.999999,0.00171517,-5.41688e-06,0.0154894,0.0160324,0.0229835,-0.00350469,0.0118861,0.0274302,-0.352864
1.31,0.617081,0.375407,3.1767,-3.94787,0.118981,1.5305,1.37078,-0.0323349,0.0366289,0.118518,0.364438,0.204728,3.78755,-4.12228,0.118202,1.35982,1.11814,-0.0487086,0.0600157,0.118655,-0.0300012,5.50058e-08,0.119361,0.00143065,-0.000400841,-0.000227807,0.999999,0.00171936,-4.88018e-06,0.0154738,0.0137389,0.020714,-0.00351907,0.0120354,0.028565,-0.0156959
1.311,0.619315,0.376766,2.98579,-3.79069,0.118993,1.53604,1.37575,-0.0253988,0.0413866,0.118528,0.365758,0.205469,3.69223,-4.02358,0.118221,1.36474,1.12219,-0.039946,0.0623529,0.118675,-0.0300012,5.49599e-08,0.119377,0.00143499,-0.000390836,-0.000229547,0.999999,0.00171531,-3.74663e-06,0.0150852,0.00867208,0.0200056,-0.00351081,0.00330136,0.0281727,-0.388596
1.312,0.62155,0.378126,2.90028,-3.7271,0.119004,1.54158,1.38071,-0.0243108,0.0391267,0.118538,0.367077,0.20621,3.56737,-3.92035,0.118238,1.36966,1.12624,-0.0412398,0.0610703,0.118693,-0.0300012,5.49135e-08,0.119391,0.00143786,-0.000381342,-0.000231289,0.999999,0.00171363,-3.07201e-06,0.0144504,0.00572534,0.0189852,-0.00351493,0.00530852,0.0270605,-0.634885
1.313,0.623784,0.379485,3.4041,-4.17643,0.119017,1.54712,1.38567,-0.0401572,0.0234206,0.118549,0.368397,0.206952,3.84319,-4.20747,0.118255,1.37459,1.13029,-0.062636,0.0536851,0.118712,-0.0300012,5.48666e-08,0.119406,0.00144312,-0.000374538,-0.000233056,0.999999,0.00172625,-4.08621e-06,0.0149177,0.0105204,0.0136055,-0.0035568,0.0203206,0.0286563,0.467254
1.314,0.626018,0.380844,2.69645,-3.55863,0.119028,1.55266,1.39064,-0.0182942,0.0424092,0.11856,0.369717,0.207693,3.4611,-3.83964,0.118272,1.37951,1.13433,-0.0294771,0.0632501,0.118729,-0.0300012,5.48191e-08,0.11942,0.00144478,-0.000367381,-0.000234798,0.999999,0.00170874,-2.52083e-06,0.0139095,0.00331687,0.0143094,-0.00350556,-0.0110521,0.0269921,-1.00817
1.315,0.628252,0.382203,3.02587,-3.83394,0.11904,1.5582,1.3956,-0.0271443,0.0312197,0.118571,0.371036,0.208434,3.6107,-4.00104,0.118287,1.38443,1.13838,-0.0488858,0.0582387,0.118745,-0.0300012,5.47712e-08,0.119433,0.00144732,-0.000361498,-0.000236557,0.999999,0.00171702,-2.86135e-06,0.0135721,0.00507267,0.0117618,-0.00353779,0.0151243,0.0270846,-0.337502
1.316,0.630487,0.383563,2.94739,-3.79768,0.11905,1.56375,1.40056,-0.0200181,0.0397286,0.118582,0.372356,0.209175,3.75867,-4.09802,0.118303,1.38936,1.14243,-0.0333672,0.0639469,0.118761,-0.0300012,5.47226e-08,0.119447,0.00144637,-0.000355484,-0.000238316,0.999999,0.00171717,-1.29579e-06,0.0133038,-0.00191301,0.0120215,-0.00353511,0.0069208,0.0291686,-0.268353
1.317,0.632721,0.384922,3.24623,-4.06257,0.119062,1.56929,1.40553,-0.027777,0.02847,0.118594,0.373675,0.209917,3.85212,-4.25229,0.118318,1.39428,1.14648,-0.0533616,0.0597132,0.118776,-0.0300012,5.46736e-08,0.11946,0.00144751,-0.000351128,-0.000240092,0.999999,0.00172434,-2.18426e-06,0.0136413,0.00227974,0.00870826,-0.00356376,0.0142913,0.0284939,0.337455
1.318,0.634955,0.386281,2.60683,-3.48835,0.119072,1.57483,1.41049,-0.0118317,0.0436239,0.118605,0.374995,0.210658,3.45784,-3.83765,0.118334,1.39921,1.15053,-0.0210315,0.0640779,0.11879,-0.0300012,5.4624e-08,0.119473,0.00144328,-0.000345849,-0.000241848,0.999999,0.00170705,1.71088e-07,0.0125545,-0.00846554,0.0105515,-0.00352428,-0.0112635,0.0275283,-1.08679
1.319,0.63719,0.38764,3.34159,-4.16351,0.119084,1.58037,1.41545,-0.0271977,0.0260468,0.118617,0.376314,0.211399,3.98802,-4.35632,0.118348,1.40413,1.15458,-0.0567216,0.0601347,0.118805,-0.0300012,5.45739e-08,0.119486,0.00144229,-0.000342351,-0.000243635,0.999999,0.00172692,-1.19279e-06,0.0132223,-0.00196609,0.00698978,-0.00358407,0.0270401,0.0288716,0.667663
1.32,0.639424,0.389,3.02365,-3.91616,0.119095,1.58591,1.42042,-0.0192172,0.03368,0.118629,0.377634,0.21214,3.8244,-4.19995,0.118363,1.40905,1.15863,-0.0353561,0.0641451,0.118819,-0.0300012,5.45233e-08,0.1195,0.00143956,-0.000339186,-0.000245414,0.999999,0.00171838,-4.29153e-07,0.0132642,-0.00547769,0.00632264,-0.00356631,-0.00186583,0.0291259,0.0419158
1.321,0.641658,0.390359,3.01253,-3.88468,0.119107,1.59145,1.42538,-0.0156615,0.0351231,0.118642,0.378953,0.212882,3.83302,-4.21651,0.118378,1.41398,1.16267,-0.036562,0.064542,0.118833,-0.0300012,5.44722e-08,0.119513,0.00143579,-0.000336231,-0.000247195,0.999999,0.00171688,4.77003e-08,0.0133032,-0.00754478,0.00590476,-0.00356738,0.00511951,0.0287597,0.0389177
1.322,0.643892,0.391718,3.04143,-3.89106,0.119119,1.59699,1.43034,-0.0192508,0.0297757,0.118655,0.380273,0.213623,3.76001,-4.17035,0.118393,1.4189,1.16672,-0.0404381,0.0604448,0.118846,-0.0300012,5.44206e-08,0.119527,0.00143201,-0.000334119,-0.000248983,0.999999,0.0017161,6.81574e-08,0.0133203,-0.00756381,0.00421705,-0.00357862,0.00577488,0.0281668,0.0171261
1.323,0.646127,0.393077,2.58984,-3.46781,0.119128,1.60254,1.43531,-0.00541901,0.042348,0.118668,0.381592,0.214364,3.52342,-3.88151,0.118408,1.42382,1.17077,-0.0182829,0.0646508,0.118859,-0.0300012,5.43686e-08,0.119539,0.00142287,-0.000330811,-0.000250757,0.999999,0.00170361,2.42981e-06,0.0123478,-0.0182743,0.00660474,-0.00355152,-0.00664967,0.0275056,-0.972611
1.324,0.648361,0.394437,3.18765,-4.05541,0.11914,1.60808,1.44027,-0.0240224,0.0210223,0.118681,0.382912,0.215105,3.80651,-4.2004,0.118422,1.42875,1.17482,-0.054207,0.0559004,0.118871,-0.0300012,5.4316e-08,0.119552,0.00141798,-0.000329507,-0.000252563,0.999999,0.00172002,6.12241e-07,0.0126849,-0.00977825,0.00260118,-0.00361262,0.0230876,0.0269693,0.337044
1.325,0.650595,0.395796,2.95507,-3.84773,0.119151,1.61362,1.44523,-0.0115064,0.0334083,0.118694,0.384231,0.215847,3.88313,-4.26825,0.118437,1.43367,1.17887,-0.0291452,0.0675171,0.118883,-0.0300012,5.4263e-08,0.119565,0.00141134,-0.000327892,-0.000254357,0.999999,0.00171507,1.37647e-06,0.0127773,-0.0132774,0.0032207,-0.00358779,0.00154301,0.0287148,0.0924193
1.326,0.65283,0.397155,2.84113,-3.71485,0.119161,1.61916,1.45019,-0.00971518,0.0327888,0.118707,0.385551,0.216588,3.67948,-4.10202,0.118451,1.43859,1.18292,-0.0310522,0.0638989,0.118895,-0.0300012,5.42096e-08,0.119577,0.00140411,-0.000326267,-0.000256152,0.999999,0.00170985,1.64663e-06,0.0124653,-0.0144679,0.00324273,-0.00359031,0.000967903,0.0269414,-0.312062
1.327,0.655064,0.398514,2.83669,-3.71695,0.119172,1.6247,1.45516,-0.0112968,0.0301322,0.11872,0.386871,0.217329,3.64358,-4.06303,0.118465,1.44352,1.18697,-0.0308695,0.0605813,0.118907,-0.0300012,5.41558e-08,0.11959,0.00139562,-0.0003248,-0.000257954,0.999999,0.00170909,2.21837e-06,0.0121193,-0.0169918,0.00292323,-0.0036017,0.00538145,0.0269891,-0.346045
1.328,0.657298,0.399874,2.83002,-3.70959,0.119181,1.63024,1.46012,-0.00733973,0.0327622,0.118732,0.38819,0.218071,3.72786,-4.11495,0.118479,1.44844,1.19101,-0.0276575,0.0626812,0.118918,-0.0300012,5.41015e-08,0.119602,0.0013851,-0.000323041,-0.000259757,0.999999,0.00170924,3.12646e-06,0.0118659,-0.0210332,0.00350798,-0.00360603,0.00632026,0.0273833,-0.253472
1.329,0.659533,0.401233,2.96066,-3.82488,0.119191,1.63579,1.46508,-0.0159872,0.0220783,0.118745,0.38951,0.218812,3.65049,-4.09881,0.118493,1.45336,1.19506,-0.0413665,0.0563471,0.118928,-0.0300012,5.40469e-08,0.119614,0.00137704,-0.000322547,-0.000261574,0.999999,0.00171134,2.06078e-06,0.0117724,-0.0161267,0.000979908,-0.00362939,0.00835926,0.0256974,-0.0934434
1.33,0.661767,0.402592,3.84001,-4.84209,0.119199,1.64133,1.47005,0.0344259,0.0766736,0.118764,0.390829,0.219553,6.05604,-6.3831,0.118518,1.45829,1.19911,0.029079,0.104017,0.118942,-0.0300012,5.39917e-08,0.11963,0.00134203,-0.000314651,-0.000263376,0.999999,0.00175489,1.40705e-05,0.0159225,-0.0700159,0.0157681,-0.00360232,0.0523196,0.0495036,4.14997
1.331,0.664001,0.403951,2.94896,-4.08876,0.119211,1.64687,1.47501,-0.0303548,0.000831613,0.118781,0.392149,0.220294,2.93005,-3.47616,0.118535,1.46321,1.20316,-0.0908233,0.0327009,0.118955,-0.0300012,5.3936e-08,0.119645,0.00132878,-0.000313629,-0.000265227,0.999999,0.00170191,4.39254e-06,0.015223,-0.0265014,0.00203213,-0.00369665,-0.0472719,0.014508,-0.699526
1.332,0.666236,0.405311,2.4619,-3.39398,0.119224,1.65241,1.47997,-0.0249348,0.00915647,0.118796,0.393468,0.221036,3.0862,-3.45588,0.11855,1.46814,1.20721,-0.032824,0.0537652,0.118967,-0.0300012,5.388e-08,0.119659,0.00131895,-0.000313999,-0.000267038,0.999999,0.00168438,2.80552e-06,0.0137383,-0.0196688,-0.000750113,-0.00361612,-0.0122988,0.0203664,-1.48472
1.333,0.66847,0.40667,2.60069,-3.45073,0.119235,1.65795,1.48494,-0.0106831,0.0224366,0.118811,0.394788,0.221777,3.44602,-3.77704,0.118564,1.47306,1.21126,-0.0272071,0.0580017,0.118978,-0.0300012,5.38236e-08,0.119672,0.00130921,-0.000314437,-0.000268848,0.999999,0.00169143,2.77868e-06,0.0128308,-0.0194692,-0.000885498,-0.00361189,0.0126374,0.0232891,-0.907488
1.334,0.670704,0.408029,2.732,-3.5743,0.119247,1.66349,1.4899,-0.0126596,0.0190458,0.118824,0.396108,0.222518,3.46622,-3.87443,0.118577,1.47798,1.21531,-0.035461,0.055019,0.118989,-0.0300012,5.37669e-08,0.119685,0.00130246,-0.000315825,-0.000270669,0.999999,0.00169716,1.48574e-06,0.0122074,-0.0135089,-0.00278429,-0.00363357,0.0115252,0.0226423,-0.623409
1.335,0.672939,0.409388,2.54623,-3.42991,0.119257,1.66904,1.49487,-0.00154591,0.0285717,0.118837,0.397427,0.223259,3.49841,-3.86186,0.11859,1.48291,1.21935,-0.0184583,0.061434,0.118998,-0.0300012,5.37098e-08,0.119696,0.00129362,-0.000316503,-0.000272485,0.999999,0.00169381,2.39998e-06,0.0113358,-0.0176866,-0.00136538,-0.00362484,0.00230499,0.0240395,-0.871663
1.336,0.675173,0.410748,2.59395,-3.46581,0.119266,1.67458,1.49983,0.00197036,0.030934,0.118849,0.398747,0.224001,3.58584,-3.97269,0.118602,1.48783,1.2234,-0.0208915,0.0640917,0.119008,-0.0300012,5.36525e-08,0.119707,0.00128465,-0.000316383,-0.000274306,0.999999,0.00169656,2.4721e-06,0.0106612,-0.0179325,0.000228662,-0.00363724,0.00852291,0.0235468,-0.674623
1.337,0.677408,0.412107,2.82752,-3.68303,0.119275,1.68012,1.50479,-0.00958297,0.0179609,0.118861,0.400066,0.224742,3.59508,-4.04602,0.118613,1.49275,1.22745,-0.0324526,0.0548511,0.119017,-0.0300012,5.35949e-08,0.119718,0.00127776,-0.000317181,-0.000276147,0.999999,0.00170244,1.57782e-06,0.0104228,-0.0137771,-0.00160274,-0.00367563,0.0119444,0.0235712,-0.238415
1.338,0.679642,0.413466,2.55506,-3.45812,0.119284,1.68566,1.50976,0.00600701,0.0320432,0.118872,0.401386,0.225483,3.63773,-4.02806,0.118624,1.49768,1.2315,-0.0136976,0.066598,0.119025,-0.0300012,5.3537e-08,0.119728,0.00126907,-0.00031665,-0.000277977,0.999999,0.00169535,2.35624e-06,0.00980639,-0.0173816,0.00105122,-0.00365546,-0.00127008,0.0241106,-0.616477
1.339,0.681876,0.414826,2.77005,-3.672,0.119292,1.6912,1.51472,-0.000683103,0.0243278,0.118883,0.402705,0.226225,3.70787,-4.16723,0.118635,1.5026,1.23555,-0.0251121,0.0615851,0.119034,-0.0300012,5.34788e-08,0.119738,0.00126197,-0.000316048,-0.000279823,0.999999,0.00170101,1.68399e-06,0.00966704,-0.0142117,0.00119605,-0.00368843,0.0117594,0.0237408,-0.139387
1.34,0.684111,0.416185,2.70969,-3.62805,0.1193,1.69674,1.51968,-0.00234973,0.0211483,0.118893,0.404025,0.226966,3.5909,-4.07084,0.118646,1.50752,1.2396,-0.0236265,0.0584054,0.119043,-0.0300012,5.34205e-08,0.119747,0.00125574,-0.000315602,-0.000281674,0.999999,0.00169726,1.29772e-06,0.00933126,-0.0124664,0.000884491,-0.00370001,0.00222241,0.0234076,-0.335809
1.341,0.686345,0.417544,2.80322,-3.74329,0.119308,1.70229,1.52465,0.00514239,0.0260241,0.118903,0.405345,0.227707,3.89035,-4.2976,0.118657,1.51245,1.24365,-0.016827,0.0632422,0.119051,-0.0300012,5.33619e-08,0.119757,0.00124755,-0.000314365,-0.000283529,0.999999,0.00170015,2.1587e-06,0.00950391,-0.0163659,0.00246304,-0.00370832,0.00916448,0.0257721,0.172619
1.342,0.688579,0.418903,2.68327,-3.64501,0.119315,1.70783,1.52961,0.000675525,0.0213991,0.118913,0.406664,0.228448,3.56348,-4.06012,0.118668,1.51737,1.24769,-0.0235076,0.0561502,0.11906,-0.0300012,5.3303e-08,0.119767,0.00124043,-0.000313369,-0.00028539,0.999999,0.00169312,1.69701e-06,0.00915781,-0.0142573,0.00198318,-0.00371887,-0.00110225,0.0230145,-0.34613
1.343,0.690814,0.420263,2.77408,-3.76996,0.119322,1.71337,1.53457,0.00954296,0.0269415,0.118923,0.407984,0.22919,3.93455,-4.34176,0.11868,1.5223,1.25174,-0.012619,0.064249,0.119068,-0.0300012,5.3244e-08,0.119776,0.00123028,-0.000311203,-0.000287252,0.999999,0.00169665,3.01822e-06,0.00939818,-0.0202853,0.00432193,-0.00372254,0.00976977,0.0260545,0.240333
1.344,0.693048,0.421622,4.59456,-6.49121,0.119343,1.71891,1.53954,-0.0669416,-0.048201,0.118939,0.409303,0.229931,4.67053,-5.50035,0.118689,1.52722,1.25579,-0.113641,0.0161055,0.119082,-0.0300012,5.31845e-08,0.119791,0.00124517,-0.000319472,-0.000289237,0.999999,0.0017572,-7.74766e-06,0.0142468,0.0297702,-0.0165333,-0.00396032,0.0699114,0.0257777,4.84854
1.345,0.695282,0.422981,1.92454,-2.96918,0.119355,1.72445,1.5445,0.0520539,0.062585,0.118953,0.410623,0.230672,3.80105,-4.29057,0.118702,1.53214,1.25984,0.0523065,0.0992152,0.119094,-0.0300012,5.31247e-08,0.119804,0.00124116,-0.000320141,-0.000291037,0.999999,0.00166084,2.58896e-07,0.0130532,-0.00801684,-0.0013461,-0.00359495,-0.0908459,0.02934,-1.1936
1.346,0.697517,0.424341,2.28034,-3.13077,0.119365,1.72999,1.54946,0.0263091,0.0406087,0.118965,0.411943,0.231414,3.3635,-3.86376,0.118716,1.53707,1.26389,-0.00273708,0.061835,0.119105,-0.0300012,5.30646e-08,0.119817,0.00123209,-0.000318588,-0.000292878,0.999999,0.00166157,2.51744e-06,0.0117615,-0.0181371,0.00309681,-0.00368039,0.0061448,0.023251,-1.29173
1.347,0.699751,0.4257,2.57374,-3.5036,0.119373,1.73554,1.55443,0.0125643,0.0260252,0.118977,0.413262,0.232155,3.62489,-4.08404,0.11873,1.54199,1.26794,-0.0135143,0.0583453,0.119115,-0.0300012,5.30042e-08,0.119828,0.00122147,-0.000316076,-0.000294748,0.999999,0.00167509,3.22509e-06,0.011335,-0.0212576,0.00501358,-0.00374011,0.0194483,0.0236407,-0.426483
1.348,0.701986,0.427059,2.49012,-3.4983,0.119381,1.74108,1.55939,0.00957148,0.022383,0.118988,0.414582,0.232896,3.4862,-3.98248,0.118743,1.54691,1.27199,-0.0132963,0.056741,0.119126,-0.0300012,5.29436e-08,0.119839,0.00121012,-0.000312949,-0.000296627,0.999999,0.00167399,3.53383e-06,0.01069,-0.0226911,0.0062416,-0.00375775,0.0046274,0.0224911,-0.645085
1.349,0.70422,0.428419,2.55883,-3.58845,0.119388,1.74662,1.56435,0.00858846,0.0197943,0.118999,0.415901,0.233637,3.57147,-4.06411,0.118757,1.55184,1.27603,-0.0142445,0.0561848,0.119135,-0.0300012,5.28827e-08,0.11985,0.00119842,-0.000309356,-0.000298514,0.999999,0.00167655,3.68772e-06,0.0102938,-0.0233968,0.00717446,-0.00377478,0.00837987,0.0227206,-0.396238
1.35,0.706454,0.429778,2.57031,-3.64047,0.119394,1.75216,1.56932,0.0108393,0.0204625,0.119009,0.417221,0.234379,3.64088,-4.13242,0.118771,1.55676,1.28008,-0.0121861,0.0579119,0.119145,-0.0300012,5.28215e-08,0.11986,0.00118633,-0.000305102,-0.000300405,0.999999,0.00167714,3.8535e-06,0.0100428,-0.0241831,0.00849657,-0.00378471,0.00641261,0.0228483,-0.25097
1.351,0.708689,0.431137,2.59721,-3.6669,0.119401,1.7577,1.57428,0.0071332,0.0162269,0.119019,0.418541,0.23512,3.58007,-4.10773,0.118784,1.56169,1.28413,-0.016034,0.0542409,0.119155,-0.0300012,5.276e-08,0.119871,0.00117543,-0.000300821,-0.000302303,0.999999,0.00167594,3.33834e-06,0.00980335,-0.0218201,0.00855252,-0.00380003,0.00454712,0.0219848,-0.239501
1.352,0.710923,0.432496,3.01108,-4.05611,0.119408,1.76324,1.57924,0.00272557,0.00532327,0.11903,0.41986,0.235861,3.99698,-4.45814,0.118798,1.56661,1.28818,-0.0227649,0.0484913,0.119165,-0.0300012,5.26983e-08,0.119882,0.0011648,-0.00029748,-0.000304221,0.999999,0.00168706,3.22101e-06,0.0107638,-0.0212464,0.00667103,-0.00383767,0.0175217,0.0249824,0.960444
1.353,0.713158,0.433856,2.67761,-3.77499,0.119416,1.76879,1.58421,0.015214,0.0167462,0.119042,0.42118,0.236603,3.78783,-4.26863,0.118812,1.57153,1.29223,-0.0100733,0.0545071,0.119176,-0.0300012,5.26363e-08,0.119893,0.0011519,-0.00029366,-0.000306124,0.999999,0.00167349,4.17493e-06,0.0109654,-0.0258125,0.00762602,-0.00380624,-0.00769442,0.0240119,0.201501
1.354,0.715392,0.435215,2.74114,-3.84292,0.119424,1.77433,1.58917,0.0116649,0.0133291,0.119054,0.422499,0.237344,3.79982,-4.28309,0.118827,1.57646,1.29628,-0.0154528,0.0514098,0.119186,-0.0300012,5.25739e-08,0.119905,0.00113906,-0.000289943,-0.000308032,0.999999,0.00167181,4.14234e-06,0.0113064,-0.0256857,0.00742312,-0.00381811,0.00419955,0.0230935,0.341048
1.355,0.717626,0.436574,2.41836,-3.54711,0.11943,1.77987,1.59413,0.0189247,0.0199357,0.119065,0.423819,0.238085,3.54659,-4.03034,0.118842,1.58138,1.30033,-0.00434214,0.0560046,0.119197,-0.0300012,5.25112e-08,0.119916,0.00112366,-0.000285179,-0.000309929,0.999999,0.00165871,5.2097e-06,0.010813,-0.0308123,0.00951344,-0.00379557,-0.00778874,0.0219981,-0.493417
1.356,0.719861,0.437934,2.83855,-3.9396,0.119438,1.78541,1.5991,-0.00257435,-0.000499665,0.119077,0.425139,0.238826,3.63949,-4.17251,0.118856,1.5863,1.30438,-0.0293693,0.0388602,0.119207,-0.0300012,5.24481e-08,0.119928,0.00111297,-0.000282473,-0.000311856,0.999999,0.00166838,3.20352e-06,0.0111908,-0.0213776,0.00540116,-0.00385369,0.0154147,0.0206791,0.377732
1.357,0.722095,0.439293,2.56624,-3.69165,0.119446,1.79095,1.60406,0.0158257,0.0129476,0.119089,0.426458,0.239568,3.70334,-4.19172,0.118871,1.59123,1.30842,-0.00618141,0.0538757,0.119218,-0.0300012,5.23847e-08,0.11994,0.0011004,-0.000279141,-0.000313763,0.999999,0.00165914,3.97373e-06,0.0111933,-0.02514,0.00665257,-0.00381475,-0.00377293,0.0223614,0.00248704
1.358,0.724329,0.440652,2.71559,-3.81966,0.119455,1.7965,1.60902,0.0100562,0.00595228,0.119101,0.427778,0.240309,3.69466,-4.2135,0.118885,1.59615,1.31247,-0.0163835,0.0450751,0.119228,-0.0300012,5.2321e-08,0.119952,0.00108836,-0.000276477,-0.000315683,0.999999,0.00166005,3.74551e-06,0.0114614,-0.0240898,0.00531588,-0.00383865,0.00648195,0.0217112,0.268038
1.359,0.726564,0.442012,2.62126,-3.73943,0.119463,1.80204,1.61399,0.0152171,0.00849931,0.119114,0.429097,0.24105,3.67969,-4.1809,0.1189,1.60108,1.31652,-0.0104062,0.0476773,0.119239,-0.0300012,5.22568e-08,0.119964,0.00107499,-0.000273844,-0.000317599,0.999999,0.00165447,4.28581e-06,0.0115713,-0.0267348,0.00525395,-0.00383115,-0.000160012,0.021866,0.109894
1.36,0.728798,0.443371,2.4228,-3.53321,0.11947,1.80758,1.61895,0.0204012,0.0138853,0.119126,0.430417,0.241792,3.51713,-4.01698,0.118915,1.606,1.32057,-0.004996,0.0500744,0.119249,-0.0300012,5.21923e-08,0.119975,0.00105944,-0.000270572,-0.000319508,0.999999,0.00164482,5.18391e-06,0.0111445,-0.0310948,0.00652978,-0.00381701,-0.00457301,0.0207755,-0.426778
1.361,0.731033,0.44473,2.66284,-3.77269,0.119479,1.81312,1.62391,0.0106903,0.00667409,0.119138,0.431737,0.242533,3.70077,-4.20241,0.118929,1.61092,1.32462,-0.0151652,0.045576,0.119259,-0.0300012,5.21273e-08,0.119987,0.00104706,-0.000267882,-0.000321434,0.999999,0.00165099,3.84467e-06,0.011387,-0.0247792,0.0053668,-0.00385075,0.0115499,0.0197175,0.242421
1.362,0.733267,0.446089,2.4848,-3.60826,0.119487,1.81866,1.62888,0.0137645,0.00610193,0.11915,0.433056,0.243274,3.50518,-4.03927,0.118944,1.61585,1.32867,-0.00790158,0.0467397,0.119269,-0.0300012,5.2062e-08,0.119999,0.00103465,-0.000265327,-0.000323356,0.999999,0.00164204,3.8249e-06,0.0111243,-0.0248237,0.00509882,-0.00384264,-0.00388881,0.0197324,-0.262644
1.363,0.735501,0.447449,2.52592,-3.63452,0.119495,1.8242,1.63384,0.0139677,0.00547057,0.119162,0.434376,0.244016,3.54347,-4.07774,0.118957,1.62077,1.33272,-0.0101212,0.0444809,0.119279,-0.0300012,5.19964e-08,0.12001,0.00102299,-0.000263061,-0.000325283,0.999999,0.00164066,3.49408e-06,0.0109886,-0.0233196,0.00452026,-0.00385139,0.00369535,0.0194632,-0.135751
1.364,0.737736,0.448808,2.47187,-3.5798,0.119503,1.82975,1.6388,0.0216515,0.00985903,0.119174,0.435695,0.244757,3.62166,-4.12863,0.118971,1.62569,1.33676,-0.00264883,0.0496718,0.119289,-0.0300012,5.19304e-08,0.120022,0.00101001,-0.000260178,-0.000327206,0.999999,0.00163736,4.02496e-06,0.0108582,-0.0259499,0.00575329,-0.00384571,0.00173054,0.0200833,-0.130433
1.365,0.73997,0.450167,2.44801,-3.55784,0.11951,1.83529,1.64377,0.0193769,0.00826482,0.119186,0.437015,0.245498,3.52767,-4.05894,0.118985,1.63062,1.34081,-0.00526894,0.0464378,0.119299,-0.0300012,5.1864e-08,0.120033,0.000997133,-0.000257115,-0.000329135,0.999999,0.00163346,3.96759e-06,0.0106025,-0.0257639,0.00611338,-0.00385683,0.00100926,0.0189954,-0.255757
1.366,0.742205,0.451527,2.43618,-3.54731,0.119517,1.84083,1.64873,0.0142761,0.00358481,0.119197,0.438335,0.246239,3.41626,-3.97998,0.118998,1.63554,1.34486,-0.00882122,0.0418536,0.119309,-0.0300012,5.17974e-08,0.120044,0.000985616,-0.000254493,-0.00033107,0.999999,0.00162963,3.37886e-06,0.0102275,-0.023036,0.00523309,-0.0038701,0.000965672,0.0180091,-0.374945
1.367,0.744439,0.452886,2.36243,-3.46911,0.119523,1.84637,1.6537,0.0262636,0.0089227,0.119207,0.439654,0.246981,3.53008,-4.04611,0.119012,1.64047,1.34891,0.00183004,0.0490676,0.119318,-0.0300013,5.17304e-08,0.120054,0.000971111,-0.000250911,-0.000332999,0.999999,0.00162595,4.59707e-06,0.00984856,-0.0290142,0.00715044,-0.00385747,0.00104489,0.0195344,-0.378987
1.368,0.746673,0.454245,2.53068,-3.64747,0.11953,1.85191,1.65866,0.0138612,-0.00106867,0.119218,0.440974,0.247722,3.47758,-4.04508,0.119025,1.64539,1.35296,-0.0123666,0.0366895,0.119326,-0.0300013,5.1663e-08,0.120064,0.000958553,-0.00024832,-0.000334947,0.999999,0.00162786,3.7743e-06,0.00976388,-0.0251182,0.00517044,-0.00389449,0.00674174,0.0178247,-0.0847067
1.369,0.748908,0.455605,2.41354,-3.53045,0.119536,1.85745,1.66362,0.0248194,0.00638923,0.119229,0.442293,0.248463,3.58403,-4.11313,0.119038,1.65031,1.35701,0.00065006,0.0469698,0.119335,-0.0300013,5.15953e-08,0.120075,0.000944874,-0.000245119,-0.000336885,0.999999,0.00162226,4.20812e-06,0.00960724,-0.0273605,0.00638931,-0.00387472,-0.000881632,0.018674,-0.156658
1.37,0.751142,0.456964,2.3793,-3.48642,0.119541,1.863,1.66859,0.0287186,0.00823192,0.119239,0.443613,0.249205,3.57911,-4.09791,0.119051,1.65524,1.36106,0.00301402,0.0479955,0.119344,-0.0300013,5.15273e-08,0.120085,0.000929422,-0.00024105,-0.000338823,0.999999,0.00161792,4.91294e-06,0.00938623,-0.0309079,0.00812372,-0.00387611,0.000285048,0.0185278,-0.221019
1.371,0.753377,0.458323,2.29189,-3.41705,0.119546,1.86854,1.67355,0.0219767,0.00599566,0.119248,0.444933,0.249946,3.35709,-3.92066,0.119064,1.66016,1.36511,-0.00146753,0.0427266,0.119352,-0.0300013,5.14589e-08,0.120094,0.000914828,-0.000236838,-0.000340766,0.999999,0.00161077,4.53073e-06,0.00878655,-0.0291926,0.00841022,-0.00388765,-0.00279893,0.0164661,-0.599692
1.372,0.755611,0.459683,2.51555,-3.64191,0.119551,1.87408,1.67851,0.0196703,-0.00198101,0.119258,0.446252,0.250687,3.61112,-4.14836,0.119077,1.66508,1.36915,-0.00432342,0.0399574,0.11936,-0.0300013,5.13902e-08,0.120104,0.000901291,-0.000232977,-0.000342723,1,0.00161664,4.07184e-06,0.00891776,-0.0270763,0.00770986,-0.00391363,0.0104961,0.0174666,0.131191
1.373,0.757846,0.461042,2.43418,-3.55936,0.119557,1.87962,1.68348,0.0233605,0.00241948,0.119267,0.447572,0.251429,3.58737,-4.14498,0.119089,1.67001,1.3732,0.000487804,0.0430606,0.119368,-0.0300013,5.13212e-08,0.120113,0.000888958,-0.000228996,-0.000344676,1,0.00161061,3.54951e-06,0.00891336,-0.0246707,0.00794934,-0.00390743,-0.00154308,0.0169086,-0.00442002
1.374,0.76008,0.462401,2.28185,-3.40231,0.119561,1.88516,1.68844,0.0317817,0.00714808,0.119276,0.448891,0.25217,3.5206,-4.0563,0.119102,1.67493,1.37725,0.00829066,0.0482622,0.119377,-0.0300013,5.12518e-08,0.120122,0.000874823,-0.0002239,-0.000346621,1,0.00160152,4.25161e-06,0.00854633,-0.0282732,0.0101799,-0.00389407,-0.00487242,0.017219,-0.36704
1.375,0.762314,0.46376,2.26039,-3.37836,0.119564,1.89071,1.6934,0.0316773,0.00606527,0.119284,0.450211,0.252911,3.4594,-3.98801,0.119115,1.67986,1.3813,0.00627362,0.045262,0.119385,-0.0300013,5.11822e-08,0.120131,0.000859087,-0.000217912,-0.000348572,1,0.00159712,4.87249e-06,0.00807269,-0.0314781,0.0119604,-0.00390431,-0.000332473,0.0166607,-0.47365
1.376,0.764549,0.46512,2.26383,-3.39857,0.119567,1.89625,1.69837,0.0280654,0.00429723,0.119291,0.451531,0.253652,3.43031,-3.96491,0.119128,1.68478,1.38535,0.0041127,0.042436,0.119392,-0.0300013,5.11124e-08,0.120139,0.000843487,-0.000211419,-0.000350529,1,0.00159444,4.78386e-06,0.00760571,-0.031206,0.0129729,-0.00391821,0.00126996,0.0156723,-0.466996
1.377,0.766783,0.466479,2.40585,-3.53992,0.11957,1.90179,1.70333,0.0205301,-0.00392001,0.119299,0.45285,0.254394,3.48355,-4.04882,0.11914,1.6897,1.3894,-0.00170236,0.0360992,0.1194,-0.0300013,5.10422e-08,0.120148,0.000830252,-0.000205453,-0.000352499,1,0.00159623,3.79644e-06,0.00751096,-0.0264744,0.0119189,-0.00394444,0.00577088,0.0151475,-0.094763
1.378,0.769018,0.467838,2.38046,-3.54321,0.119573,1.90733,1.70829,0.022053,-0.00303003,0.119306,0.45417,0.255135,3.5072,-4.09087,0.119151,1.69463,1.39345,0.00166317,0.0378471,0.119408,-0.0300013,5.09718e-08,0.120156,0.000819406,-0.00019976,-0.000354469,1,0.00159225,2.80349e-06,0.00745368,-0.0216975,0.0113756,-0.00394521,-8.29507e-05,0.0149886,-0.0572889
1.379,0.771252,0.469198,2.08783,-3.20378,0.119574,1.91287,1.71326,0.0394469,0.00895125,0.119311,0.455489,0.255876,3.39519,-3.94276,0.119163,1.69955,1.3975,0.0167596,0.0502655,0.119416,-0.0300013,5.09011e-08,0.120163,0.000805246,-0.000192187,-0.000356419,1,0.00157776,4.09739e-06,0.00667657,-0.0283259,0.0151312,-0.00390668,-0.0110281,0.0158321,-0.777118
1.38,0.773486,0.470557,2.72972,-3.99516,0.119574,1.91841,1.71822,0.0725333,0.0110093,0.119319,0.456809,0.256618,4.36735,-5.5332,0.119181,1.70448,1.40154,0.0317138,0.066841,0.119425,-0.0300013,5.08301e-08,0.120172,0.000780632,-0.000180376,-0.000358364,1,0.00161427,8.27483e-06,0.00858096,-0.0492367,0.023601,-0.00390011,0.0407277,0.0224939,1.90436
1.381,0.775721,0.471916,2.41788,-3.69143,0.119578,1.92396,1.72318,0.00284134,-0.00969155,0.119326,0.458129,0.257359,3.18541,-3.85834,0.119194,1.7094,1.40559,-0.0156234,0.0166386,0.119435,-0.0300013,5.07589e-08,0.120181,0.000768421,-0.000171983,-0.000360368,1,0.00157826,3.24862e-06,0.00841368,-0.0244281,0.0167741,-0.00401715,-0.0326971,0.00976887,-0.167277
1.382,0.777955,0.473276,2.04343,-3.21704,0.119579,1.9295,1.72815,0.0270187,-0.000207622,0.119332,0.459448,0.2581,3.27444,-3.78124,0.119207,1.71432,1.40964,0.0140565,0.043879,0.119444,-0.0300013,5.06874e-08,0.12019,0.000756099,-0.000162709,-0.000362335,1,0.00155948,3.24136e-06,0.00750855,-0.0246528,0.0185365,-0.00394403,-0.0158916,0.0134461,-0.905133
1.383,0.78019,0.474635,2.27143,-3.40555,0.119581,1.93504,1.73311,0.0251588,-0.00674713,0.119337,0.460768,0.258841,3.40891,-3.91233,0.11922,1.71925,1.41369,0.00389633,0.0338238,0.119453,-0.0300013,5.06157e-08,0.120198,0.000745202,-0.000153704,-0.000364317,1,0.00156462,2.65273e-06,0.00717328,-0.0218,0.0180002,-0.0039743,0.0080559,0.0135374,-0.335281
1.384,0.782424,0.475994,3.8851,-5.97818,0.119597,1.94058,1.73807,-0.0378571,-0.0685287,0.119347,0.462088,0.259583,4.66248,-5.40762,0.11923,1.72417,1.41774,-0.050605,-0.0215095,0.119467,-0.0300013,5.05436e-08,0.120211,0.000759694,-0.000154153,-0.000366427,1,0.00163464,-7.33445e-06,0.0121958,0.0289828,-0.000891138,-0.00422371,0.0745898,0.0126031,5.02248
1.385,0.784659,0.477354,1.47307,-2.63042,0.119603,1.94612,1.74304,0.0956287,0.0305785,0.119356,0.463407,0.260324,3.50192,-4.00474,0.119244,1.72909,1.42179,0.0689944,0.0926027,0.11948,-0.0300013,5.04713e-08,0.120222,0.000752957,-0.000146511,-0.000368325,1,0.00152541,9.70642e-07,0.0105887,-0.0134787,0.0152762,-0.00380571,-0.106842,0.0205776,-1.60703
1.386,0.786893,0.478713,1.96973,-2.95175,0.119607,1.95167,1.748,0.0443915,0.0120451,0.119363,0.464727,0.261065,3.1315,-3.65985,0.119258,1.73402,1.42584,0.0108857,0.0380344,0.119492,-0.0300013,5.03987e-08,0.120232,0.000745072,-0.000137666,-0.000370286,1,0.00152994,1.43701e-06,0.00927628,-0.0157773,0.0176804,-0.00393185,0.00687028,0.0131331,-1.31247
1.387,0.789127,0.480072,1.96175,-3.03452,0.11961,1.95721,1.75297,0.0336503,0.0014211,0.119369,0.466046,0.261807,3.11625,-3.62502,0.119271,1.73894,1.42988,0.0113057,0.0367044,0.119502,-0.0300013,5.03258e-08,0.120241,0.000736709,-0.000128062,-0.000372263,1,0.00153181,1.60244e-06,0.00801841,-0.0167339,0.0192003,-0.00396645,0.00404945,0.0127685,-1.25788
1.388,0.791362,0.481432,2.01956,-3.15687,0.119611,1.96275,1.75793,0.0353792,0.00112951,0.119373,0.467366,0.262548,3.27861,-3.78043,0.119284,1.74387,1.43393,0.014672,0.0385223,0.119512,-0.0300013,5.02527e-08,0.120249,0.000728215,-0.000117455,-0.000374249,1,0.00153604,1.63283e-06,0.00713407,-0.0169962,0.0212035,-0.0039844,0.00632512,0.0130339,-0.884347
1.389,0.793596,0.482791,1.98501,-3.18522,0.119611,1.96829,1.76289,0.0384409,0.00188056,0.119376,0.468686,0.263289,3.29143,-3.797,0.119297,1.74879,1.43798,0.017859,0.040403,0.119522,-0.0300013,5.01794e-08,0.120256,0.000719054,-0.000105604,-0.000376238,1,0.0015344,1.86765e-06,0.00626274,-0.018332,0.0236938,-0.00399433,0.000248177,0.013089,-0.871343
1.39,0.795831,0.48415,2.10806,-3.3479,0.119611,1.97383,1.76786,0.0290159,-0.00664571,0.119378,0.470005,0.264031,3.28477,-3.83361,0.119308,1.75371,1.44203,0.0101615,0.0308604,0.119531,-0.0300013,5.01059e-08,0.120262,0.000712124,-9.38628e-05,-0.000378246,1,0.00153621,9.85813e-07,0.00569541,-0.0138682,0.0234733,-0.00403003,0.00353258,0.0122841,-0.567341
1.391,0.798065,0.48551,2.079,-3.34376,0.11961,1.97937,1.77282,0.0343886,-0.00593826,0.119379,0.471325,0.264772,3.33985,-3.89163,0.119319,1.75864,1.44608,0.0149945,0.0343818,0.11954,-0.0300013,5.00322e-08,0.120268,0.000705854,-8.16748e-05,-0.000380252,1,0.00153251,7.12177e-07,0.00518592,-0.0125496,0.0243684,-0.00402881,-0.00217785,0.0128538,-0.509498
1.392,0.800299,0.486869,2.0757,-3.38247,0.119608,1.98492,1.77778,0.0430973,-0.00446739,0.11938,0.472644,0.265513,3.44965,-3.96962,0.11933,1.76356,1.45013,0.0193367,0.0380801,0.119549,-0.0300013,4.99583e-08,0.120274,0.000698194,-6.84084e-05,-0.000382258,1,0.00152958,1.22382e-06,0.00483493,-0.0153311,0.0265242,-0.0040296,-0.00164067,0.0137183,-0.350999
1.393,0.802534,0.488228,2.14042,-3.46827,0.119607,1.99046,1.78275,0.0328094,-0.00777104,0.11938,0.473964,0.266255,3.39334,-3.97071,0.119341,1.76848,1.45418,0.013594,0.0294699,0.119558,-0.0300013,4.98842e-08,0.120279,0.00069323,-5.52275e-05,-0.000384277,1,0.00152699,1.80828e-07,0.00461255,-0.00993953,0.0263551,-0.00405511,-0.00154056,0.0122484,-0.222382
1.394,0.804768,0.489588,2.1585,-3.49344,0.119606,1.996,1.78771,0.0399997,-0.00742812,0.11938,0.475284,0.266996,3.55694,-4.1044,0.119352,1.77341,1.45823,0.020529,0.0351379,0.119567,-0.0300013,4.98098e-08,0.120285,0.00068902,-4.13564e-05,-0.000386294,1,0.0015241,-1.20803e-07,0.00464907,-0.00843083,0.0277362,-0.00405356,-0.00207918,0.0132654,0.0365093
1.395,0.807003,0.490947,1.89702,-3.26752,0.119602,2.00154,1.79267,0.0447578,0.00050465,0.119378,0.476603,0.267737,3.29363,-3.84863,0.119363,1.77833,1.46227,0.0252407,0.0397191,0.119577,-0.0300013,4.97353e-08,0.12029,0.000684068,-2.60217e-05,-0.000388302,1,0.00150792,1.47209e-07,0.00388069,-0.00991523,0.0306628,-0.00403722,-0.0157107,0.0126258,-0.768392
1.396,0.809237,0.492306,2.17014,-3.52391,0.1196,2.00708,1.79764,0.0397468,-0.00894756,0.119377,0.477923,0.268478,3.55932,-4.10498,0.119374,1.78326,1.46632,0.0197401,0.0317302,0.119586,-0.0300013,4.96606e-08,0.120294,0.000680664,-1.02422e-05,-0.00039033,1,0.00151497,-4.45968e-07,0.00398828,-0.00682093,0.0315536,-0.00407675,0.00724396,0.0129136,0.107584
1.397,0.811472,0.493665,2.05058,-3.45079,0.119596,2.01263,1.8026,0.0422929,-0.00338043,0.119374,0.479243,0.26922,3.49663,-4.08039,0.119385,1.78818,1.47037,0.0260872,0.0358433,0.119597,-0.0300013,4.95857e-08,0.120299,0.000678802,6.56497e-06,-0.000392355,1,0.00150642,-1.02995e-06,0.00386471,-0.0037358,0.0336101,-0.00407199,-0.00867765,0.0125597,-0.12358
1.398,0.813706,0.495025,2.25892,-3.63685,0.119595,2.01817,1.80756,0.0337095,-0.0172125,0.119372,0.480562,0.269961,3.55622,-4.18251,0.119395,1.7931,1.47442,0.0168485,0.0245353,0.119608,-0.0300013,4.95107e-08,0.120304,0.00068037,2.28115e-05,-0.000394399,1,0.00150812,-2.30704e-06,0.00426763,0.00312231,0.0324914,-0.0041117,0.00122292,0.0126213,0.402919
1.399,0.81594,0.496384,2.10243,-3.48576,0.119592,2.02371,1.81253,0.0454311,-0.0129402,0.119369,0.481882,0.270702,3.496,-4.11154,0.119406,1.79803,1.47847,0.0234986,0.0319365,0.119619,-0.0300013,4.94354e-08,0.12031,0.000681549,3.96655e-05,-0.000396434,1,0.00149605,-2.15664e-06,0.00431091,0.00234447,0.0337063,-0.00409261,-0.0128565,0.0135715,0.0432627
1.4,0.818175,0.497743,2.34558,-3.72577,0.119592,2.02925,1.81749,0.0398294,-0.0211459,0.119367,0.483201,0.271444,3.70243,-4.32843,0.119417,1.80295,1.48252,0.0173007,0.0220433,0.119631,-0.0300013,4.936e-08,0.120316,0.00068525,5.5937e-05,-0.000398488,1,0.00150012,-3.07598e-06,0.00513362,0.00738891,0.0325429,-0.00412884,0.00287604,0.0136556,0.822705
1.401,0.820409,0.499103,2.86819,-4.37821,0.119589,2.03479,1.82245,0.138829,-0.0162427,0.11937,0.484521,0.272185,5.534,-6.05913,0.119439,1.80788,1.48657,0.0648029,0.0767338,0.119647,-0.0300013,4.92842e-08,0.120326,0.000667547,7.91281e-05,-0.000400506,1,0.00153443,4.76751e-06,0.00932038,-0.0354235,0.0463655,-0.0040696,0.0320863,0.0265562,4.18674
1.402,0.822644,0.500462,2.09963,-3.6571,0.119591,2.04034,1.82742,-0.00346971,-0.018868,0.119372,0.485841,0.272926,2.78762,-3.47589,0.119455,1.8128,1.49062,-0.00876291,-0.0155984,0.119663,-0.0300013,4.92082e-08,0.120336,0.000668016,9.67346e-05,-0.000402594,1,0.00146551,-1.90423e-06,0.00879978,0.000923894,0.0352104,-0.00419966,-0.0707189,0.0056837,-0.520607
1.403,0.824878,0.501821,1.72561,-3.03616,0.119592,2.04588,1.83238,0.0219263,-0.0199939,0.119372,0.48716,0.273668,2.83872,-3.33205,0.119468,1.81772,1.49466,0.0167187,0.0214522,0.119677,-0.0300013,4.91319e-08,0.120344,0.000670814,0.000113677,-0.000404633,1,0.00144114,-2.75227e-06,0.00727994,0.00558426,0.0338854,-0.00410022,-0.02626,0.0102539,-1.51986
1.404,0.827113,0.503181,1.89258,-3.13176,0.119592,2.05142,1.83735,0.040104,-0.0133804,0.119371,0.48848,0.274409,3.23848,-3.69635,0.119481,1.82265,1.49871,0.0224467,0.0265566,0.119691,-0.0300013,4.90553e-08,0.120351,0.00067391,0.000131182,-0.00040667,1,0.00144896,-2.84247e-06,0.00651169,0.00617667,0.0350096,-0.00409691,0.00544618,0.0121018,-0.76826
1.405,0.829347,0.50454,1.86691,-3.12859,0.119591,2.05696,1.84231,0.0424978,-0.0102136,0.119368,0.489799,0.27515,3.22506,-3.71615,0.119493,1.82757,1.50276,0.0250554,0.027071,0.119705,-0.0300013,4.89784e-08,0.120358,0.000677799,0.000149331,-0.000408712,1,0.00144719,-3.11037e-06,0.00573391,0.00776393,0.036298,-0.00410828,-0.00447923,0.0119736,-0.777784
1.406,0.831581,0.505899,1.9476,-3.23362,0.119589,2.0625,1.84727,0.045355,-0.0146042,0.119366,0.491119,0.275891,3.33764,-3.83972,0.119505,1.83249,1.50681,0.025432,0.0260528,0.119718,-0.0300013,4.89013e-08,0.120364,0.000682006,0.000168003,-0.000410765,1,0.00144888,-3.20599e-06,0.00531001,0.00839976,0.0373436,-0.00412974,-0.00146518,0.0127072,-0.42391
1.407,0.833816,0.507259,1.81987,-3.1127,0.119586,2.06804,1.85224,0.0487525,-0.0118091,0.119362,0.492439,0.276633,3.19318,-3.71452,0.119517,1.83742,1.51086,0.02704,0.0282367,0.119731,-0.0300013,4.8824e-08,0.12037,0.000685358,0.000187545,-0.000412817,1,0.00143924,-2.88206e-06,0.00448007,0.00668823,0.0390838,-0.00412925,-0.0130178,0.0126236,-0.829949
1.408,0.83605,0.508618,1.98232,-3.30459,0.119583,2.07359,1.8572,0.0485254,-0.0151324,0.119357,0.493758,0.277374,3.43679,-3.94592,0.119529,1.84234,1.51491,0.027904,0.024733,0.119744,-0.0300013,4.87464e-08,0.120375,0.00068937,0.000207681,-0.000414883,1,0.00144391,-3.09958e-06,0.00433152,0.00800931,0.0402736,-0.00415733,0.000650964,0.0131053,-0.148564
1.409,0.838285,0.509977,1.90319,-3.2434,0.119579,2.07913,1.86216,0.0522752,-0.0130923,0.119352,0.495078,0.278115,3.39033,-3.91046,0.119541,1.84727,1.51896,0.0318535,0.0280376,0.119757,-0.0300013,4.86686e-08,0.12038,0.000693121,0.000228811,-0.000416948,1,0.00143605,-2.9886e-06,0.00401337,0.00748482,0.0422596,-0.00415881,-0.0122038,0.0132606,-0.318162
1.41,0.840519,0.511337,1.90933,-3.25507,0.119575,2.08467,1.86713,0.0522633,-0.0134676,0.119347,0.496398,0.278857,3.40365,-3.92808,0.119553,1.85219,1.52301,0.0324479,0.0268287,0.119771,-0.0300013,4.85905e-08,0.120385,0.000697017,0.000250877,-0.000419019,1,0.00143107,-3.02084e-06,0.00375318,0.00777404,0.0441326,-0.00417142,-0.00977414,0.0132743,-0.260201
1.411,0.842754,0.512696,1.95825,-3.29611,0.119571,2.09021,1.87209,0.04297,-0.0177598,0.11934,0.497717,0.279598,3.34246,-3.92518,0.119564,1.85711,1.52705,0.028622,0.0190156,0.119784,-0.0300013,4.85123e-08,0.120389,0.000703713,0.000272916,-0.000421104,1,0.00142685,-3.97355e-06,0.00357588,0.0133755,0.0440813,-0.00419625,-0.00948335,0.0125989,-0.177314
1.412,0.844988,0.514055,1.90034,-3.23475,0.119566,2.09575,1.87705,0.0539772,-0.0153864,0.119333,0.499037,0.280339,3.42374,-3.9755,0.119576,1.86204,1.5311,0.035655,0.0271227,0.119798,-0.0300013,4.84339e-08,0.120394,0.000710231,0.000296037,-0.000423183,1,0.00141966,-3.8815e-06,0.00338736,0.0130162,0.0462434,-0.00418785,-0.012896,0.0137505,-0.188532
1.413,0.847222,0.515415,1.82241,-3.11881,0.11956,2.1013,1.88202,0.0531237,-0.0157272,0.119326,0.500356,0.281081,3.23923,-3.82304,0.119587,1.86696,1.53515,0.0323527,0.024896,0.119811,-0.0300013,4.83553e-08,0.120398,0.000716334,0.000319981,-0.000425266,1,0.00140862,-3.70832e-06,0.00280838,0.012187,0.0478905,-0.00419494,-0.0169571,0.0133862,-0.579004
1.414,0.849457,0.516774,1.83103,-3.15263,0.119554,2.10684,1.88698,0.0502406,-0.015333,0.119317,0.501676,0.281822,3.26269,-3.83977,0.119598,1.87189,1.5392,0.0328116,0.0221656,0.119824,-0.0300013,4.82764e-08,0.120401,0.000723332,0.000344605,-0.000427356,1,0.00140414,-3.98481e-06,0.00231277,0.0139778,0.0492523,-0.00421105,-0.0109021,0.0131918,-0.495624
1.415,0.851691,0.518133,1.93846,-3.284,0.119547,2.11238,1.89194,0.056124,-0.0236358,0.119308,0.502996,0.282563,3.42159,-3.98508,0.119609,1.87681,1.54325,0.0323393,0.0214906,0.119838,-0.0300013,4.81974e-08,0.120404,0.000729689,0.000369784,-0.000429456,1,0.00140478,-3.73642e-06,0.00228696,0.0126931,0.0503593,-0.00423209,-0.0066036,0.0145246,-0.0258173
1.416,0.853926,0.519493,1.83,-3.20746,0.119539,2.11792,1.89691,0.0609863,-0.0147362,0.119299,0.504315,0.283304,3.40132,-3.98201,0.119621,1.88173,1.5473,0.0392302,0.0262473,0.119851,-0.0300013,4.81182e-08,0.120407,0.000735229,0.000396347,-0.000431551,1,0.00139526,-3.42864e-06,0.00206422,0.0110587,0.0531285,-0.00422453,-0.0171258,0.0143939,-0.222758
1.417,0.85616,0.520852,1.88241,-3.28049,0.119531,2.12346,1.90187,0.0559054,-0.0193539,0.119289,0.505635,0.284046,3.39773,-3.99948,0.119633,1.88666,1.55135,0.0368253,0.0208645,0.119865,-0.0300013,4.80388e-08,0.12041,0.000741433,0.000423614,-0.000433658,1,0.00139124,-3.6243e-06,0.00199787,0.0123871,0.0545366,-0.00424891,-0.0122756,0.0142458,-0.066376
1.418,0.858395,0.522211,1.75158,-3.12875,0.119522,2.129,1.90683,0.0582917,-0.0170842,0.119278,0.506955,0.284787,3.24432,-3.85351,0.119645,1.89158,1.5554,0.0380747,0.0241286,0.119879,-0.0300013,4.79592e-08,0.120413,0.000746943,0.000451988,-0.000435761,1,0.00137814,-3.36259e-06,0.00146968,0.0109972,0.0567491,-0.00424413,-0.0214967,0.0141126,-0.528212
1.419,0.860629,0.523571,1.82381,-3.2215,0.119513,2.13455,1.9118,0.0558101,-0.0188266,0.119267,0.508274,0.285528,3.33943,-3.94865,0.119657,1.8965,1.55944,0.0382752,0.0199854,0.119893,-0.0300013,4.78794e-08,0.120415,0.000753238,0.000481165,-0.000437874,1,0.00137641,-3.59455e-06,0.00125365,0.0125655,0.0583555,-0.00426509,-0.0109699,0.0142156,-0.21605
1.42,0.862863,0.52493,1.86518,-3.26262,0.119504,2.14009,1.91676,0.0525281,-0.0232406,0.119255,0.509594,0.28627,3.33613,-3.98589,0.119669,1.90143,1.56349,0.0370933,0.0158872,0.119907,-0.0300013,4.77994e-08,0.120418,0.000761245,0.000510626,-0.000439998,0.999999,0.00137229,-4.12613e-06,0.00118309,0.0159901,0.0589256,-0.00428353,-0.0140753,0.0142887,-0.0705784
1.421,0.865098,0.526289,1.73234,-3.12279,0.119493,2.14563,1.92173,0.0632305,-0.0184183,0.119242,0.510913,0.287011,3.28939,-3.92133,0.119681,1.90635,1.56754,0.0424732,0.0247939,0.119921,-0.0300013,4.77192e-08,0.12042,0.000767911,0.000541516,-0.000442112,0.999999,0.00136007,-3.64789e-06,0.000770162,0.0133073,0.061783,-0.00426861,-0.0224026,0.0148951,-0.412958
1.422,0.867332,0.527649,1.76131,-3.18458,0.119482,2.15117,1.92669,0.0524005,-0.0206538,0.119229,0.512233,0.287752,3.19908,-3.87942,0.119692,1.91128,1.57159,0.0377637,0.0150905,0.119936,-0.0300014,4.76388e-08,0.120421,0.000776409,0.000572782,-0.000444241,0.999999,0.00135464,-4.20718e-06,0.000371523,0.0169705,0.0625372,-0.00429644,-0.016217,0.0140453,-0.398662
1.423,0.869567,0.529008,1.80445,-3.27115,0.119472,2.15671,1.93165,0.055988,-0.0238371,0.119215,0.513553,0.288494,3.32606,-4.00078,0.119704,1.9162,1.57564,0.0409233,0.0160449,0.11995,-0.0300014,4.75582e-08,0.120422,0.000786118,0.00060462,-0.000446376,0.999999,0.00135233,-4.55495e-06,0.000289871,0.0193924,0.0636806,-0.00430868,-0.0140829,0.0149402,-0.0816729
1.424,0.871801,0.530367,1.89518,-3.34935,0.119461,2.16226,1.93662,0.0593299,-0.0279236,0.119201,0.514872,0.289235,3.45467,-4.15391,0.119716,1.92112,1.57969,0.0421629,0.0141633,0.119966,-0.0300014,4.74774e-08,0.120424,0.000797007,0.000636886,-0.000448519,0.999999,0.00135078,-4.88376e-06,0.000618127,0.0217512,0.0645382,-0.00432427,-0.0144739,0.0158246,0.328233
1.425,0.874036,0.531727,1.81507,-3.25544,0.11945,2.1678,1.94158,0.0632896,-0.0254267,0.119187,0.516192,0.289976,3.38458,-4.09489,0.119728,1.92605,1.58374,0.0443496,0.0171067,0.119981,-0.0300014,4.73963e-08,0.120426,0.000808063,0.000669968,-0.000450661,0.999999,0.00133924,-4.88154e-06,0.00071061,0.0220862,0.06617,-0.00432149,-0.024811,0.0159895,0.0924453
1.426,0.87627,0.533086,1.85165,-3.26843,0.11944,2.17334,1.94654,0.0563253,-0.0254463,0.119172,0.517512,0.290718,3.38071,-4.12009,0.11974,1.93097,1.58779,0.0442548,0.0112003,0.119998,-0.0300014,4.73151e-08,0.120428,0.000821662,0.00070335,-0.000452812,0.999999,0.00133304,-5.62693e-06,0.000909137,0.0271715,0.0667742,-0.00433887,-0.0202891,0.01569,0.198497
1.427,0.878504,0.534445,1.94365,-3.36555,0.119431,2.17888,1.95151,0.0589519,-0.0327475,0.119158,0.518831,0.291459,3.50512,-4.25713,0.119753,1.9359,1.59183,0.04457,0.00932046,0.120015,-0.0300014,4.72336e-08,0.120431,0.00083736,0.000736802,-0.000454975,0.999999,0.0013309,-6.21572e-06,0.00152294,0.0313688,0.0669147,-0.0043573,-0.0175014,0.0168593,0.613775
1.428,0.880739,0.535805,1.59138,-3.00608,0.11942,2.18442,1.95647,0.0713687,-0.0163093,0.119142,0.520151,0.2922,3.21621,-3.948,0.119766,1.94082,1.59588,0.0523558,0.0258945,0.120033,-0.0300014,4.71519e-08,0.120433,0.000851101,0.000772334,-0.000457114,0.999999,0.00130563,-5.52451e-06,0.000968241,0.0274526,0.0710712,-0.00431768,-0.0395774,0.0164158,-0.554764
1.429,0.882973,0.537164,1.60419,-3.04316,0.119407,2.18997,1.96143,0.0663802,-0.019478,0.119126,0.52147,0.292941,3.14762,-3.86695,0.119779,1.94574,1.59993,0.0469989,0.0199045,0.12005,-0.0300014,4.70701e-08,0.120435,0.00086397,0.000809305,-0.000459266,0.999999,0.00129919,-5.18589e-06,0.000353961,0.0257068,0.0739516,-0.00434757,-0.0213366,0.0162155,-0.614317
1.43,0.885208,0.538523,2.64381,-4.3506,0.119394,2.19551,1.9664,0.193861,-0.0463547,0.119115,0.52279,0.293683,5.58807,-6.79435,0.119805,1.95067,1.60398,0.0968183,0.0702014,0.120072,-0.0300014,4.69879e-08,0.120441,0.000854484,0.000854727,-0.000461394,0.999999,0.0013765,1.76151e-06,0.00558587,-0.0190101,0.0908307,-0.00434977,0.0515763,0.0327122,5.23198
1.431,0.887442,0.539883,1.92798,-3.71432,0.119387,2.20105,1.97136,-0.0195719,-0.0415931,0.119103,0.52411,0.294424,2.57242,-3.56646,0.119822,1.95559,1.60803,0.0108739,-0.0617039,0.120095,-0.0300014,4.69055e-08,0.120448,0.00086965,0.000891837,-0.000463651,0.999999,0.0012924,-5.83479e-06,0.0056465,0.0303023,0.0742307,-0.00455092,-0.101701,0.00948641,0.0604635
1.432,0.889677,0.541242,1.62848,-3.1241,0.119381,2.20659,1.97632,0.0257317,-0.0417429,0.119091,0.525429,0.295165,2.8952,-3.62618,0.119838,1.96051,1.61208,0.0371095,-0.00531119,0.120118,-0.0300014,4.68228e-08,0.120454,0.000890987,0.000927192,-0.000465842,0.999999,0.00126589,-7.60542e-06,0.00502017,0.0426441,0.0707265,-0.00440541,-0.043548,0.014562,-0.626405
1.433,0.891911,0.542601,1.57773,-2.93954,0.119375,2.21213,1.98129,0.0489633,-0.0296178,0.119077,0.526749,0.295907,2.95531,-3.71362,0.119853,1.96544,1.61613,0.0423463,0.00695844,0.12014,-0.0300014,4.67398e-08,0.12046,0.000914336,0.000962625,-0.000468015,0.999999,0.00125785,-8.08493e-06,0.00421218,0.046669,0.0708836,-0.00436605,-0.0253747,0.0159666,-0.808032
1.434,0.894145,0.543961,1.63364,-2.98885,0.119368,2.21767,1.98625,0.0628279,-0.0315376,0.119062,0.528068,0.296648,3.10985,-3.84629,0.119867,1.97036,1.62018,0.0440298,0.0107031,0.120162,-0.0300014,4.66566e-08,0.120465,0.000937349,0.000998668,-0.000470193,0.999999,0.00125827,-7.86073e-06,0.00372402,0.045996,0.0721029,-0.00437891,-0.0182144,0.0176914,-0.488195
1.435,0.89638,0.54532,1.67007,-3.06712,0.119361,2.22322,1.99122,0.0592276,-0.0349925,0.119048,0.529388,0.297389,3.08845,-3.8677,0.119881,1.97529,1.62422,0.0411943,0.00381765,0.120183,-0.0300014,4.6573e-08,0.120469,0.000961505,0.00103459,-0.000472389,0.999999,0.0012561,-8.07695e-06,0.00338573,0.0482843,0.0718632,-0.00440995,-0.0217762,0.0179867,-0.338328
1.436,0.898614,0.546679,1.77714,-3.23199,0.119352,2.22876,1.99618,0.0976521,-0.0436319,0.119034,0.530708,0.298131,3.61058,-4.21975,0.119897,1.98021,1.62827,0.0503057,0.0215097,0.120205,-0.0300014,4.64891e-08,0.120475,0.000978821,0.00107247,-0.000474579,0.999999,0.00126104,-5.95078e-06,0.00396372,0.0346007,0.0757754,-0.00441706,-0.0173475,0.022456,0.577951
1.437,0.900849,0.548039,1.68399,-3.18637,0.119344,2.2343,2.00114,0.0605618,-0.0366887,0.11902,0.532027,0.298872,3.13956,-3.86956,0.119913,1.98513,1.63232,0.0406932,-0.0033304,0.120227,-0.0300014,4.64048e-08,0.12048,0.000998704,0.00110965,-0.000476794,0.999999,0.00124563,-6.6075e-06,0.0038798,0.0397358,0.0743642,-0.00446052,-0.037003,0.0187453,-0.0839966
1.438,0.903083,0.549398,1.68568,-3.18285,0.119337,2.23984,2.00611,0.0688112,-0.0434654,0.119006,0.533347,0.299613,3.24435,-3.93313,0.119929,1.99006,1.63637,0.0437054,0.00362184,0.120249,-0.0300014,4.63201e-08,0.120485,0.00101816,0.00114679,-0.000479009,0.999999,0.00123914,-6.37788e-06,0.00393361,0.0388855,0.0743055,-0.00446049,-0.0291288,0.0202984,0.0537473
1.439,0.905318,0.550757,1.65408,-3.15312,0.119329,2.24538,2.01107,0.0697929,-0.0424964,0.118992,0.534667,0.300355,3.20209,-3.89908,0.119944,1.99498,1.64042,0.0435424,0.00280007,0.120271,-0.0300014,4.6235e-08,0.12049,0.00103724,0.00118391,-0.000481226,0.999999,0.00123023,-6.16341e-06,0.00389376,0.0381189,0.0742504,-0.00446708,-0.032049,0.0204626,-0.0399179
1.44,0.907552,0.552117,1.63224,-3.13294,0.119321,2.25093,2.01603,0.0698512,-0.0434808,0.118978,0.535986,0.301096,3.16721,-3.86657,0.11996,1.9999,1.64447,0.0430817,0.00197876,0.120292,-0.0300014,4.61495e-08,0.120495,0.00105587,0.00122094,-0.000483448,0.999999,0.00122173,-5.93624e-06,0.00378798,0.0372428,0.0740708,-0.00447602,-0.0322079,0.0207003,-0.105854
1.441,0.909787,0.553476,1.6007,-3.09836,0.119312,2.25647,2.021,0.0733412,-0.0424431,0.118964,0.537306,0.301837,3.17323,-3.8613,0.119976,2.00483,1.64852,0.0451001,0.00407849,0.120314,-0.0300014,4.60635e-08,0.1205,0.0010734,0.00125821,-0.00048567,0.999999,0.00121332,-5.52239e-06,0.00363419,0.035017,0.0745535,-0.00447999,-0.0327181,0.0211237,-0.153866
1.442,0.912021,0.554835,1.58578,-3.09217,0.119304,2.26201,2.02596,0.0672538,-0.0432464,0.118949,0.538625,0.302578,3.09508,-3.80063,0.119991,2.00975,1.65257,0.0433807,-0.000833923,0.120335,-0.0300014,4.59771e-08,0.120505,0.00109124,0.00129521,-0.0004879,0.999998,0.0012049,-5.51642e-06,0.00339159,0.0356651,0.0740192,-0.00449582,-0.0332108,0.0208664,-0.242679
